,average,median,max,min
easy,129.6451612903226,115.0,540.0,53.0
medium,166.6078431372549,131.0,1041.0,72.0
hard,164.90196078431373,132.0,540.0,42.0
