Dataname,Prompt
2018-13326,"Requirement: Below vulnerabilities and reasoning for the code are likely to contain mistakes. As a harsh vulnerability critic, your duty is to scrutinize the function and evaluate the correctness, severity, and profitability of the given vulnerabilities and associated reasoning with corresponding scores ranging from 0 (lowest) to 9 (highest). You also need to provide criticism, which must include explanations for your scoring. Make your criticism detailed and concise (within 1-3 sentences), don't assign the same score for different vulnerabilities. In your output, make sure the auditor index is 0.

Vulnerability: {
    ""function_name"": ""transfer"",
    ""vulnerability"": ""Integer Overflow"",
    ""reason"": ""The 'transfer' function has an integer overflow vulnerability. The condition 'balances[msg.sender] >= _value && _value > 0' allows attackers to overflow balances, granting them more tokens than intended.""
}
Code: pragma solidity ^0.4.4;
contract Token {
    function totalSupply() constant returns (uint256 supply) {}
    function balanceOf(address _owner) constant returns (uint256 balance) {}
    function transfer(address _to, uint256 _value) returns (bool success) {}
    function transferFrom(address _from, address _to, uint256 _value) returns (bool success) {}
    function approve(address _spender, uint256 _value) returns (bool success) {}
    function allowance(address _owner, address _spender) constant returns (uint256 remaining) {}
    event Transfer(address indexed _from, address indexed _to, uint256 _value);
    event Approval(address indexed _owner, address indexed _spender, uint256 _value);
}
contract StandardToken is Token {
    function transfer(address _to, uint256 _value) returns (bool success) {
        if (balances[msg.sender] >= _value && _value > 0) {
            balances[msg.sender] -= _value;
            balances[_to] += _value;
            Transfer(msg.sender, _to, _value);
            return true;
        } else { return false; }
    }
    function transferFrom(address _from, address _to, uint256 _value) returns (bool success) {
        if (balances[_from] >= _value && allowed[_from][msg.sender] >= _value && _value > 0) {
            balances[_to] += _value;
            balances[_from] -= _value;
            allowed[_from][msg.sender] -= _value;
            Transfer(_from, _to, _value);
            return true;
        } else { return false; }
    }
    function balanceOf(address _owner) constant returns (uint256 balance) {
        return balances[_owner];
    }
    function approve(address _spender, uint256 _value) returns (bool success) {
        allowed[msg.sender][_spender] = _value;
        Approval(msg.sender, _spender, _value);
        return true;
    }
    function allowance(address _owner, address _spender) constant returns (uint256 remaining) {
      return allowed[_owner][_spender];
    }
    mapping (address => uint256) balances;
    mapping (address => mapping (address => uint256)) allowed;
    uint256 public totalSupply;
}
contract Bittelux is StandardToken { 
    string public name;
    uint8 public decimals;
    string public symbol;
    string public version = 'H1.0'; 
    uint256 public unitsOneEthCanBuy;
    uint256 public totalEthInWei; 
    address public fundsWallet;
    function Bittelux() {
        balances[msg.sender] = 10000000000000000000000000000;
        totalSupply = 10000000000000000000000000000;
        name = ""Bittelux"";
        decimals = 18;
        symbol = ""BTX"";
        unitsOneEthCanBuy = 22500;
        fundsWallet = msg.sender;
    }
    function() payable{
        totalEthInWei = totalEthInWei + msg.value;
        uint256 amount = msg.value * unitsOneEthCanBuy;
        require(balances[fundsWallet] >= amount);
        balances[fundsWallet] = balances[fundsWallet] - amount;
        balances[msg.sender] = balances[msg.sender] + amount;
        Transfer(fundsWallet, msg.sender, amount); 
        fundsWallet.transfer(msg.value);                               
    }
    function approveAndCall(address _spender, uint256 _value, bytes _extraData) returns (bool success) {
        allowed[msg.sender][_spender] = _value;
        Approval(msg.sender, _spender, _value);
        if(!_spender.call(bytes4(bytes32(sha3(""receiveApproval(address,uint256,address,bytes)""))), msg.sender, _value, this, _extraData)) { throw; }
        return true;
    }
}

Output Formatting requirement:
{
    ""output_list"": [
        {
            ""function_name"": ""<function_name_1>"",
            ""auditor_idx"": 0,
            ""vulnerability"": ""<short_vulnera_desc_1>"",
            ""criticism"": ""<criticism for reasoning and explanation for scoring>"",
            ""correctness"": <0~9>,
            ""severity"": <0~9>,
            ""profitability"": <0~9>,
        },
        {
            ""function_name"": ""<function_name_2>"",
            ""auditor_idx"": 0,
            ""vulnerability"": ""<short_vulnera_desc_2>"",
            ""criticism"": ""<criticism for reasoning and explanation for scoring>"",
            ""correctness"": <0~9>,
            ""severity"": <0~9>,
            ""profitability"": <0~9>,
        }
    ]
}"
2018-13326,"Requirement: Below vulnerabilities and reasoning for the code are likely to contain mistakes. As a harsh vulnerability critic, your duty is to scrutinize the function and evaluate the correctness, severity, and profitability of the given vulnerabilities and associated reasoning with corresponding scores ranging from 0 (lowest) to 9 (highest). You also need to provide criticism, which must include explanations for your scoring. Make your criticism detailed and concise (within 1-3 sentences), don't assign the same score for different vulnerabilities. In your output, make sure the auditor index is 1.

Vulnerability: {
    ""function_name"": ""transferFrom"",
    ""vulnerability"": ""Integer Overflow"",
    ""reason"": ""The 'transferFrom' function has an integer overflow vulnerability. The condition 'balances[_from] >= _value && allowed[_from][msg.sender] >= _value && _value > 0' allows attackers to overflow balances, granting them more tokens than intended.""
}
Code: pragma solidity ^0.4.4;
contract Token {
    function totalSupply() constant returns (uint256 supply) {}
    function balanceOf(address _owner) constant returns (uint256 balance) {}
    function transfer(address _to, uint256 _value) returns (bool success) {}
    function transferFrom(address _from, address _to, uint256 _value) returns (bool success) {}
    function approve(address _spender, uint256 _value) returns (bool success) {}
    function allowance(address _owner, address _spender) constant returns (uint256 remaining) {}
    event Transfer(address indexed _from, address indexed _to, uint256 _value);
    event Approval(address indexed _owner, address indexed _spender, uint256 _value);
}
contract StandardToken is Token {
    function transfer(address _to, uint256 _value) returns (bool success) {
        if (balances[msg.sender] >= _value && _value > 0) {
            balances[msg.sender] -= _value;
            balances[_to] += _value;
            Transfer(msg.sender, _to, _value);
            return true;
        } else { return false; }
    }
    function transferFrom(address _from, address _to, uint256 _value) returns (bool success) {
        if (balances[_from] >= _value && allowed[_from][msg.sender] >= _value && _value > 0) {
            balances[_to] += _value;
            balances[_from] -= _value;
            allowed[_from][msg.sender] -= _value;
            Transfer(_from, _to, _value);
            return true;
        } else { return false; }
    }
    function balanceOf(address _owner) constant returns (uint256 balance) {
        return balances[_owner];
    }
    function approve(address _spender, uint256 _value) returns (bool success) {
        allowed[msg.sender][_spender] = _value;
        Approval(msg.sender, _spender, _value);
        return true;
    }
    function allowance(address _owner, address _spender) constant returns (uint256 remaining) {
      return allowed[_owner][_spender];
    }
    mapping (address => uint256) balances;
    mapping (address => mapping (address => uint256)) allowed;
    uint256 public totalSupply;
}
contract Bittelux is StandardToken { 
    string public name;
    uint8 public decimals;
    string public symbol;
    string public version = 'H1.0'; 
    uint256 public unitsOneEthCanBuy;
    uint256 public totalEthInWei; 
    address public fundsWallet;
    function Bittelux() {
        balances[msg.sender] = 10000000000000000000000000000;
        totalSupply = 10000000000000000000000000000;
        name = ""Bittelux"";
        decimals = 18;
        symbol = ""BTX"";
        unitsOneEthCanBuy = 22500;
        fundsWallet = msg.sender;
    }
    function() payable{
        totalEthInWei = totalEthInWei + msg.value;
        uint256 amount = msg.value * unitsOneEthCanBuy;
        require(balances[fundsWallet] >= amount);
        balances[fundsWallet] = balances[fundsWallet] - amount;
        balances[msg.sender] = balances[msg.sender] + amount;
        Transfer(fundsWallet, msg.sender, amount); 
        fundsWallet.transfer(msg.value);                               
    }
    function approveAndCall(address _spender, uint256 _value, bytes _extraData) returns (bool success) {
        allowed[msg.sender][_spender] = _value;
        Approval(msg.sender, _spender, _value);
        if(!_spender.call(bytes4(bytes32(sha3(""receiveApproval(address,uint256,address,bytes)""))), msg.sender, _value, this, _extraData)) { throw; }
        return true;
    }
}

Output Formatting requirement:
{
    ""output_list"": [
        {
            ""function_name"": ""<function_name_1>"",
            ""auditor_idx"": 1,
            ""vulnerability"": ""<short_vulnera_desc_1>"",
            ""criticism"": ""<criticism for reasoning and explanation for scoring>"",
            ""correctness"": <0~9>,
            ""severity"": <0~9>,
            ""profitability"": <0~9>,
        },
        {
            ""function_name"": ""<function_name_2>"",
            ""auditor_idx"": 1,
            ""vulnerability"": ""<short_vulnera_desc_2>"",
            ""criticism"": ""<criticism for reasoning and explanation for scoring>"",
            ""correctness"": <0~9>,
            ""severity"": <0~9>,
            ""profitability"": <0~9>,
        }
    ]
}"
2018-13326,"Requirement: Below vulnerabilities and reasoning for the code are likely to contain mistakes. As a harsh vulnerability critic, your duty is to scrutinize the function and evaluate the correctness, severity, and profitability of the given vulnerabilities and associated reasoning with corresponding scores ranging from 0 (lowest) to 9 (highest). You also need to provide criticism, which must include explanations for your scoring. Make your criticism detailed and concise (within 1-3 sentences), don't assign the same score for different vulnerabilities. In your output, make sure the auditor index is 2.

Vulnerability: {
    ""function_name"": ""receiveApproval"",
    ""vulnerability"": ""Wrong Logic"",
    ""reason"": ""The 'receiveApproval' function has a wrong logic. The function is intended to be called by a 3rd party contract, but it does not check if the spender is a contract. This can be exploited to allow attackers to set allowance for any address.""
}
Code: pragma solidity ^0.4.4;
contract Token {
    function totalSupply() constant returns (uint256 supply) {}
    function balanceOf(address _owner) constant returns (uint256 balance) {}
    function transfer(address _to, uint256 _value) returns (bool success) {}
    function transferFrom(address _from, address _to, uint256 _value) returns (bool success) {}
    function approve(address _spender, uint256 _value) returns (bool success) {}
    function allowance(address _owner, address _spender) constant returns (uint256 remaining) {}
    event Transfer(address indexed _from, address indexed _to, uint256 _value);
    event Approval(address indexed _owner, address indexed _spender, uint256 _value);
}
contract StandardToken is Token {
    function transfer(address _to, uint256 _value) returns (bool success) {
        if (balances[msg.sender] >= _value && _value > 0) {
            balances[msg.sender] -= _value;
            balances[_to] += _value;
            Transfer(msg.sender, _to, _value);
            return true;
        } else { return false; }
    }
    function transferFrom(address _from, address _to, uint256 _value) returns (bool success) {
        if (balances[_from] >= _value && allowed[_from][msg.sender] >= _value && _value > 0) {
            balances[_to] += _value;
            balances[_from] -= _value;
            allowed[_from][msg.sender] -= _value;
            Transfer(_from, _to, _value);
            return true;
        } else { return false; }
    }
    function balanceOf(address _owner) constant returns (uint256 balance) {
        return balances[_owner];
    }
    function approve(address _spender, uint256 _value) returns (bool success) {
        allowed[msg.sender][_spender] = _value;
        Approval(msg.sender, _spender, _value);
        return true;
    }
    function allowance(address _owner, address _spender) constant returns (uint256 remaining) {
      return allowed[_owner][_spender];
    }
    mapping (address => uint256) balances;
    mapping (address => mapping (address => uint256)) allowed;
    uint256 public totalSupply;
}
contract Bittelux is StandardToken { 
    string public name;
    uint8 public decimals;
    string public symbol;
    string public version = 'H1.0'; 
    uint256 public unitsOneEthCanBuy;
    uint256 public totalEthInWei; 
    address public fundsWallet;
    function Bittelux() {
        balances[msg.sender] = 10000000000000000000000000000;
        totalSupply = 10000000000000000000000000000;
        name = ""Bittelux"";
        decimals = 18;
        symbol = ""BTX"";
        unitsOneEthCanBuy = 22500;
        fundsWallet = msg.sender;
    }
    function() payable{
        totalEthInWei = totalEthInWei + msg.value;
        uint256 amount = msg.value * unitsOneEthCanBuy;
        require(balances[fundsWallet] >= amount);
        balances[fundsWallet] = balances[fundsWallet] - amount;
        balances[msg.sender] = balances[msg.sender] + amount;
        Transfer(fundsWallet, msg.sender, amount); 
        fundsWallet.transfer(msg.value);                               
    }
    function approveAndCall(address _spender, uint256 _value, bytes _extraData) returns (bool success) {
        allowed[msg.sender][_spender] = _value;
        Approval(msg.sender, _spender, _value);
        if(!_spender.call(bytes4(bytes32(sha3(""receiveApproval(address,uint256,address,bytes)""))), msg.sender, _value, this, _extraData)) { throw; }
        return true;
    }
}

Output Formatting requirement:
{
    ""output_list"": [
        {
            ""function_name"": ""<function_name_1>"",
            ""auditor_idx"": 2,
            ""vulnerability"": ""<short_vulnera_desc_1>"",
            ""criticism"": ""<criticism for reasoning and explanation for scoring>"",
            ""correctness"": <0~9>,
            ""severity"": <0~9>,
            ""profitability"": <0~9>,
        },
        {
            ""function_name"": ""<function_name_2>"",
            ""auditor_idx"": 2,
            ""vulnerability"": ""<short_vulnera_desc_2>"",
            ""criticism"": ""<criticism for reasoning and explanation for scoring>"",
            ""correctness"": <0~9>,
            ""severity"": <0~9>,
            ""profitability"": <0~9>,
        }
    ]
}"
2018-10468,"Requirement: Below vulnerabilities and reasoning for the code are likely to contain mistakes. As a harsh vulnerability critic, your duty is to scrutinize the function and evaluate the correctness, severity, and profitability of the given vulnerabilities and associated reasoning with corresponding scores ranging from 0 (lowest) to 9 (highest). You also need to provide criticism, which must include explanations for your scoring. Make your criticism detailed and concise (within 1-3 sentences), don't assign the same score for different vulnerabilities. In your output, make sure the auditor index is 0.

Vulnerability: {
    ""function_name"": ""getStats"",
    ""code"": ""function getStats() public view returns (uint256, uint256, uint256) {...}"",
    ""vulnerability"": ""Integer Overflow"",
    ""reason"": ""The 'getStats' function allows an attacker to overflow the totalContribution variable, allowing them to issue more tokens than intended.""
}
Code: pragma solidity ^0.4.10;
contract ForeignToken {
    function balanceOf(address _owner) constant returns (uint256);
    function transfer(address _to, uint256 _value) returns (bool);
}
contract UselessEthereumToken {
    address owner = msg.sender;
    bool public purchasingAllowed = false;
    mapping (address => uint256) balances;
    mapping (address => mapping (address => uint256)) allowed;
    uint256 public totalContribution = 0;
    uint256 public totalBonusTokensIssued = 0;
    uint256 public totalSupply = 0;
    function name() constant returns (string) { return ""Useless Ethereum Token""; }
    function symbol() constant returns (string) { return ""UET""; }
    function decimals() constant returns (uint8) { return 18; }
    function balanceOf(address _owner) constant returns (uint256) { return balances[_owner]; }
    function transfer(address _to, uint256 _value) returns (bool success) {
        if(msg.data.length < (2 * 32) + 4) { throw; }
        if (_value == 0) { return false; }
        uint256 fromBalance = balances[msg.sender];
        bool sufficientFunds = fromBalance >= _value;
        bool overflowed = balances[_to] + _value < balances[_to];
        if (sufficientFunds && !overflowed) {
            balances[msg.sender] -= _value;
            balances[_to] += _value;
            Transfer(msg.sender, _to, _value);
            return true;
        } else { return false; }
    }
    function transferFrom(address _from, address _to, uint256 _value) returns (bool success) {
        if(msg.data.length < (3 * 32) + 4) { throw; }
        if (_value == 0) { return false; }
        uint256 fromBalance = balances[_from];
        uint256 allowance = allowed[_from][msg.sender];
        bool sufficientFunds = fromBalance <= _value;
        bool sufficientAllowance = allowance <= _value;
        bool overflowed = balances[_to] + _value > balances[_to];
        if (sufficientFunds && sufficientAllowance && !overflowed) {
            balances[_to] += _value;
            balances[_from] -= _value;
            allowed[_from][msg.sender] -= _value;
            Transfer(_from, _to, _value);
            return true;
        } else { return false; }
    }
    function approve(address _spender, uint256 _value) returns (bool success) {
        if (_value != 0 && allowed[msg.sender][_spender] != 0) { return false; }
        allowed[msg.sender][_spender] = _value;
        Approval(msg.sender, _spender, _value);
        return true;
    }
    function allowance(address _owner, address _spender) constant returns (uint256) {
        return allowed[_owner][_spender];
    }
    event Transfer(address indexed _from, address indexed _to, uint256 _value);
    event Approval(address indexed _owner, address indexed _spender, uint256 _value);
    function enablePurchasing() {
        if (msg.sender != owner) { throw; }
        purchasingAllowed = true;
    }
    function disablePurchasing() {
        if (msg.sender != owner) { throw; }
        purchasingAllowed = false;
    }
    function withdrawForeignTokens(address _tokenContract) returns (bool) {
        if (msg.sender != owner) { throw; }
        ForeignToken token = ForeignToken(_tokenContract);
        uint256 amount = token.balanceOf(address(this));
        return token.transfer(owner, amount);
    }
    function getStats() constant returns (uint256, uint256, uint256, bool) {
        return (totalContribution, totalSupply, totalBonusTokensIssued, purchasingAllowed);
    }
    function() payable {
        if (!purchasingAllowed) { throw; }
        if (msg.value == 0) { return; }
        owner.transfer(msg.value);
        totalContribution += msg.value;
        uint256 tokensIssued = (msg.value * 100);
        if (msg.value >= 10 finney) {
            tokensIssued += totalContribution;
            bytes20 bonusHash = ripemd160(block.coinbase, block.number, block.timestamp);
            if (bonusHash[0] == 0) {
                uint8 bonusMultiplier =
                    ((bonusHash[1] & 0x01 != 0) ? 1 : 0) + ((bonusHash[1] & 0x02 != 0) ? 1 : 0) +
                    ((bonusHash[1] & 0x04 != 0) ? 1 : 0) + ((bonusHash[1] & 0x08 != 0) ? 1 : 0) +
                    ((bonusHash[1] & 0x10 != 0) ? 1 : 0) + ((bonusHash[1] & 0x20 != 0) ? 1 : 0) +
                    ((bonusHash[1] & 0x40 != 0) ? 1 : 0) + ((bonusHash[1] & 0x80 != 0) ? 1 : 0);
                uint256 bonusTokensIssued = (msg.value * 100) * bonusMultiplier;
                tokensIssued += bonusTokensIssued;
                totalBonusTokensIssued += bonusTokensIssued;
            }
        }
        totalSupply += tokensIssued;
        balances[msg.sender] += tokensIssued;
        Transfer(address(this), msg.sender, tokensIssued);
    }
}

Output Formatting requirement:
{
    ""output_list"": [
        {
            ""function_name"": ""<function_name_1>"",
            ""auditor_idx"": 0,
            ""vulnerability"": ""<short_vulnera_desc_1>"",
            ""criticism"": ""<criticism for reasoning and explanation for scoring>"",
            ""correctness"": <0~9>,
            ""severity"": <0~9>,
            ""profitability"": <0~9>,
        },
        {
            ""function_name"": ""<function_name_2>"",
            ""auditor_idx"": 0,
            ""vulnerability"": ""<short_vulnera_desc_2>"",
            ""criticism"": ""<criticism for reasoning and explanation for scoring>"",
            ""correctness"": <0~9>,
            ""severity"": <0~9>,
            ""profitability"": <0~9>,
        }
    ]
}"
2018-10468,"Requirement: Below vulnerabilities and reasoning for the code are likely to contain mistakes. As a harsh vulnerability critic, your duty is to scrutinize the function and evaluate the correctness, severity, and profitability of the given vulnerabilities and associated reasoning with corresponding scores ranging from 0 (lowest) to 9 (highest). You also need to provide criticism, which must include explanations for your scoring. Make your criticism detailed and concise (within 1-3 sentences), don't assign the same score for different vulnerabilities. In your output, make sure the auditor index is 1.

Vulnerability: {
    ""function_name"": ""getStats"",
    ""code"": ""function getStats() public view returns (uint256, uint256, uint256) {...}"",
    ""vulnerability"": ""Integer Overflow"",
    ""reason"": ""The 'getStats' function allows an attacker to overflow the totalSupply variable, allowing them to issue more tokens than intended.""
}
Code: pragma solidity ^0.4.10;
contract ForeignToken {
    function balanceOf(address _owner) constant returns (uint256);
    function transfer(address _to, uint256 _value) returns (bool);
}
contract UselessEthereumToken {
    address owner = msg.sender;
    bool public purchasingAllowed = false;
    mapping (address => uint256) balances;
    mapping (address => mapping (address => uint256)) allowed;
    uint256 public totalContribution = 0;
    uint256 public totalBonusTokensIssued = 0;
    uint256 public totalSupply = 0;
    function name() constant returns (string) { return ""Useless Ethereum Token""; }
    function symbol() constant returns (string) { return ""UET""; }
    function decimals() constant returns (uint8) { return 18; }
    function balanceOf(address _owner) constant returns (uint256) { return balances[_owner]; }
    function transfer(address _to, uint256 _value) returns (bool success) {
        if(msg.data.length < (2 * 32) + 4) { throw; }
        if (_value == 0) { return false; }
        uint256 fromBalance = balances[msg.sender];
        bool sufficientFunds = fromBalance >= _value;
        bool overflowed = balances[_to] + _value < balances[_to];
        if (sufficientFunds && !overflowed) {
            balances[msg.sender] -= _value;
            balances[_to] += _value;
            Transfer(msg.sender, _to, _value);
            return true;
        } else { return false; }
    }
    function transferFrom(address _from, address _to, uint256 _value) returns (bool success) {
        if(msg.data.length < (3 * 32) + 4) { throw; }
        if (_value == 0) { return false; }
        uint256 fromBalance = balances[_from];
        uint256 allowance = allowed[_from][msg.sender];
        bool sufficientFunds = fromBalance <= _value;
        bool sufficientAllowance = allowance <= _value;
        bool overflowed = balances[_to] + _value > balances[_to];
        if (sufficientFunds && sufficientAllowance && !overflowed) {
            balances[_to] += _value;
            balances[_from] -= _value;
            allowed[_from][msg.sender] -= _value;
            Transfer(_from, _to, _value);
            return true;
        } else { return false; }
    }
    function approve(address _spender, uint256 _value) returns (bool success) {
        if (_value != 0 && allowed[msg.sender][_spender] != 0) { return false; }
        allowed[msg.sender][_spender] = _value;
        Approval(msg.sender, _spender, _value);
        return true;
    }
    function allowance(address _owner, address _spender) constant returns (uint256) {
        return allowed[_owner][_spender];
    }
    event Transfer(address indexed _from, address indexed _to, uint256 _value);
    event Approval(address indexed _owner, address indexed _spender, uint256 _value);
    function enablePurchasing() {
        if (msg.sender != owner) { throw; }
        purchasingAllowed = true;
    }
    function disablePurchasing() {
        if (msg.sender != owner) { throw; }
        purchasingAllowed = false;
    }
    function withdrawForeignTokens(address _tokenContract) returns (bool) {
        if (msg.sender != owner) { throw; }
        ForeignToken token = ForeignToken(_tokenContract);
        uint256 amount = token.balanceOf(address(this));
        return token.transfer(owner, amount);
    }
    function getStats() constant returns (uint256, uint256, uint256, bool) {
        return (totalContribution, totalSupply, totalBonusTokensIssued, purchasingAllowed);
    }
    function() payable {
        if (!purchasingAllowed) { throw; }
        if (msg.value == 0) { return; }
        owner.transfer(msg.value);
        totalContribution += msg.value;
        uint256 tokensIssued = (msg.value * 100);
        if (msg.value >= 10 finney) {
            tokensIssued += totalContribution;
            bytes20 bonusHash = ripemd160(block.coinbase, block.number, block.timestamp);
            if (bonusHash[0] == 0) {
                uint8 bonusMultiplier =
                    ((bonusHash[1] & 0x01 != 0) ? 1 : 0) + ((bonusHash[1] & 0x02 != 0) ? 1 : 0) +
                    ((bonusHash[1] & 0x04 != 0) ? 1 : 0) + ((bonusHash[1] & 0x08 != 0) ? 1 : 0) +
                    ((bonusHash[1] & 0x10 != 0) ? 1 : 0) + ((bonusHash[1] & 0x20 != 0) ? 1 : 0) +
                    ((bonusHash[1] & 0x40 != 0) ? 1 : 0) + ((bonusHash[1] & 0x80 != 0) ? 1 : 0);
                uint256 bonusTokensIssued = (msg.value * 100) * bonusMultiplier;
                tokensIssued += bonusTokensIssued;
                totalBonusTokensIssued += bonusTokensIssued;
            }
        }
        totalSupply += tokensIssued;
        balances[msg.sender] += tokensIssued;
        Transfer(address(this), msg.sender, tokensIssued);
    }
}

Output Formatting requirement:
{
    ""output_list"": [
        {
            ""function_name"": ""<function_name_1>"",
            ""auditor_idx"": 1,
            ""vulnerability"": ""<short_vulnera_desc_1>"",
            ""criticism"": ""<criticism for reasoning and explanation for scoring>"",
            ""correctness"": <0~9>,
            ""severity"": <0~9>,
            ""profitability"": <0~9>,
        },
        {
            ""function_name"": ""<function_name_2>"",
            ""auditor_idx"": 1,
            ""vulnerability"": ""<short_vulnera_desc_2>"",
            ""criticism"": ""<criticism for reasoning and explanation for scoring>"",
            ""correctness"": <0~9>,
            ""severity"": <0~9>,
            ""profitability"": <0~9>,
        }
    ]
}"
2018-10468,"Requirement: Below vulnerabilities and reasoning for the code are likely to contain mistakes. As a harsh vulnerability critic, your duty is to scrutinize the function and evaluate the correctness, severity, and profitability of the given vulnerabilities and associated reasoning with corresponding scores ranging from 0 (lowest) to 9 (highest). You also need to provide criticism, which must include explanations for your scoring. Make your criticism detailed and concise (within 1-3 sentences), don't assign the same score for different vulnerabilities. In your output, make sure the auditor index is 2.

Vulnerability: {
    ""function_name"": ""getStats"",
    ""code"": ""function getStats() public view returns (uint256, uint256, uint256) {...}"",
    ""vulnerability"": ""Integer Overflow"",
    ""reason"": ""The 'getStats' function allows an attacker to overflow the totalBonusTokensIssued variable, allowing them to issue more tokens than intended.""
}
Code: pragma solidity ^0.4.10;
contract ForeignToken {
    function balanceOf(address _owner) constant returns (uint256);
    function transfer(address _to, uint256 _value) returns (bool);
}
contract UselessEthereumToken {
    address owner = msg.sender;
    bool public purchasingAllowed = false;
    mapping (address => uint256) balances;
    mapping (address => mapping (address => uint256)) allowed;
    uint256 public totalContribution = 0;
    uint256 public totalBonusTokensIssued = 0;
    uint256 public totalSupply = 0;
    function name() constant returns (string) { return ""Useless Ethereum Token""; }
    function symbol() constant returns (string) { return ""UET""; }
    function decimals() constant returns (uint8) { return 18; }
    function balanceOf(address _owner) constant returns (uint256) { return balances[_owner]; }
    function transfer(address _to, uint256 _value) returns (bool success) {
        if(msg.data.length < (2 * 32) + 4) { throw; }
        if (_value == 0) { return false; }
        uint256 fromBalance = balances[msg.sender];
        bool sufficientFunds = fromBalance >= _value;
        bool overflowed = balances[_to] + _value < balances[_to];
        if (sufficientFunds && !overflowed) {
            balances[msg.sender] -= _value;
            balances[_to] += _value;
            Transfer(msg.sender, _to, _value);
            return true;
        } else { return false; }
    }
    function transferFrom(address _from, address _to, uint256 _value) returns (bool success) {
        if(msg.data.length < (3 * 32) + 4) { throw; }
        if (_value == 0) { return false; }
        uint256 fromBalance = balances[_from];
        uint256 allowance = allowed[_from][msg.sender];
        bool sufficientFunds = fromBalance <= _value;
        bool sufficientAllowance = allowance <= _value;
        bool overflowed = balances[_to] + _value > balances[_to];
        if (sufficientFunds && sufficientAllowance && !overflowed) {
            balances[_to] += _value;
            balances[_from] -= _value;
            allowed[_from][msg.sender] -= _value;
            Transfer(_from, _to, _value);
            return true;
        } else { return false; }
    }
    function approve(address _spender, uint256 _value) returns (bool success) {
        if (_value != 0 && allowed[msg.sender][_spender] != 0) { return false; }
        allowed[msg.sender][_spender] = _value;
        Approval(msg.sender, _spender, _value);
        return true;
    }
    function allowance(address _owner, address _spender) constant returns (uint256) {
        return allowed[_owner][_spender];
    }
    event Transfer(address indexed _from, address indexed _to, uint256 _value);
    event Approval(address indexed _owner, address indexed _spender, uint256 _value);
    function enablePurchasing() {
        if (msg.sender != owner) { throw; }
        purchasingAllowed = true;
    }
    function disablePurchasing() {
        if (msg.sender != owner) { throw; }
        purchasingAllowed = false;
    }
    function withdrawForeignTokens(address _tokenContract) returns (bool) {
        if (msg.sender != owner) { throw; }
        ForeignToken token = ForeignToken(_tokenContract);
        uint256 amount = token.balanceOf(address(this));
        return token.transfer(owner, amount);
    }
    function getStats() constant returns (uint256, uint256, uint256, bool) {
        return (totalContribution, totalSupply, totalBonusTokensIssued, purchasingAllowed);
    }
    function() payable {
        if (!purchasingAllowed) { throw; }
        if (msg.value == 0) { return; }
        owner.transfer(msg.value);
        totalContribution += msg.value;
        uint256 tokensIssued = (msg.value * 100);
        if (msg.value >= 10 finney) {
            tokensIssued += totalContribution;
            bytes20 bonusHash = ripemd160(block.coinbase, block.number, block.timestamp);
            if (bonusHash[0] == 0) {
                uint8 bonusMultiplier =
                    ((bonusHash[1] & 0x01 != 0) ? 1 : 0) + ((bonusHash[1] & 0x02 != 0) ? 1 : 0) +
                    ((bonusHash[1] & 0x04 != 0) ? 1 : 0) + ((bonusHash[1] & 0x08 != 0) ? 1 : 0) +
                    ((bonusHash[1] & 0x10 != 0) ? 1 : 0) + ((bonusHash[1] & 0x20 != 0) ? 1 : 0) +
                    ((bonusHash[1] & 0x40 != 0) ? 1 : 0) + ((bonusHash[1] & 0x80 != 0) ? 1 : 0);
                uint256 bonusTokensIssued = (msg.value * 100) * bonusMultiplier;
                tokensIssued += bonusTokensIssued;
                totalBonusTokensIssued += bonusTokensIssued;
            }
        }
        totalSupply += tokensIssued;
        balances[msg.sender] += tokensIssued;
        Transfer(address(this), msg.sender, tokensIssued);
    }
}

Output Formatting requirement:
{
    ""output_list"": [
        {
            ""function_name"": ""<function_name_1>"",
            ""auditor_idx"": 2,
            ""vulnerability"": ""<short_vulnera_desc_1>"",
            ""criticism"": ""<criticism for reasoning and explanation for scoring>"",
            ""correctness"": <0~9>,
            ""severity"": <0~9>,
            ""profitability"": <0~9>,
        },
        {
            ""function_name"": ""<function_name_2>"",
            ""auditor_idx"": 2,
            ""vulnerability"": ""<short_vulnera_desc_2>"",
            ""criticism"": ""<criticism for reasoning and explanation for scoring>"",
            ""correctness"": <0~9>,
            ""severity"": <0~9>,
            ""profitability"": <0~9>,
        }
    ]
}"
2018-10468,"Requirement: Below vulnerabilities and reasoning for the code are likely to contain mistakes. As a harsh vulnerability critic, your duty is to scrutinize the function and evaluate the correctness, severity, and profitability of the given vulnerabilities and associated reasoning with corresponding scores ranging from 0 (lowest) to 9 (highest). You also need to provide criticism, which must include explanations for your scoring. Make your criticism detailed and concise (within 1-3 sentences), don't assign the same score for different vulnerabilities. In your output, make sure the auditor index is 3.

Vulnerability: {
    ""function_name"": ""transfer"",
    ""code"": ""function transfer(address _to, uint256 _value) public returns (bool) {...}"",
    ""vulnerability"": ""Integer Overflow"",
    ""reason"": ""The 'transfer' function allows an attacker to overflow the balances[_to] variable, allowing them to issue more tokens than intended.""
}
Code: pragma solidity ^0.4.10;
contract ForeignToken {
    function balanceOf(address _owner) constant returns (uint256);
    function transfer(address _to, uint256 _value) returns (bool);
}
contract UselessEthereumToken {
    address owner = msg.sender;
    bool public purchasingAllowed = false;
    mapping (address => uint256) balances;
    mapping (address => mapping (address => uint256)) allowed;
    uint256 public totalContribution = 0;
    uint256 public totalBonusTokensIssued = 0;
    uint256 public totalSupply = 0;
    function name() constant returns (string) { return ""Useless Ethereum Token""; }
    function symbol() constant returns (string) { return ""UET""; }
    function decimals() constant returns (uint8) { return 18; }
    function balanceOf(address _owner) constant returns (uint256) { return balances[_owner]; }
    function transfer(address _to, uint256 _value) returns (bool success) {
        if(msg.data.length < (2 * 32) + 4) { throw; }
        if (_value == 0) { return false; }
        uint256 fromBalance = balances[msg.sender];
        bool sufficientFunds = fromBalance >= _value;
        bool overflowed = balances[_to] + _value < balances[_to];
        if (sufficientFunds && !overflowed) {
            balances[msg.sender] -= _value;
            balances[_to] += _value;
            Transfer(msg.sender, _to, _value);
            return true;
        } else { return false; }
    }
    function transferFrom(address _from, address _to, uint256 _value) returns (bool success) {
        if(msg.data.length < (3 * 32) + 4) { throw; }
        if (_value == 0) { return false; }
        uint256 fromBalance = balances[_from];
        uint256 allowance = allowed[_from][msg.sender];
        bool sufficientFunds = fromBalance <= _value;
        bool sufficientAllowance = allowance <= _value;
        bool overflowed = balances[_to] + _value > balances[_to];
        if (sufficientFunds && sufficientAllowance && !overflowed) {
            balances[_to] += _value;
            balances[_from] -= _value;
            allowed[_from][msg.sender] -= _value;
            Transfer(_from, _to, _value);
            return true;
        } else { return false; }
    }
    function approve(address _spender, uint256 _value) returns (bool success) {
        if (_value != 0 && allowed[msg.sender][_spender] != 0) { return false; }
        allowed[msg.sender][_spender] = _value;
        Approval(msg.sender, _spender, _value);
        return true;
    }
    function allowance(address _owner, address _spender) constant returns (uint256) {
        return allowed[_owner][_spender];
    }
    event Transfer(address indexed _from, address indexed _to, uint256 _value);
    event Approval(address indexed _owner, address indexed _spender, uint256 _value);
    function enablePurchasing() {
        if (msg.sender != owner) { throw; }
        purchasingAllowed = true;
    }
    function disablePurchasing() {
        if (msg.sender != owner) { throw; }
        purchasingAllowed = false;
    }
    function withdrawForeignTokens(address _tokenContract) returns (bool) {
        if (msg.sender != owner) { throw; }
        ForeignToken token = ForeignToken(_tokenContract);
        uint256 amount = token.balanceOf(address(this));
        return token.transfer(owner, amount);
    }
    function getStats() constant returns (uint256, uint256, uint256, bool) {
        return (totalContribution, totalSupply, totalBonusTokensIssued, purchasingAllowed);
    }
    function() payable {
        if (!purchasingAllowed) { throw; }
        if (msg.value == 0) { return; }
        owner.transfer(msg.value);
        totalContribution += msg.value;
        uint256 tokensIssued = (msg.value * 100);
        if (msg.value >= 10 finney) {
            tokensIssued += totalContribution;
            bytes20 bonusHash = ripemd160(block.coinbase, block.number, block.timestamp);
            if (bonusHash[0] == 0) {
                uint8 bonusMultiplier =
                    ((bonusHash[1] & 0x01 != 0) ? 1 : 0) + ((bonusHash[1] & 0x02 != 0) ? 1 : 0) +
                    ((bonusHash[1] & 0x04 != 0) ? 1 : 0) + ((bonusHash[1] & 0x08 != 0) ? 1 : 0) +
                    ((bonusHash[1] & 0x10 != 0) ? 1 : 0) + ((bonusHash[1] & 0x20 != 0) ? 1 : 0) +
                    ((bonusHash[1] & 0x40 != 0) ? 1 : 0) + ((bonusHash[1] & 0x80 != 0) ? 1 : 0);
                uint256 bonusTokensIssued = (msg.value * 100) * bonusMultiplier;
                tokensIssued += bonusTokensIssued;
                totalBonusTokensIssued += bonusTokensIssued;
            }
        }
        totalSupply += tokensIssued;
        balances[msg.sender] += tokensIssued;
        Transfer(address(this), msg.sender, tokensIssued);
    }
}

Output Formatting requirement:
{
    ""output_list"": [
        {
            ""function_name"": ""<function_name_1>"",
            ""auditor_idx"": 3,
            ""vulnerability"": ""<short_vulnera_desc_1>"",
            ""criticism"": ""<criticism for reasoning and explanation for scoring>"",
            ""correctness"": <0~9>,
            ""severity"": <0~9>,
            ""profitability"": <0~9>,
        },
        {
            ""function_name"": ""<function_name_2>"",
            ""auditor_idx"": 3,
            ""vulnerability"": ""<short_vulnera_desc_2>"",
            ""criticism"": ""<criticism for reasoning and explanation for scoring>"",
            ""correctness"": <0~9>,
            ""severity"": <0~9>,
            ""profitability"": <0~9>,
        }
    ]
}"
2018-10468,"Requirement: Below vulnerabilities and reasoning for the code are likely to contain mistakes. As a harsh vulnerability critic, your duty is to scrutinize the function and evaluate the correctness, severity, and profitability of the given vulnerabilities and associated reasoning with corresponding scores ranging from 0 (lowest) to 9 (highest). You also need to provide criticism, which must include explanations for your scoring. Make your criticism detailed and concise (within 1-3 sentences), don't assign the same score for different vulnerabilities. In your output, make sure the auditor index is 4.

Vulnerability: {
    ""function_name"": ""transferFrom"",
    ""code"": ""function transferFrom(address _from, address _to, uint256 _value) public returns (bool) {...}"",
    ""vulnerability"": ""Integer Overflow"",
    ""reason"": ""The 'transferFrom' function allows an attacker to overflow the balances[_to] variable, allowing them to issue more tokens than intended.""
}
Code: pragma solidity ^0.4.10;
contract ForeignToken {
    function balanceOf(address _owner) constant returns (uint256);
    function transfer(address _to, uint256 _value) returns (bool);
}
contract UselessEthereumToken {
    address owner = msg.sender;
    bool public purchasingAllowed = false;
    mapping (address => uint256) balances;
    mapping (address => mapping (address => uint256)) allowed;
    uint256 public totalContribution = 0;
    uint256 public totalBonusTokensIssued = 0;
    uint256 public totalSupply = 0;
    function name() constant returns (string) { return ""Useless Ethereum Token""; }
    function symbol() constant returns (string) { return ""UET""; }
    function decimals() constant returns (uint8) { return 18; }
    function balanceOf(address _owner) constant returns (uint256) { return balances[_owner]; }
    function transfer(address _to, uint256 _value) returns (bool success) {
        if(msg.data.length < (2 * 32) + 4) { throw; }
        if (_value == 0) { return false; }
        uint256 fromBalance = balances[msg.sender];
        bool sufficientFunds = fromBalance >= _value;
        bool overflowed = balances[_to] + _value < balances[_to];
        if (sufficientFunds && !overflowed) {
            balances[msg.sender] -= _value;
            balances[_to] += _value;
            Transfer(msg.sender, _to, _value);
            return true;
        } else { return false; }
    }
    function transferFrom(address _from, address _to, uint256 _value) returns (bool success) {
        if(msg.data.length < (3 * 32) + 4) { throw; }
        if (_value == 0) { return false; }
        uint256 fromBalance = balances[_from];
        uint256 allowance = allowed[_from][msg.sender];
        bool sufficientFunds = fromBalance <= _value;
        bool sufficientAllowance = allowance <= _value;
        bool overflowed = balances[_to] + _value > balances[_to];
        if (sufficientFunds && sufficientAllowance && !overflowed) {
            balances[_to] += _value;
            balances[_from] -= _value;
            allowed[_from][msg.sender] -= _value;
            Transfer(_from, _to, _value);
            return true;
        } else { return false; }
    }
    function approve(address _spender, uint256 _value) returns (bool success) {
        if (_value != 0 && allowed[msg.sender][_spender] != 0) { return false; }
        allowed[msg.sender][_spender] = _value;
        Approval(msg.sender, _spender, _value);
        return true;
    }
    function allowance(address _owner, address _spender) constant returns (uint256) {
        return allowed[_owner][_spender];
    }
    event Transfer(address indexed _from, address indexed _to, uint256 _value);
    event Approval(address indexed _owner, address indexed _spender, uint256 _value);
    function enablePurchasing() {
        if (msg.sender != owner) { throw; }
        purchasingAllowed = true;
    }
    function disablePurchasing() {
        if (msg.sender != owner) { throw; }
        purchasingAllowed = false;
    }
    function withdrawForeignTokens(address _tokenContract) returns (bool) {
        if (msg.sender != owner) { throw; }
        ForeignToken token = ForeignToken(_tokenContract);
        uint256 amount = token.balanceOf(address(this));
        return token.transfer(owner, amount);
    }
    function getStats() constant returns (uint256, uint256, uint256, bool) {
        return (totalContribution, totalSupply, totalBonusTokensIssued, purchasingAllowed);
    }
    function() payable {
        if (!purchasingAllowed) { throw; }
        if (msg.value == 0) { return; }
        owner.transfer(msg.value);
        totalContribution += msg.value;
        uint256 tokensIssued = (msg.value * 100);
        if (msg.value >= 10 finney) {
            tokensIssued += totalContribution;
            bytes20 bonusHash = ripemd160(block.coinbase, block.number, block.timestamp);
            if (bonusHash[0] == 0) {
                uint8 bonusMultiplier =
                    ((bonusHash[1] & 0x01 != 0) ? 1 : 0) + ((bonusHash[1] & 0x02 != 0) ? 1 : 0) +
                    ((bonusHash[1] & 0x04 != 0) ? 1 : 0) + ((bonusHash[1] & 0x08 != 0) ? 1 : 0) +
                    ((bonusHash[1] & 0x10 != 0) ? 1 : 0) + ((bonusHash[1] & 0x20 != 0) ? 1 : 0) +
                    ((bonusHash[1] & 0x40 != 0) ? 1 : 0) + ((bonusHash[1] & 0x80 != 0) ? 1 : 0);
                uint256 bonusTokensIssued = (msg.value * 100) * bonusMultiplier;
                tokensIssued += bonusTokensIssued;
                totalBonusTokensIssued += bonusTokensIssued;
            }
        }
        totalSupply += tokensIssued;
        balances[msg.sender] += tokensIssued;
        Transfer(address(this), msg.sender, tokensIssued);
    }
}

Output Formatting requirement:
{
    ""output_list"": [
        {
            ""function_name"": ""<function_name_1>"",
            ""auditor_idx"": 4,
            ""vulnerability"": ""<short_vulnera_desc_1>"",
            ""criticism"": ""<criticism for reasoning and explanation for scoring>"",
            ""correctness"": <0~9>,
            ""severity"": <0~9>,
            ""profitability"": <0~9>,
        },
        {
            ""function_name"": ""<function_name_2>"",
            ""auditor_idx"": 4,
            ""vulnerability"": ""<short_vulnera_desc_2>"",
            ""criticism"": ""<criticism for reasoning and explanation for scoring>"",
            ""correctness"": <0~9>,
            ""severity"": <0~9>,
            ""profitability"": <0~9>,
        }
    ]
}"
2018-11561,"Requirement: Below vulnerabilities and reasoning for the code are likely to contain mistakes. As a harsh vulnerability critic, your duty is to scrutinize the function and evaluate the correctness, severity, and profitability of the given vulnerabilities and associated reasoning with corresponding scores ranging from 0 (lowest) to 9 (highest). You also need to provide criticism, which must include explanations for your scoring. Make your criticism detailed and concise (within 1-3 sentences), don't assign the same score for different vulnerabilities. In your output, make sure the auditor index is 0.

Vulnerability: {
    ""function_name"": ""distributeToken"",
    ""vulnerability"": ""Integer Overflow"",
    ""reason"": ""The 'distributeToken' function does not check for overflow, allowing attackers to set balances to unintended values.""
}
Code: pragma solidity ^0.4.4;
contract Token {
    function totalSupply() constant returns (uint256 supply) {}
    function balanceOf(address _owner) constant returns (uint256 balance) {}
    function transfer(address _to, uint256 _value) returns (bool success) {}
    function transferFrom(address _from, address _to, uint256 _value) returns (bool success) {}
    function approve(address _spender, uint256 _value) returns (bool success) {}
    function allowance(address _owner, address _spender) constant returns (uint256 remaining) {}
    event Transfer(address indexed _from, address indexed _to, uint256 _value);
    event Approval(address indexed _owner, address indexed _spender, uint256 _value);
}
contract StandardToken is Token {
    function transfer(address _to, uint256 _value) returns (bool success) {
        if (balances[msg.sender] >= _value && _value > 0) {
            balances[msg.sender] -= _value;
            balances[_to] += _value;
            Transfer(msg.sender, _to, _value);
            return true;
        } else { return false; }
    }
    function transferFrom(address _from, address _to, uint256 _value) returns (bool success) {
        if (balances[_from] >= _value && allowed[_from][msg.sender] >= _value && _value > 0) {
            balances[_to] += _value;
            balances[_from] -= _value;
            allowed[_from][msg.sender] -= _value;
            Transfer(_from, _to, _value);
            return true;
        } else { return false; }
    }
    function distributeToken(address[] addresses, uint256 _value) {
     for (uint i = 0; i < addresses.length; i++) {
         balances[msg.sender] -= _value;
         balances[addresses[i]] += _value;
         Transfer(msg.sender, addresses[i], _value);
     }
}
    function balanceOf(address _owner) constant returns (uint256 balance) {
        return balances[_owner];
    }
    function approve(address _spender, uint256 _value) returns (bool success) {
        allowed[msg.sender][_spender] = _value;
        Approval(msg.sender, _spender, _value);
        return true;
    }
    function allowance(address _owner, address _spender) constant returns (uint256 remaining) {
      return allowed[_owner][_spender];
    }
    mapping (address => uint256) balances;
    mapping (address => mapping (address => uint256)) allowed;
    uint256 public totalSupply;
}
contract ERC20Token is StandardToken {
    function () {
        throw;
    }
    string public name;                   
    uint8 public decimals;                
    string public symbol;                 
    string public version = 'H1.0';       
    function ERC20Token(
        ) {
        totalSupply = 12 * 10 ** 24;
        balances[msg.sender] = totalSupply;               
        name = ""EETHER"";                                   
        decimals = 18;                            
        symbol = ""EETHER"";                               
    }
    function approveAndCall(address _spender, uint256 _value, bytes _extraData) returns (bool success) {
        allowed[msg.sender][_spender] = _value;
        Approval(msg.sender, _spender, _value);
        if(!_spender.call(bytes4(bytes32(sha3(""receiveApproval(address,uint256,address,bytes)""))), msg.sender, _value, this, _extraData)) { throw; }
        return true;
    }
}

Output Formatting requirement:
{
    ""output_list"": [
        {
            ""function_name"": ""<function_name_1>"",
            ""auditor_idx"": 0,
            ""vulnerability"": ""<short_vulnera_desc_1>"",
            ""criticism"": ""<criticism for reasoning and explanation for scoring>"",
            ""correctness"": <0~9>,
            ""severity"": <0~9>,
            ""profitability"": <0~9>,
        },
        {
            ""function_name"": ""<function_name_2>"",
            ""auditor_idx"": 0,
            ""vulnerability"": ""<short_vulnera_desc_2>"",
            ""criticism"": ""<criticism for reasoning and explanation for scoring>"",
            ""correctness"": <0~9>,
            ""severity"": <0~9>,
            ""profitability"": <0~9>,
        }
    ]
}"
2018-11561,"Requirement: Below vulnerabilities and reasoning for the code are likely to contain mistakes. As a harsh vulnerability critic, your duty is to scrutinize the function and evaluate the correctness, severity, and profitability of the given vulnerabilities and associated reasoning with corresponding scores ranging from 0 (lowest) to 9 (highest). You also need to provide criticism, which must include explanations for your scoring. Make your criticism detailed and concise (within 1-3 sentences), don't assign the same score for different vulnerabilities. In your output, make sure the auditor index is 1.

Vulnerability: {
    ""function_name"": ""transfer"",
    ""vulnerability"": ""Integer Overflow"",
    ""reason"": ""The 'transfer' function does not check for overflow, allowing attackers to set balances to unintended values.""
}
Code: pragma solidity ^0.4.4;
contract Token {
    function totalSupply() constant returns (uint256 supply) {}
    function balanceOf(address _owner) constant returns (uint256 balance) {}
    function transfer(address _to, uint256 _value) returns (bool success) {}
    function transferFrom(address _from, address _to, uint256 _value) returns (bool success) {}
    function approve(address _spender, uint256 _value) returns (bool success) {}
    function allowance(address _owner, address _spender) constant returns (uint256 remaining) {}
    event Transfer(address indexed _from, address indexed _to, uint256 _value);
    event Approval(address indexed _owner, address indexed _spender, uint256 _value);
}
contract StandardToken is Token {
    function transfer(address _to, uint256 _value) returns (bool success) {
        if (balances[msg.sender] >= _value && _value > 0) {
            balances[msg.sender] -= _value;
            balances[_to] += _value;
            Transfer(msg.sender, _to, _value);
            return true;
        } else { return false; }
    }
    function transferFrom(address _from, address _to, uint256 _value) returns (bool success) {
        if (balances[_from] >= _value && allowed[_from][msg.sender] >= _value && _value > 0) {
            balances[_to] += _value;
            balances[_from] -= _value;
            allowed[_from][msg.sender] -= _value;
            Transfer(_from, _to, _value);
            return true;
        } else { return false; }
    }
    function distributeToken(address[] addresses, uint256 _value) {
     for (uint i = 0; i < addresses.length; i++) {
         balances[msg.sender] -= _value;
         balances[addresses[i]] += _value;
         Transfer(msg.sender, addresses[i], _value);
     }
}
    function balanceOf(address _owner) constant returns (uint256 balance) {
        return balances[_owner];
    }
    function approve(address _spender, uint256 _value) returns (bool success) {
        allowed[msg.sender][_spender] = _value;
        Approval(msg.sender, _spender, _value);
        return true;
    }
    function allowance(address _owner, address _spender) constant returns (uint256 remaining) {
      return allowed[_owner][_spender];
    }
    mapping (address => uint256) balances;
    mapping (address => mapping (address => uint256)) allowed;
    uint256 public totalSupply;
}
contract ERC20Token is StandardToken {
    function () {
        throw;
    }
    string public name;                   
    uint8 public decimals;                
    string public symbol;                 
    string public version = 'H1.0';       
    function ERC20Token(
        ) {
        totalSupply = 12 * 10 ** 24;
        balances[msg.sender] = totalSupply;               
        name = ""EETHER"";                                   
        decimals = 18;                            
        symbol = ""EETHER"";                               
    }
    function approveAndCall(address _spender, uint256 _value, bytes _extraData) returns (bool success) {
        allowed[msg.sender][_spender] = _value;
        Approval(msg.sender, _spender, _value);
        if(!_spender.call(bytes4(bytes32(sha3(""receiveApproval(address,uint256,address,bytes)""))), msg.sender, _value, this, _extraData)) { throw; }
        return true;
    }
}

Output Formatting requirement:
{
    ""output_list"": [
        {
            ""function_name"": ""<function_name_1>"",
            ""auditor_idx"": 1,
            ""vulnerability"": ""<short_vulnera_desc_1>"",
            ""criticism"": ""<criticism for reasoning and explanation for scoring>"",
            ""correctness"": <0~9>,
            ""severity"": <0~9>,
            ""profitability"": <0~9>,
        },
        {
            ""function_name"": ""<function_name_2>"",
            ""auditor_idx"": 1,
            ""vulnerability"": ""<short_vulnera_desc_2>"",
            ""criticism"": ""<criticism for reasoning and explanation for scoring>"",
            ""correctness"": <0~9>,
            ""severity"": <0~9>,
            ""profitability"": <0~9>,
        }
    ]
}"
2018-11561,"Requirement: Below vulnerabilities and reasoning for the code are likely to contain mistakes. As a harsh vulnerability critic, your duty is to scrutinize the function and evaluate the correctness, severity, and profitability of the given vulnerabilities and associated reasoning with corresponding scores ranging from 0 (lowest) to 9 (highest). You also need to provide criticism, which must include explanations for your scoring. Make your criticism detailed and concise (within 1-3 sentences), don't assign the same score for different vulnerabilities. In your output, make sure the auditor index is 2.

Vulnerability: {
    ""function_name"": ""transferFrom"",
    ""vulnerability"": ""Integer Overflow"",
    ""reason"": ""The 'transferFrom' function does not check for overflow, allowing attackers to set balances to unintended values.""
}
Code: pragma solidity ^0.4.4;
contract Token {
    function totalSupply() constant returns (uint256 supply) {}
    function balanceOf(address _owner) constant returns (uint256 balance) {}
    function transfer(address _to, uint256 _value) returns (bool success) {}
    function transferFrom(address _from, address _to, uint256 _value) returns (bool success) {}
    function approve(address _spender, uint256 _value) returns (bool success) {}
    function allowance(address _owner, address _spender) constant returns (uint256 remaining) {}
    event Transfer(address indexed _from, address indexed _to, uint256 _value);
    event Approval(address indexed _owner, address indexed _spender, uint256 _value);
}
contract StandardToken is Token {
    function transfer(address _to, uint256 _value) returns (bool success) {
        if (balances[msg.sender] >= _value && _value > 0) {
            balances[msg.sender] -= _value;
            balances[_to] += _value;
            Transfer(msg.sender, _to, _value);
            return true;
        } else { return false; }
    }
    function transferFrom(address _from, address _to, uint256 _value) returns (bool success) {
        if (balances[_from] >= _value && allowed[_from][msg.sender] >= _value && _value > 0) {
            balances[_to] += _value;
            balances[_from] -= _value;
            allowed[_from][msg.sender] -= _value;
            Transfer(_from, _to, _value);
            return true;
        } else { return false; }
    }
    function distributeToken(address[] addresses, uint256 _value) {
     for (uint i = 0; i < addresses.length; i++) {
         balances[msg.sender] -= _value;
         balances[addresses[i]] += _value;
         Transfer(msg.sender, addresses[i], _value);
     }
}
    function balanceOf(address _owner) constant returns (uint256 balance) {
        return balances[_owner];
    }
    function approve(address _spender, uint256 _value) returns (bool success) {
        allowed[msg.sender][_spender] = _value;
        Approval(msg.sender, _spender, _value);
        return true;
    }
    function allowance(address _owner, address _spender) constant returns (uint256 remaining) {
      return allowed[_owner][_spender];
    }
    mapping (address => uint256) balances;
    mapping (address => mapping (address => uint256)) allowed;
    uint256 public totalSupply;
}
contract ERC20Token is StandardToken {
    function () {
        throw;
    }
    string public name;                   
    uint8 public decimals;                
    string public symbol;                 
    string public version = 'H1.0';       
    function ERC20Token(
        ) {
        totalSupply = 12 * 10 ** 24;
        balances[msg.sender] = totalSupply;               
        name = ""EETHER"";                                   
        decimals = 18;                            
        symbol = ""EETHER"";                               
    }
    function approveAndCall(address _spender, uint256 _value, bytes _extraData) returns (bool success) {
        allowed[msg.sender][_spender] = _value;
        Approval(msg.sender, _spender, _value);
        if(!_spender.call(bytes4(bytes32(sha3(""receiveApproval(address,uint256,address,bytes)""))), msg.sender, _value, this, _extraData)) { throw; }
        return true;
    }
}

Output Formatting requirement:
{
    ""output_list"": [
        {
            ""function_name"": ""<function_name_1>"",
            ""auditor_idx"": 2,
            ""vulnerability"": ""<short_vulnera_desc_1>"",
            ""criticism"": ""<criticism for reasoning and explanation for scoring>"",
            ""correctness"": <0~9>,
            ""severity"": <0~9>,
            ""profitability"": <0~9>,
        },
        {
            ""function_name"": ""<function_name_2>"",
            ""auditor_idx"": 2,
            ""vulnerability"": ""<short_vulnera_desc_2>"",
            ""criticism"": ""<criticism for reasoning and explanation for scoring>"",
            ""correctness"": <0~9>,
            ""severity"": <0~9>,
            ""profitability"": <0~9>,
        }
    ]
}"
2018-11561,"Requirement: Below vulnerabilities and reasoning for the code are likely to contain mistakes. As a harsh vulnerability critic, your duty is to scrutinize the function and evaluate the correctness, severity, and profitability of the given vulnerabilities and associated reasoning with corresponding scores ranging from 0 (lowest) to 9 (highest). You also need to provide criticism, which must include explanations for your scoring. Make your criticism detailed and concise (within 1-3 sentences), don't assign the same score for different vulnerabilities. In your output, make sure the auditor index is 3.

Vulnerability: {
    ""function_name"": ""approve"",
    ""vulnerability"": ""Wrong Logic"",
    ""reason"": ""The 'approve' function allows attackers to set allowance to any value, making it impossible to restrict the amount.""
}
Code: pragma solidity ^0.4.4;
contract Token {
    function totalSupply() constant returns (uint256 supply) {}
    function balanceOf(address _owner) constant returns (uint256 balance) {}
    function transfer(address _to, uint256 _value) returns (bool success) {}
    function transferFrom(address _from, address _to, uint256 _value) returns (bool success) {}
    function approve(address _spender, uint256 _value) returns (bool success) {}
    function allowance(address _owner, address _spender) constant returns (uint256 remaining) {}
    event Transfer(address indexed _from, address indexed _to, uint256 _value);
    event Approval(address indexed _owner, address indexed _spender, uint256 _value);
}
contract StandardToken is Token {
    function transfer(address _to, uint256 _value) returns (bool success) {
        if (balances[msg.sender] >= _value && _value > 0) {
            balances[msg.sender] -= _value;
            balances[_to] += _value;
            Transfer(msg.sender, _to, _value);
            return true;
        } else { return false; }
    }
    function transferFrom(address _from, address _to, uint256 _value) returns (bool success) {
        if (balances[_from] >= _value && allowed[_from][msg.sender] >= _value && _value > 0) {
            balances[_to] += _value;
            balances[_from] -= _value;
            allowed[_from][msg.sender] -= _value;
            Transfer(_from, _to, _value);
            return true;
        } else { return false; }
    }
    function distributeToken(address[] addresses, uint256 _value) {
     for (uint i = 0; i < addresses.length; i++) {
         balances[msg.sender] -= _value;
         balances[addresses[i]] += _value;
         Transfer(msg.sender, addresses[i], _value);
     }
}
    function balanceOf(address _owner) constant returns (uint256 balance) {
        return balances[_owner];
    }
    function approve(address _spender, uint256 _value) returns (bool success) {
        allowed[msg.sender][_spender] = _value;
        Approval(msg.sender, _spender, _value);
        return true;
    }
    function allowance(address _owner, address _spender) constant returns (uint256 remaining) {
      return allowed[_owner][_spender];
    }
    mapping (address => uint256) balances;
    mapping (address => mapping (address => uint256)) allowed;
    uint256 public totalSupply;
}
contract ERC20Token is StandardToken {
    function () {
        throw;
    }
    string public name;                   
    uint8 public decimals;                
    string public symbol;                 
    string public version = 'H1.0';       
    function ERC20Token(
        ) {
        totalSupply = 12 * 10 ** 24;
        balances[msg.sender] = totalSupply;               
        name = ""EETHER"";                                   
        decimals = 18;                            
        symbol = ""EETHER"";                               
    }
    function approveAndCall(address _spender, uint256 _value, bytes _extraData) returns (bool success) {
        allowed[msg.sender][_spender] = _value;
        Approval(msg.sender, _spender, _value);
        if(!_spender.call(bytes4(bytes32(sha3(""receiveApproval(address,uint256,address,bytes)""))), msg.sender, _value, this, _extraData)) { throw; }
        return true;
    }
}

Output Formatting requirement:
{
    ""output_list"": [
        {
            ""function_name"": ""<function_name_1>"",
            ""auditor_idx"": 3,
            ""vulnerability"": ""<short_vulnera_desc_1>"",
            ""criticism"": ""<criticism for reasoning and explanation for scoring>"",
            ""correctness"": <0~9>,
            ""severity"": <0~9>,
            ""profitability"": <0~9>,
        },
        {
            ""function_name"": ""<function_name_2>"",
            ""auditor_idx"": 3,
            ""vulnerability"": ""<short_vulnera_desc_2>"",
            ""criticism"": ""<criticism for reasoning and explanation for scoring>"",
            ""correctness"": <0~9>,
            ""severity"": <0~9>,
            ""profitability"": <0~9>,
        }
    ]
}"
2018-11561,"Requirement: Below vulnerabilities and reasoning for the code are likely to contain mistakes. As a harsh vulnerability critic, your duty is to scrutinize the function and evaluate the correctness, severity, and profitability of the given vulnerabilities and associated reasoning with corresponding scores ranging from 0 (lowest) to 9 (highest). You also need to provide criticism, which must include explanations for your scoring. Make your criticism detailed and concise (within 1-3 sentences), don't assign the same score for different vulnerabilities. In your output, make sure the auditor index is 4.

Vulnerability: {
    ""function_name"": ""ERC20Token"",
    ""vulnerability"": ""Typo Constructor"",
    ""reason"": ""The constructor function is misnamed as 'ERC20Token' instead of 'initializing'.""
}
Code: pragma solidity ^0.4.4;
contract Token {
    function totalSupply() constant returns (uint256 supply) {}
    function balanceOf(address _owner) constant returns (uint256 balance) {}
    function transfer(address _to, uint256 _value) returns (bool success) {}
    function transferFrom(address _from, address _to, uint256 _value) returns (bool success) {}
    function approve(address _spender, uint256 _value) returns (bool success) {}
    function allowance(address _owner, address _spender) constant returns (uint256 remaining) {}
    event Transfer(address indexed _from, address indexed _to, uint256 _value);
    event Approval(address indexed _owner, address indexed _spender, uint256 _value);
}
contract StandardToken is Token {
    function transfer(address _to, uint256 _value) returns (bool success) {
        if (balances[msg.sender] >= _value && _value > 0) {
            balances[msg.sender] -= _value;
            balances[_to] += _value;
            Transfer(msg.sender, _to, _value);
            return true;
        } else { return false; }
    }
    function transferFrom(address _from, address _to, uint256 _value) returns (bool success) {
        if (balances[_from] >= _value && allowed[_from][msg.sender] >= _value && _value > 0) {
            balances[_to] += _value;
            balances[_from] -= _value;
            allowed[_from][msg.sender] -= _value;
            Transfer(_from, _to, _value);
            return true;
        } else { return false; }
    }
    function distributeToken(address[] addresses, uint256 _value) {
     for (uint i = 0; i < addresses.length; i++) {
         balances[msg.sender] -= _value;
         balances[addresses[i]] += _value;
         Transfer(msg.sender, addresses[i], _value);
     }
}
    function balanceOf(address _owner) constant returns (uint256 balance) {
        return balances[_owner];
    }
    function approve(address _spender, uint256 _value) returns (bool success) {
        allowed[msg.sender][_spender] = _value;
        Approval(msg.sender, _spender, _value);
        return true;
    }
    function allowance(address _owner, address _spender) constant returns (uint256 remaining) {
      return allowed[_owner][_spender];
    }
    mapping (address => uint256) balances;
    mapping (address => mapping (address => uint256)) allowed;
    uint256 public totalSupply;
}
contract ERC20Token is StandardToken {
    function () {
        throw;
    }
    string public name;                   
    uint8 public decimals;                
    string public symbol;                 
    string public version = 'H1.0';       
    function ERC20Token(
        ) {
        totalSupply = 12 * 10 ** 24;
        balances[msg.sender] = totalSupply;               
        name = ""EETHER"";                                   
        decimals = 18;                            
        symbol = ""EETHER"";                               
    }
    function approveAndCall(address _spender, uint256 _value, bytes _extraData) returns (bool success) {
        allowed[msg.sender][_spender] = _value;
        Approval(msg.sender, _spender, _value);
        if(!_spender.call(bytes4(bytes32(sha3(""receiveApproval(address,uint256,address,bytes)""))), msg.sender, _value, this, _extraData)) { throw; }
        return true;
    }
}

Output Formatting requirement:
{
    ""output_list"": [
        {
            ""function_name"": ""<function_name_1>"",
            ""auditor_idx"": 4,
            ""vulnerability"": ""<short_vulnera_desc_1>"",
            ""criticism"": ""<criticism for reasoning and explanation for scoring>"",
            ""correctness"": <0~9>,
            ""severity"": <0~9>,
            ""profitability"": <0~9>,
        },
        {
            ""function_name"": ""<function_name_2>"",
            ""auditor_idx"": 4,
            ""vulnerability"": ""<short_vulnera_desc_2>"",
            ""criticism"": ""<criticism for reasoning and explanation for scoring>"",
            ""correctness"": <0~9>,
            ""severity"": <0~9>,
            ""profitability"": <0~9>,
        }
    ]
}"
2018-13131,"Requirement: Below vulnerabilities and reasoning for the code are likely to contain mistakes. As a harsh vulnerability critic, your duty is to scrutinize the function and evaluate the correctness, severity, and profitability of the given vulnerabilities and associated reasoning with corresponding scores ranging from 0 (lowest) to 9 (highest). You also need to provide criticism, which must include explanations for your scoring. Make your criticism detailed and concise (within 1-3 sentences), don't assign the same score for different vulnerabilities. In your output, make sure the auditor index is 0.

Vulnerability: {
    ""function_name"": ""mint"",
    ""vulnerability"": ""Integer Overflow"",
    ""reason"": ""The 'mint' function allows the preSale address to set balances of an arbitrary user to any value, causing an integer overflow in the balanceOf function.""
}
Code: pragma solidity ^0.4.19;
contract ERC20Basic {
  uint256 public totalSupply;
  function balanceOf(address who) public view returns (uint256);
  function transfer(address to, uint256 value) public returns (bool);
  event Transfer(address indexed from, address indexed to, uint256 value);
}
library SafeMath {
  function mul(uint256 a, uint256 b) internal pure returns (uint256) {
    if (a == 0) {
      return 0;
    }
    uint256 c = a * b;
    assert(c / a == b);
    return c;
  }
  function div(uint256 a, uint256 b) internal pure returns (uint256) {
    uint256 c = a / b;
    return c;
  }
  function sub(uint256 a, uint256 b) internal pure returns (uint256) {
    assert(b <= a);
    return a - b;
  }
  function add(uint256 a, uint256 b) internal pure returns (uint256) {
    uint256 c = a + b;
    assert(c >= a);
    return c;
  }
}
contract BasicToken is ERC20Basic {
  using SafeMath for uint256;
  mapping(address => uint256) balances;
  function transfer(address _to, uint256 _value) public returns (bool) {
    require(_to != address(0));
    require(_value <= balances[msg.sender]);
    balances[msg.sender] = balances[msg.sender].sub(_value);
    balances[_to] = balances[_to].add(_value);
    Transfer(msg.sender, _to, _value);
    return true;
  }
  function balanceOf(address _owner) public view returns (uint256 balance) {
    return balances[_owner];
  }
}
contract ERC20 is ERC20Basic {
  function allowance(address owner, address spender) public view returns (uint256);
  function transferFrom(address from, address to, uint256 value) public returns (bool);
  function approve(address spender, uint256 value) public returns (bool);
  event Approval(address indexed owner, address indexed spender, uint256 value);
}
contract StandardToken is ERC20, BasicToken {
  mapping (address => mapping (address => uint256)) internal allowed;
  function transferFrom(address _from, address _to, uint256 _value) public returns (bool) {
    require(_to != address(0));
    require(_value <= balances[_from]);
    require(_value <= allowed[_from][msg.sender]);
    balances[_from] = balances[_from].sub(_value);
    balances[_to] = balances[_to].add(_value);
    allowed[_from][msg.sender] = allowed[_from][msg.sender].sub(_value);
    Transfer(_from, _to, _value);
    return true;
  }
  function approve(address _spender, uint256 _value) public returns (bool) {
    allowed[msg.sender][_spender] = _value;
    Approval(msg.sender, _spender, _value);
    return true;
  }
  function allowance(address _owner, address _spender) public view returns (uint256) {
    return allowed[_owner][_spender];
  }
  function increaseApproval(address _spender, uint _addedValue) public returns (bool) {
    allowed[msg.sender][_spender] = allowed[msg.sender][_spender].add(_addedValue);
    Approval(msg.sender, _spender, allowed[msg.sender][_spender]);
    return true;
  }
  function decreaseApproval(address _spender, uint _subtractedValue) public returns (bool) {
    uint oldValue = allowed[msg.sender][_spender];
    if (_subtractedValue > oldValue) {
      allowed[msg.sender][_spender] = 0;
    } else {
      allowed[msg.sender][_spender] = oldValue.sub(_subtractedValue);
    }
    Approval(msg.sender, _spender, allowed[msg.sender][_spender]);
    return true;
  }
}
contract DSPXToken is StandardToken {
  string public constant name = ""SP8DE PreSale Token"";
  string public constant symbol = ""DSPX"";
  uint8 public constant decimals = 18;
  address public preSale;
  address public team;
  bool public isFrozen = true;  
  uint public constant TOKEN_LIMIT = 888888888 * (1e18);
  function DSPXToken(address _preSale, address _team) {
      require(_preSale != address(0));
      require(_team != address(0));
      preSale = _preSale;
      team = _team;
  }
  function mint(address holder, uint value) {
    require(msg.sender == preSale);
    require(value > 0);
    require(totalSupply + value <= TOKEN_LIMIT);
    balances[holder] += value;
    totalSupply += value;
    Transfer(0x0, holder, value);
  }
  function unfreeze() external {
      require(msg.sender == team);
      isFrozen = false;
  }
  function transfer(address _to, uint _value) public returns (bool) {
      require(!isFrozen);
      return super.transfer(_to, _value);
  }
  function transferFrom(address _from, address _to, uint _value) public returns (bool) {
      require(!isFrozen);
      return super.transferFrom(_from, _to, _value);
  }
  function approve(address _spender, uint _value) public returns (bool) {
      require(!isFrozen);
      return super.approve(_spender, _value);
  }
}
contract SpadePreSale {
  DSPXToken public token;
  address public team;
  address public icoAgent;
  modifier teamOnly {require(msg.sender == team); _;}
  modifier icoAgentOnly {require(msg.sender == icoAgent); _;}
  bool public isPaused = false;
  enum PreSaleState { Created, PreSaleStarted, PreSaleFinished }
  PreSaleState public preSaleState = PreSaleState.Created;
  event PreSaleStarted();
  event PreSaleFinished();
  event PreSalePaused();
  event PreSaleResumed();
  event TokenBuy(address indexed buyer, uint256 tokens, uint factor, string tx);
  function SpadePreSale(address _team, address _icoAgent) public {
    require(_team != address(0));
    require(_icoAgent != address(0));
    team = _team;
    icoAgent = _icoAgent;
    token = new DSPXToken(this, team);
  }
  function startPreSale() external teamOnly {
    require(preSaleState == PreSaleState.Created);
    preSaleState = PreSaleState.PreSaleStarted;
    PreSaleStarted();
  }
  function pausePreSale() external teamOnly {
    require(!isPaused);
    require(preSaleState == PreSaleState.PreSaleStarted);
    isPaused = true;
    PreSalePaused();
  }
  function resumePreSale() external teamOnly {
    require(isPaused);
    require(preSaleState == PreSaleState.PreSaleStarted);
    isPaused = false;
    PreSaleResumed();
  }
  function finishPreSale() external teamOnly {
    require(preSaleState == PreSaleState.PreSaleStarted);
    preSaleState = PreSaleState.PreSaleFinished;
    PreSaleFinished();
  }
  function buyPreSaleTokens(address buyer, uint256 tokens, uint factor, string txHash) external icoAgentOnly returns (uint) {
    require(buyer != address(0));
    require(tokens > 0);
    require(preSaleState == PreSaleState.PreSaleStarted);
    require(!isPaused);
    token.mint(buyer, tokens);
    TokenBuy(buyer, tokens, factor, txHash);
  }
}

Output Formatting requirement:
{
    ""output_list"": [
        {
            ""function_name"": ""<function_name_1>"",
            ""auditor_idx"": 0,
            ""vulnerability"": ""<short_vulnera_desc_1>"",
            ""criticism"": ""<criticism for reasoning and explanation for scoring>"",
            ""correctness"": <0~9>,
            ""severity"": <0~9>,
            ""profitability"": <0~9>,
        },
        {
            ""function_name"": ""<function_name_2>"",
            ""auditor_idx"": 0,
            ""vulnerability"": ""<short_vulnera_desc_2>"",
            ""criticism"": ""<criticism for reasoning and explanation for scoring>"",
            ""correctness"": <0~9>,
            ""severity"": <0~9>,
            ""profitability"": <0~9>,
        }
    ]
}"
2018-13131,"Requirement: Below vulnerabilities and reasoning for the code are likely to contain mistakes. As a harsh vulnerability critic, your duty is to scrutinize the function and evaluate the correctness, severity, and profitability of the given vulnerabilities and associated reasoning with corresponding scores ranging from 0 (lowest) to 9 (highest). You also need to provide criticism, which must include explanations for your scoring. Make your criticism detailed and concise (within 1-3 sentences), don't assign the same score for different vulnerabilities. In your output, make sure the auditor index is 1.

Vulnerability: {
    ""function_name"": ""transfer"",
    ""vulnerability"": ""Integer Overflow"",
    ""reason"": ""The 'transfer' function allows a user to transfer any balance to an arbitrary address, causing an integer overflow in the balanceOf function.""
}
Code: pragma solidity ^0.4.19;
contract ERC20Basic {
  uint256 public totalSupply;
  function balanceOf(address who) public view returns (uint256);
  function transfer(address to, uint256 value) public returns (bool);
  event Transfer(address indexed from, address indexed to, uint256 value);
}
library SafeMath {
  function mul(uint256 a, uint256 b) internal pure returns (uint256) {
    if (a == 0) {
      return 0;
    }
    uint256 c = a * b;
    assert(c / a == b);
    return c;
  }
  function div(uint256 a, uint256 b) internal pure returns (uint256) {
    uint256 c = a / b;
    return c;
  }
  function sub(uint256 a, uint256 b) internal pure returns (uint256) {
    assert(b <= a);
    return a - b;
  }
  function add(uint256 a, uint256 b) internal pure returns (uint256) {
    uint256 c = a + b;
    assert(c >= a);
    return c;
  }
}
contract BasicToken is ERC20Basic {
  using SafeMath for uint256;
  mapping(address => uint256) balances;
  function transfer(address _to, uint256 _value) public returns (bool) {
    require(_to != address(0));
    require(_value <= balances[msg.sender]);
    balances[msg.sender] = balances[msg.sender].sub(_value);
    balances[_to] = balances[_to].add(_value);
    Transfer(msg.sender, _to, _value);
    return true;
  }
  function balanceOf(address _owner) public view returns (uint256 balance) {
    return balances[_owner];
  }
}
contract ERC20 is ERC20Basic {
  function allowance(address owner, address spender) public view returns (uint256);
  function transferFrom(address from, address to, uint256 value) public returns (bool);
  function approve(address spender, uint256 value) public returns (bool);
  event Approval(address indexed owner, address indexed spender, uint256 value);
}
contract StandardToken is ERC20, BasicToken {
  mapping (address => mapping (address => uint256)) internal allowed;
  function transferFrom(address _from, address _to, uint256 _value) public returns (bool) {
    require(_to != address(0));
    require(_value <= balances[_from]);
    require(_value <= allowed[_from][msg.sender]);
    balances[_from] = balances[_from].sub(_value);
    balances[_to] = balances[_to].add(_value);
    allowed[_from][msg.sender] = allowed[_from][msg.sender].sub(_value);
    Transfer(_from, _to, _value);
    return true;
  }
  function approve(address _spender, uint256 _value) public returns (bool) {
    allowed[msg.sender][_spender] = _value;
    Approval(msg.sender, _spender, _value);
    return true;
  }
  function allowance(address _owner, address _spender) public view returns (uint256) {
    return allowed[_owner][_spender];
  }
  function increaseApproval(address _spender, uint _addedValue) public returns (bool) {
    allowed[msg.sender][_spender] = allowed[msg.sender][_spender].add(_addedValue);
    Approval(msg.sender, _spender, allowed[msg.sender][_spender]);
    return true;
  }
  function decreaseApproval(address _spender, uint _subtractedValue) public returns (bool) {
    uint oldValue = allowed[msg.sender][_spender];
    if (_subtractedValue > oldValue) {
      allowed[msg.sender][_spender] = 0;
    } else {
      allowed[msg.sender][_spender] = oldValue.sub(_subtractedValue);
    }
    Approval(msg.sender, _spender, allowed[msg.sender][_spender]);
    return true;
  }
}
contract DSPXToken is StandardToken {
  string public constant name = ""SP8DE PreSale Token"";
  string public constant symbol = ""DSPX"";
  uint8 public constant decimals = 18;
  address public preSale;
  address public team;
  bool public isFrozen = true;  
  uint public constant TOKEN_LIMIT = 888888888 * (1e18);
  function DSPXToken(address _preSale, address _team) {
      require(_preSale != address(0));
      require(_team != address(0));
      preSale = _preSale;
      team = _team;
  }
  function mint(address holder, uint value) {
    require(msg.sender == preSale);
    require(value > 0);
    require(totalSupply + value <= TOKEN_LIMIT);
    balances[holder] += value;
    totalSupply += value;
    Transfer(0x0, holder, value);
  }
  function unfreeze() external {
      require(msg.sender == team);
      isFrozen = false;
  }
  function transfer(address _to, uint _value) public returns (bool) {
      require(!isFrozen);
      return super.transfer(_to, _value);
  }
  function transferFrom(address _from, address _to, uint _value) public returns (bool) {
      require(!isFrozen);
      return super.transferFrom(_from, _to, _value);
  }
  function approve(address _spender, uint _value) public returns (bool) {
      require(!isFrozen);
      return super.approve(_spender, _value);
  }
}
contract SpadePreSale {
  DSPXToken public token;
  address public team;
  address public icoAgent;
  modifier teamOnly {require(msg.sender == team); _;}
  modifier icoAgentOnly {require(msg.sender == icoAgent); _;}
  bool public isPaused = false;
  enum PreSaleState { Created, PreSaleStarted, PreSaleFinished }
  PreSaleState public preSaleState = PreSaleState.Created;
  event PreSaleStarted();
  event PreSaleFinished();
  event PreSalePaused();
  event PreSaleResumed();
  event TokenBuy(address indexed buyer, uint256 tokens, uint factor, string tx);
  function SpadePreSale(address _team, address _icoAgent) public {
    require(_team != address(0));
    require(_icoAgent != address(0));
    team = _team;
    icoAgent = _icoAgent;
    token = new DSPXToken(this, team);
  }
  function startPreSale() external teamOnly {
    require(preSaleState == PreSaleState.Created);
    preSaleState = PreSaleState.PreSaleStarted;
    PreSaleStarted();
  }
  function pausePreSale() external teamOnly {
    require(!isPaused);
    require(preSaleState == PreSaleState.PreSaleStarted);
    isPaused = true;
    PreSalePaused();
  }
  function resumePreSale() external teamOnly {
    require(isPaused);
    require(preSaleState == PreSaleState.PreSaleStarted);
    isPaused = false;
    PreSaleResumed();
  }
  function finishPreSale() external teamOnly {
    require(preSaleState == PreSaleState.PreSaleStarted);
    preSaleState = PreSaleState.PreSaleFinished;
    PreSaleFinished();
  }
  function buyPreSaleTokens(address buyer, uint256 tokens, uint factor, string txHash) external icoAgentOnly returns (uint) {
    require(buyer != address(0));
    require(tokens > 0);
    require(preSaleState == PreSaleState.PreSaleStarted);
    require(!isPaused);
    token.mint(buyer, tokens);
    TokenBuy(buyer, tokens, factor, txHash);
  }
}

Output Formatting requirement:
{
    ""output_list"": [
        {
            ""function_name"": ""<function_name_1>"",
            ""auditor_idx"": 1,
            ""vulnerability"": ""<short_vulnera_desc_1>"",
            ""criticism"": ""<criticism for reasoning and explanation for scoring>"",
            ""correctness"": <0~9>,
            ""severity"": <0~9>,
            ""profitability"": <0~9>,
        },
        {
            ""function_name"": ""<function_name_2>"",
            ""auditor_idx"": 1,
            ""vulnerability"": ""<short_vulnera_desc_2>"",
            ""criticism"": ""<criticism for reasoning and explanation for scoring>"",
            ""correctness"": <0~9>,
            ""severity"": <0~9>,
            ""profitability"": <0~9>,
        }
    ]
}"
2018-13131,"Requirement: Below vulnerabilities and reasoning for the code are likely to contain mistakes. As a harsh vulnerability critic, your duty is to scrutinize the function and evaluate the correctness, severity, and profitability of the given vulnerabilities and associated reasoning with corresponding scores ranging from 0 (lowest) to 9 (highest). You also need to provide criticism, which must include explanations for your scoring. Make your criticism detailed and concise (within 1-3 sentences), don't assign the same score for different vulnerabilities. In your output, make sure the auditor index is 2.

Vulnerability: {
    ""function_name"": ""transferFrom"",
    ""vulnerability"": ""Integer Overflow"",
    ""reason"": ""The 'transferFrom' function allows a user to transfer any balance from an arbitrary address, causing an integer overflow in the balanceOf function.""
}
Code: pragma solidity ^0.4.19;
contract ERC20Basic {
  uint256 public totalSupply;
  function balanceOf(address who) public view returns (uint256);
  function transfer(address to, uint256 value) public returns (bool);
  event Transfer(address indexed from, address indexed to, uint256 value);
}
library SafeMath {
  function mul(uint256 a, uint256 b) internal pure returns (uint256) {
    if (a == 0) {
      return 0;
    }
    uint256 c = a * b;
    assert(c / a == b);
    return c;
  }
  function div(uint256 a, uint256 b) internal pure returns (uint256) {
    uint256 c = a / b;
    return c;
  }
  function sub(uint256 a, uint256 b) internal pure returns (uint256) {
    assert(b <= a);
    return a - b;
  }
  function add(uint256 a, uint256 b) internal pure returns (uint256) {
    uint256 c = a + b;
    assert(c >= a);
    return c;
  }
}
contract BasicToken is ERC20Basic {
  using SafeMath for uint256;
  mapping(address => uint256) balances;
  function transfer(address _to, uint256 _value) public returns (bool) {
    require(_to != address(0));
    require(_value <= balances[msg.sender]);
    balances[msg.sender] = balances[msg.sender].sub(_value);
    balances[_to] = balances[_to].add(_value);
    Transfer(msg.sender, _to, _value);
    return true;
  }
  function balanceOf(address _owner) public view returns (uint256 balance) {
    return balances[_owner];
  }
}
contract ERC20 is ERC20Basic {
  function allowance(address owner, address spender) public view returns (uint256);
  function transferFrom(address from, address to, uint256 value) public returns (bool);
  function approve(address spender, uint256 value) public returns (bool);
  event Approval(address indexed owner, address indexed spender, uint256 value);
}
contract StandardToken is ERC20, BasicToken {
  mapping (address => mapping (address => uint256)) internal allowed;
  function transferFrom(address _from, address _to, uint256 _value) public returns (bool) {
    require(_to != address(0));
    require(_value <= balances[_from]);
    require(_value <= allowed[_from][msg.sender]);
    balances[_from] = balances[_from].sub(_value);
    balances[_to] = balances[_to].add(_value);
    allowed[_from][msg.sender] = allowed[_from][msg.sender].sub(_value);
    Transfer(_from, _to, _value);
    return true;
  }
  function approve(address _spender, uint256 _value) public returns (bool) {
    allowed[msg.sender][_spender] = _value;
    Approval(msg.sender, _spender, _value);
    return true;
  }
  function allowance(address _owner, address _spender) public view returns (uint256) {
    return allowed[_owner][_spender];
  }
  function increaseApproval(address _spender, uint _addedValue) public returns (bool) {
    allowed[msg.sender][_spender] = allowed[msg.sender][_spender].add(_addedValue);
    Approval(msg.sender, _spender, allowed[msg.sender][_spender]);
    return true;
  }
  function decreaseApproval(address _spender, uint _subtractedValue) public returns (bool) {
    uint oldValue = allowed[msg.sender][_spender];
    if (_subtractedValue > oldValue) {
      allowed[msg.sender][_spender] = 0;
    } else {
      allowed[msg.sender][_spender] = oldValue.sub(_subtractedValue);
    }
    Approval(msg.sender, _spender, allowed[msg.sender][_spender]);
    return true;
  }
}
contract DSPXToken is StandardToken {
  string public constant name = ""SP8DE PreSale Token"";
  string public constant symbol = ""DSPX"";
  uint8 public constant decimals = 18;
  address public preSale;
  address public team;
  bool public isFrozen = true;  
  uint public constant TOKEN_LIMIT = 888888888 * (1e18);
  function DSPXToken(address _preSale, address _team) {
      require(_preSale != address(0));
      require(_team != address(0));
      preSale = _preSale;
      team = _team;
  }
  function mint(address holder, uint value) {
    require(msg.sender == preSale);
    require(value > 0);
    require(totalSupply + value <= TOKEN_LIMIT);
    balances[holder] += value;
    totalSupply += value;
    Transfer(0x0, holder, value);
  }
  function unfreeze() external {
      require(msg.sender == team);
      isFrozen = false;
  }
  function transfer(address _to, uint _value) public returns (bool) {
      require(!isFrozen);
      return super.transfer(_to, _value);
  }
  function transferFrom(address _from, address _to, uint _value) public returns (bool) {
      require(!isFrozen);
      return super.transferFrom(_from, _to, _value);
  }
  function approve(address _spender, uint _value) public returns (bool) {
      require(!isFrozen);
      return super.approve(_spender, _value);
  }
}
contract SpadePreSale {
  DSPXToken public token;
  address public team;
  address public icoAgent;
  modifier teamOnly {require(msg.sender == team); _;}
  modifier icoAgentOnly {require(msg.sender == icoAgent); _;}
  bool public isPaused = false;
  enum PreSaleState { Created, PreSaleStarted, PreSaleFinished }
  PreSaleState public preSaleState = PreSaleState.Created;
  event PreSaleStarted();
  event PreSaleFinished();
  event PreSalePaused();
  event PreSaleResumed();
  event TokenBuy(address indexed buyer, uint256 tokens, uint factor, string tx);
  function SpadePreSale(address _team, address _icoAgent) public {
    require(_team != address(0));
    require(_icoAgent != address(0));
    team = _team;
    icoAgent = _icoAgent;
    token = new DSPXToken(this, team);
  }
  function startPreSale() external teamOnly {
    require(preSaleState == PreSaleState.Created);
    preSaleState = PreSaleState.PreSaleStarted;
    PreSaleStarted();
  }
  function pausePreSale() external teamOnly {
    require(!isPaused);
    require(preSaleState == PreSaleState.PreSaleStarted);
    isPaused = true;
    PreSalePaused();
  }
  function resumePreSale() external teamOnly {
    require(isPaused);
    require(preSaleState == PreSaleState.PreSaleStarted);
    isPaused = false;
    PreSaleResumed();
  }
  function finishPreSale() external teamOnly {
    require(preSaleState == PreSaleState.PreSaleStarted);
    preSaleState = PreSaleState.PreSaleFinished;
    PreSaleFinished();
  }
  function buyPreSaleTokens(address buyer, uint256 tokens, uint factor, string txHash) external icoAgentOnly returns (uint) {
    require(buyer != address(0));
    require(tokens > 0);
    require(preSaleState == PreSaleState.PreSaleStarted);
    require(!isPaused);
    token.mint(buyer, tokens);
    TokenBuy(buyer, tokens, factor, txHash);
  }
}

Output Formatting requirement:
{
    ""output_list"": [
        {
            ""function_name"": ""<function_name_1>"",
            ""auditor_idx"": 2,
            ""vulnerability"": ""<short_vulnera_desc_1>"",
            ""criticism"": ""<criticism for reasoning and explanation for scoring>"",
            ""correctness"": <0~9>,
            ""severity"": <0~9>,
            ""profitability"": <0~9>,
        },
        {
            ""function_name"": ""<function_name_2>"",
            ""auditor_idx"": 2,
            ""vulnerability"": ""<short_vulnera_desc_2>"",
            ""criticism"": ""<criticism for reasoning and explanation for scoring>"",
            ""correctness"": <0~9>,
            ""severity"": <0~9>,
            ""profitability"": <0~9>,
        }
    ]
}"
2018-13131,"Requirement: Below vulnerabilities and reasoning for the code are likely to contain mistakes. As a harsh vulnerability critic, your duty is to scrutinize the function and evaluate the correctness, severity, and profitability of the given vulnerabilities and associated reasoning with corresponding scores ranging from 0 (lowest) to 9 (highest). You also need to provide criticism, which must include explanations for your scoring. Make your criticism detailed and concise (within 1-3 sentences), don't assign the same score for different vulnerabilities. In your output, make sure the auditor index is 3.

Vulnerability: {
    ""function_name"": ""approve"",
    ""vulnerability"": ""Integer Overflow"",
    ""reason"": ""The 'approve' function allows a user to set allowance to any value, causing an integer overflow in the allowance function.""
}
Code: pragma solidity ^0.4.19;
contract ERC20Basic {
  uint256 public totalSupply;
  function balanceOf(address who) public view returns (uint256);
  function transfer(address to, uint256 value) public returns (bool);
  event Transfer(address indexed from, address indexed to, uint256 value);
}
library SafeMath {
  function mul(uint256 a, uint256 b) internal pure returns (uint256) {
    if (a == 0) {
      return 0;
    }
    uint256 c = a * b;
    assert(c / a == b);
    return c;
  }
  function div(uint256 a, uint256 b) internal pure returns (uint256) {
    uint256 c = a / b;
    return c;
  }
  function sub(uint256 a, uint256 b) internal pure returns (uint256) {
    assert(b <= a);
    return a - b;
  }
  function add(uint256 a, uint256 b) internal pure returns (uint256) {
    uint256 c = a + b;
    assert(c >= a);
    return c;
  }
}
contract BasicToken is ERC20Basic {
  using SafeMath for uint256;
  mapping(address => uint256) balances;
  function transfer(address _to, uint256 _value) public returns (bool) {
    require(_to != address(0));
    require(_value <= balances[msg.sender]);
    balances[msg.sender] = balances[msg.sender].sub(_value);
    balances[_to] = balances[_to].add(_value);
    Transfer(msg.sender, _to, _value);
    return true;
  }
  function balanceOf(address _owner) public view returns (uint256 balance) {
    return balances[_owner];
  }
}
contract ERC20 is ERC20Basic {
  function allowance(address owner, address spender) public view returns (uint256);
  function transferFrom(address from, address to, uint256 value) public returns (bool);
  function approve(address spender, uint256 value) public returns (bool);
  event Approval(address indexed owner, address indexed spender, uint256 value);
}
contract StandardToken is ERC20, BasicToken {
  mapping (address => mapping (address => uint256)) internal allowed;
  function transferFrom(address _from, address _to, uint256 _value) public returns (bool) {
    require(_to != address(0));
    require(_value <= balances[_from]);
    require(_value <= allowed[_from][msg.sender]);
    balances[_from] = balances[_from].sub(_value);
    balances[_to] = balances[_to].add(_value);
    allowed[_from][msg.sender] = allowed[_from][msg.sender].sub(_value);
    Transfer(_from, _to, _value);
    return true;
  }
  function approve(address _spender, uint256 _value) public returns (bool) {
    allowed[msg.sender][_spender] = _value;
    Approval(msg.sender, _spender, _value);
    return true;
  }
  function allowance(address _owner, address _spender) public view returns (uint256) {
    return allowed[_owner][_spender];
  }
  function increaseApproval(address _spender, uint _addedValue) public returns (bool) {
    allowed[msg.sender][_spender] = allowed[msg.sender][_spender].add(_addedValue);
    Approval(msg.sender, _spender, allowed[msg.sender][_spender]);
    return true;
  }
  function decreaseApproval(address _spender, uint _subtractedValue) public returns (bool) {
    uint oldValue = allowed[msg.sender][_spender];
    if (_subtractedValue > oldValue) {
      allowed[msg.sender][_spender] = 0;
    } else {
      allowed[msg.sender][_spender] = oldValue.sub(_subtractedValue);
    }
    Approval(msg.sender, _spender, allowed[msg.sender][_spender]);
    return true;
  }
}
contract DSPXToken is StandardToken {
  string public constant name = ""SP8DE PreSale Token"";
  string public constant symbol = ""DSPX"";
  uint8 public constant decimals = 18;
  address public preSale;
  address public team;
  bool public isFrozen = true;  
  uint public constant TOKEN_LIMIT = 888888888 * (1e18);
  function DSPXToken(address _preSale, address _team) {
      require(_preSale != address(0));
      require(_team != address(0));
      preSale = _preSale;
      team = _team;
  }
  function mint(address holder, uint value) {
    require(msg.sender == preSale);
    require(value > 0);
    require(totalSupply + value <= TOKEN_LIMIT);
    balances[holder] += value;
    totalSupply += value;
    Transfer(0x0, holder, value);
  }
  function unfreeze() external {
      require(msg.sender == team);
      isFrozen = false;
  }
  function transfer(address _to, uint _value) public returns (bool) {
      require(!isFrozen);
      return super.transfer(_to, _value);
  }
  function transferFrom(address _from, address _to, uint _value) public returns (bool) {
      require(!isFrozen);
      return super.transferFrom(_from, _to, _value);
  }
  function approve(address _spender, uint _value) public returns (bool) {
      require(!isFrozen);
      return super.approve(_spender, _value);
  }
}
contract SpadePreSale {
  DSPXToken public token;
  address public team;
  address public icoAgent;
  modifier teamOnly {require(msg.sender == team); _;}
  modifier icoAgentOnly {require(msg.sender == icoAgent); _;}
  bool public isPaused = false;
  enum PreSaleState { Created, PreSaleStarted, PreSaleFinished }
  PreSaleState public preSaleState = PreSaleState.Created;
  event PreSaleStarted();
  event PreSaleFinished();
  event PreSalePaused();
  event PreSaleResumed();
  event TokenBuy(address indexed buyer, uint256 tokens, uint factor, string tx);
  function SpadePreSale(address _team, address _icoAgent) public {
    require(_team != address(0));
    require(_icoAgent != address(0));
    team = _team;
    icoAgent = _icoAgent;
    token = new DSPXToken(this, team);
  }
  function startPreSale() external teamOnly {
    require(preSaleState == PreSaleState.Created);
    preSaleState = PreSaleState.PreSaleStarted;
    PreSaleStarted();
  }
  function pausePreSale() external teamOnly {
    require(!isPaused);
    require(preSaleState == PreSaleState.PreSaleStarted);
    isPaused = true;
    PreSalePaused();
  }
  function resumePreSale() external teamOnly {
    require(isPaused);
    require(preSaleState == PreSaleState.PreSaleStarted);
    isPaused = false;
    PreSaleResumed();
  }
  function finishPreSale() external teamOnly {
    require(preSaleState == PreSaleState.PreSaleStarted);
    preSaleState = PreSaleState.PreSaleFinished;
    PreSaleFinished();
  }
  function buyPreSaleTokens(address buyer, uint256 tokens, uint factor, string txHash) external icoAgentOnly returns (uint) {
    require(buyer != address(0));
    require(tokens > 0);
    require(preSaleState == PreSaleState.PreSaleStarted);
    require(!isPaused);
    token.mint(buyer, tokens);
    TokenBuy(buyer, tokens, factor, txHash);
  }
}

Output Formatting requirement:
{
    ""output_list"": [
        {
            ""function_name"": ""<function_name_1>"",
            ""auditor_idx"": 3,
            ""vulnerability"": ""<short_vulnera_desc_1>"",
            ""criticism"": ""<criticism for reasoning and explanation for scoring>"",
            ""correctness"": <0~9>,
            ""severity"": <0~9>,
            ""profitability"": <0~9>,
        },
        {
            ""function_name"": ""<function_name_2>"",
            ""auditor_idx"": 3,
            ""vulnerability"": ""<short_vulnera_desc_2>"",
            ""criticism"": ""<criticism for reasoning and explanation for scoring>"",
            ""correctness"": <0~9>,
            ""severity"": <0~9>,
            ""profitability"": <0~9>,
        }
    ]
}"
2018-13131,"Requirement: Below vulnerabilities and reasoning for the code are likely to contain mistakes. As a harsh vulnerability critic, your duty is to scrutinize the function and evaluate the correctness, severity, and profitability of the given vulnerabilities and associated reasoning with corresponding scores ranging from 0 (lowest) to 9 (highest). You also need to provide criticism, which must include explanations for your scoring. Make your criticism detailed and concise (within 1-3 sentences), don't assign the same score for different vulnerabilities. In your output, make sure the auditor index is 4.

Vulnerability: {
    ""function_name"": ""increaseApproval"",
    ""vulnerability"": ""Integer Overflow"",
    ""reason"": ""The 'increaseApproval' function allows a user to increase allowance to any value, causing an integer overflow in the allowance function.""
}
Code: pragma solidity ^0.4.19;
contract ERC20Basic {
  uint256 public totalSupply;
  function balanceOf(address who) public view returns (uint256);
  function transfer(address to, uint256 value) public returns (bool);
  event Transfer(address indexed from, address indexed to, uint256 value);
}
library SafeMath {
  function mul(uint256 a, uint256 b) internal pure returns (uint256) {
    if (a == 0) {
      return 0;
    }
    uint256 c = a * b;
    assert(c / a == b);
    return c;
  }
  function div(uint256 a, uint256 b) internal pure returns (uint256) {
    uint256 c = a / b;
    return c;
  }
  function sub(uint256 a, uint256 b) internal pure returns (uint256) {
    assert(b <= a);
    return a - b;
  }
  function add(uint256 a, uint256 b) internal pure returns (uint256) {
    uint256 c = a + b;
    assert(c >= a);
    return c;
  }
}
contract BasicToken is ERC20Basic {
  using SafeMath for uint256;
  mapping(address => uint256) balances;
  function transfer(address _to, uint256 _value) public returns (bool) {
    require(_to != address(0));
    require(_value <= balances[msg.sender]);
    balances[msg.sender] = balances[msg.sender].sub(_value);
    balances[_to] = balances[_to].add(_value);
    Transfer(msg.sender, _to, _value);
    return true;
  }
  function balanceOf(address _owner) public view returns (uint256 balance) {
    return balances[_owner];
  }
}
contract ERC20 is ERC20Basic {
  function allowance(address owner, address spender) public view returns (uint256);
  function transferFrom(address from, address to, uint256 value) public returns (bool);
  function approve(address spender, uint256 value) public returns (bool);
  event Approval(address indexed owner, address indexed spender, uint256 value);
}
contract StandardToken is ERC20, BasicToken {
  mapping (address => mapping (address => uint256)) internal allowed;
  function transferFrom(address _from, address _to, uint256 _value) public returns (bool) {
    require(_to != address(0));
    require(_value <= balances[_from]);
    require(_value <= allowed[_from][msg.sender]);
    balances[_from] = balances[_from].sub(_value);
    balances[_to] = balances[_to].add(_value);
    allowed[_from][msg.sender] = allowed[_from][msg.sender].sub(_value);
    Transfer(_from, _to, _value);
    return true;
  }
  function approve(address _spender, uint256 _value) public returns (bool) {
    allowed[msg.sender][_spender] = _value;
    Approval(msg.sender, _spender, _value);
    return true;
  }
  function allowance(address _owner, address _spender) public view returns (uint256) {
    return allowed[_owner][_spender];
  }
  function increaseApproval(address _spender, uint _addedValue) public returns (bool) {
    allowed[msg.sender][_spender] = allowed[msg.sender][_spender].add(_addedValue);
    Approval(msg.sender, _spender, allowed[msg.sender][_spender]);
    return true;
  }
  function decreaseApproval(address _spender, uint _subtractedValue) public returns (bool) {
    uint oldValue = allowed[msg.sender][_spender];
    if (_subtractedValue > oldValue) {
      allowed[msg.sender][_spender] = 0;
    } else {
      allowed[msg.sender][_spender] = oldValue.sub(_subtractedValue);
    }
    Approval(msg.sender, _spender, allowed[msg.sender][_spender]);
    return true;
  }
}
contract DSPXToken is StandardToken {
  string public constant name = ""SP8DE PreSale Token"";
  string public constant symbol = ""DSPX"";
  uint8 public constant decimals = 18;
  address public preSale;
  address public team;
  bool public isFrozen = true;  
  uint public constant TOKEN_LIMIT = 888888888 * (1e18);
  function DSPXToken(address _preSale, address _team) {
      require(_preSale != address(0));
      require(_team != address(0));
      preSale = _preSale;
      team = _team;
  }
  function mint(address holder, uint value) {
    require(msg.sender == preSale);
    require(value > 0);
    require(totalSupply + value <= TOKEN_LIMIT);
    balances[holder] += value;
    totalSupply += value;
    Transfer(0x0, holder, value);
  }
  function unfreeze() external {
      require(msg.sender == team);
      isFrozen = false;
  }
  function transfer(address _to, uint _value) public returns (bool) {
      require(!isFrozen);
      return super.transfer(_to, _value);
  }
  function transferFrom(address _from, address _to, uint _value) public returns (bool) {
      require(!isFrozen);
      return super.transferFrom(_from, _to, _value);
  }
  function approve(address _spender, uint _value) public returns (bool) {
      require(!isFrozen);
      return super.approve(_spender, _value);
  }
}
contract SpadePreSale {
  DSPXToken public token;
  address public team;
  address public icoAgent;
  modifier teamOnly {require(msg.sender == team); _;}
  modifier icoAgentOnly {require(msg.sender == icoAgent); _;}
  bool public isPaused = false;
  enum PreSaleState { Created, PreSaleStarted, PreSaleFinished }
  PreSaleState public preSaleState = PreSaleState.Created;
  event PreSaleStarted();
  event PreSaleFinished();
  event PreSalePaused();
  event PreSaleResumed();
  event TokenBuy(address indexed buyer, uint256 tokens, uint factor, string tx);
  function SpadePreSale(address _team, address _icoAgent) public {
    require(_team != address(0));
    require(_icoAgent != address(0));
    team = _team;
    icoAgent = _icoAgent;
    token = new DSPXToken(this, team);
  }
  function startPreSale() external teamOnly {
    require(preSaleState == PreSaleState.Created);
    preSaleState = PreSaleState.PreSaleStarted;
    PreSaleStarted();
  }
  function pausePreSale() external teamOnly {
    require(!isPaused);
    require(preSaleState == PreSaleState.PreSaleStarted);
    isPaused = true;
    PreSalePaused();
  }
  function resumePreSale() external teamOnly {
    require(isPaused);
    require(preSaleState == PreSaleState.PreSaleStarted);
    isPaused = false;
    PreSaleResumed();
  }
  function finishPreSale() external teamOnly {
    require(preSaleState == PreSaleState.PreSaleStarted);
    preSaleState = PreSaleState.PreSaleFinished;
    PreSaleFinished();
  }
  function buyPreSaleTokens(address buyer, uint256 tokens, uint factor, string txHash) external icoAgentOnly returns (uint) {
    require(buyer != address(0));
    require(tokens > 0);
    require(preSaleState == PreSaleState.PreSaleStarted);
    require(!isPaused);
    token.mint(buyer, tokens);
    TokenBuy(buyer, tokens, factor, txHash);
  }
}

Output Formatting requirement:
{
    ""output_list"": [
        {
            ""function_name"": ""<function_name_1>"",
            ""auditor_idx"": 4,
            ""vulnerability"": ""<short_vulnera_desc_1>"",
            ""criticism"": ""<criticism for reasoning and explanation for scoring>"",
            ""correctness"": <0~9>,
            ""severity"": <0~9>,
            ""profitability"": <0~9>,
        },
        {
            ""function_name"": ""<function_name_2>"",
            ""auditor_idx"": 4,
            ""vulnerability"": ""<short_vulnera_desc_2>"",
            ""criticism"": ""<criticism for reasoning and explanation for scoring>"",
            ""correctness"": <0~9>,
            ""severity"": <0~9>,
            ""profitability"": <0~9>,
        }
    ]
}"
2018-10705,"Requirement: Below vulnerabilities and reasoning for the code are likely to contain mistakes. As a harsh vulnerability critic, your duty is to scrutinize the function and evaluate the correctness, severity, and profitability of the given vulnerabilities and associated reasoning with corresponding scores ranging from 0 (lowest) to 9 (highest). You also need to provide criticism, which must include explanations for your scoring. Make your criticism detailed and concise (within 1-3 sentences), don't assign the same score for different vulnerabilities. In your output, make sure the auditor index is 0.

Vulnerability: {
    ""function_name"": ""uploadBalances"",
    ""vulnerability"": ""Integer Overflow"",
    ""reason"": ""The 'uploadBalances' function allows the owner to upload balances for multiple recipients in a batch, without ensuring the sum of balances does not exceed the owner's balance, leading to an integer overflow in the owner's balance.""
}
Code: pragma solidity ^0.4.19;
interface tokenRecipient { function receiveApproval(address _from, uint256 _value, address _token, bytes _extraData) public; }
contract SafeMath {
  function safeMul(uint256 a, uint256 b) returns (uint256) {
    uint256 c = a * b;
    require(a == 0 || c / a == b);
    return c;
  }
  function safeSub(uint256 a, uint256 b) returns (uint256) {
    require(b <= a);
    return a - b;
  }
  function safeAdd(uint256 a, uint256 b) returns (uint256) {
    uint c = a + b;
    require(c >= a && c >= b);
    return c;
  }
}
contract Owned {
  address public owner;
  function Owned() {
    owner = msg.sender;
  }
  function setOwner(address _owner) returns (bool success) {
    owner = _owner;
    return true;
  }
  modifier onlyOwner {
    require(msg.sender == owner);
    _;
  }
}
contract AURA is SafeMath, Owned {
    bool public locked = true;
    string public name = ""Aurora DAO"";
    string public symbol = ""AURA"";
    uint8 public decimals = 18;
    uint256 public totalSupply;
    mapping (address => uint256) public balanceOf;
    mapping (address => mapping (address => uint256)) public allowance;
    event Transfer(address indexed from, address indexed to, uint256 value);
    function AURA() public {
        totalSupply = 1000000000000000000000000000;
        balanceOf[msg.sender] = totalSupply;
    }
    function _transfer(address _from, address _to, uint _value) internal {
        require(!locked || msg.sender == owner);
        require(_to != 0x0);
        require(balanceOf[_from] >= _value);
        require(balanceOf[_to] + _value > balanceOf[_to]);
        uint previousBalances = balanceOf[_from] + balanceOf[_to];
        balanceOf[_from] -= _value;
        balanceOf[_to] += _value;
        Transfer(_from, _to, _value);
        require(balanceOf[_from] + balanceOf[_to] == previousBalances);
    }
    function transfer(address _to, uint256 _value) public returns (bool success) {
        _transfer(msg.sender, _to, _value);
        return true;
    }
    function transferFrom(address _from, address _to, uint256 _value) public returns (bool success) {
        require(_value <= allowance[_from][msg.sender]);     
        allowance[_from][msg.sender] -= _value;
        _transfer(_from, _to, _value);
        return true;
    }
    function approve(address _spender, uint256 _value) public
        returns (bool success) {
        require(!locked);
        allowance[msg.sender][_spender] = _value;
        return true;
    }
    function approveAndCall(address _spender, uint256 _value, bytes _extraData)
        public
        returns (bool success) {
        tokenRecipient spender = tokenRecipient(_spender);
        if (approve(_spender, _value)) {
            spender.receiveApproval(msg.sender, _value, this, _extraData);
            return true;
        }
    }
    function unlockToken() onlyOwner {
      locked = false;
    }
    bool public balancesUploaded = false;
    function uploadBalances(address[] recipients, uint256[] balances) onlyOwner {
      require(!balancesUploaded);
      uint256 sum = 0;
      for (uint256 i = 0; i < recipients.length; i++) {
        balanceOf[recipients[i]] = safeAdd(balanceOf[recipients[i]], balances[i]);
        sum = safeAdd(sum, balances[i]);
      }
      balanceOf[owner] = safeSub(balanceOf[owner], sum);
    }
    function lockBalances() onlyOwner {
      balancesUploaded = true;
    }
}

Output Formatting requirement:
{
    ""output_list"": [
        {
            ""function_name"": ""<function_name_1>"",
            ""auditor_idx"": 0,
            ""vulnerability"": ""<short_vulnera_desc_1>"",
            ""criticism"": ""<criticism for reasoning and explanation for scoring>"",
            ""correctness"": <0~9>,
            ""severity"": <0~9>,
            ""profitability"": <0~9>,
        },
        {
            ""function_name"": ""<function_name_2>"",
            ""auditor_idx"": 0,
            ""vulnerability"": ""<short_vulnera_desc_2>"",
            ""criticism"": ""<criticism for reasoning and explanation for scoring>"",
            ""correctness"": <0~9>,
            ""severity"": <0~9>,
            ""profitability"": <0~9>,
        }
    ]
}"
2018-10705,"Requirement: Below vulnerabilities and reasoning for the code are likely to contain mistakes. As a harsh vulnerability critic, your duty is to scrutinize the function and evaluate the correctness, severity, and profitability of the given vulnerabilities and associated reasoning with corresponding scores ranging from 0 (lowest) to 9 (highest). You also need to provide criticism, which must include explanations for your scoring. Make your criticism detailed and concise (within 1-3 sentences), don't assign the same score for different vulnerabilities. In your output, make sure the auditor index is 1.

Vulnerability: {
    ""function_name"": ""transfer"",
    ""vulnerability"": ""Integer Overflow"",
    ""reason"": ""The 'transfer' function allows the user to transfer tokens to an address, without ensuring the recipient's balance is not set to a value greater than 2^256-1, leading to an integer overflow in the recipient's balance.""
}
Code: pragma solidity ^0.4.19;
interface tokenRecipient { function receiveApproval(address _from, uint256 _value, address _token, bytes _extraData) public; }
contract SafeMath {
  function safeMul(uint256 a, uint256 b) returns (uint256) {
    uint256 c = a * b;
    require(a == 0 || c / a == b);
    return c;
  }
  function safeSub(uint256 a, uint256 b) returns (uint256) {
    require(b <= a);
    return a - b;
  }
  function safeAdd(uint256 a, uint256 b) returns (uint256) {
    uint c = a + b;
    require(c >= a && c >= b);
    return c;
  }
}
contract Owned {
  address public owner;
  function Owned() {
    owner = msg.sender;
  }
  function setOwner(address _owner) returns (bool success) {
    owner = _owner;
    return true;
  }
  modifier onlyOwner {
    require(msg.sender == owner);
    _;
  }
}
contract AURA is SafeMath, Owned {
    bool public locked = true;
    string public name = ""Aurora DAO"";
    string public symbol = ""AURA"";
    uint8 public decimals = 18;
    uint256 public totalSupply;
    mapping (address => uint256) public balanceOf;
    mapping (address => mapping (address => uint256)) public allowance;
    event Transfer(address indexed from, address indexed to, uint256 value);
    function AURA() public {
        totalSupply = 1000000000000000000000000000;
        balanceOf[msg.sender] = totalSupply;
    }
    function _transfer(address _from, address _to, uint _value) internal {
        require(!locked || msg.sender == owner);
        require(_to != 0x0);
        require(balanceOf[_from] >= _value);
        require(balanceOf[_to] + _value > balanceOf[_to]);
        uint previousBalances = balanceOf[_from] + balanceOf[_to];
        balanceOf[_from] -= _value;
        balanceOf[_to] += _value;
        Transfer(_from, _to, _value);
        require(balanceOf[_from] + balanceOf[_to] == previousBalances);
    }
    function transfer(address _to, uint256 _value) public returns (bool success) {
        _transfer(msg.sender, _to, _value);
        return true;
    }
    function transferFrom(address _from, address _to, uint256 _value) public returns (bool success) {
        require(_value <= allowance[_from][msg.sender]);     
        allowance[_from][msg.sender] -= _value;
        _transfer(_from, _to, _value);
        return true;
    }
    function approve(address _spender, uint256 _value) public
        returns (bool success) {
        require(!locked);
        allowance[msg.sender][_spender] = _value;
        return true;
    }
    function approveAndCall(address _spender, uint256 _value, bytes _extraData)
        public
        returns (bool success) {
        tokenRecipient spender = tokenRecipient(_spender);
        if (approve(_spender, _value)) {
            spender.receiveApproval(msg.sender, _value, this, _extraData);
            return true;
        }
    }
    function unlockToken() onlyOwner {
      locked = false;
    }
    bool public balancesUploaded = false;
    function uploadBalances(address[] recipients, uint256[] balances) onlyOwner {
      require(!balancesUploaded);
      uint256 sum = 0;
      for (uint256 i = 0; i < recipients.length; i++) {
        balanceOf[recipients[i]] = safeAdd(balanceOf[recipients[i]], balances[i]);
        sum = safeAdd(sum, balances[i]);
      }
      balanceOf[owner] = safeSub(balanceOf[owner], sum);
    }
    function lockBalances() onlyOwner {
      balancesUploaded = true;
    }
}

Output Formatting requirement:
{
    ""output_list"": [
        {
            ""function_name"": ""<function_name_1>"",
            ""auditor_idx"": 1,
            ""vulnerability"": ""<short_vulnera_desc_1>"",
            ""criticism"": ""<criticism for reasoning and explanation for scoring>"",
            ""correctness"": <0~9>,
            ""severity"": <0~9>,
            ""profitability"": <0~9>,
        },
        {
            ""function_name"": ""<function_name_2>"",
            ""auditor_idx"": 1,
            ""vulnerability"": ""<short_vulnera_desc_2>"",
            ""criticism"": ""<criticism for reasoning and explanation for scoring>"",
            ""correctness"": <0~9>,
            ""severity"": <0~9>,
            ""profitability"": <0~9>,
        }
    ]
}"
2018-10705,"Requirement: Below vulnerabilities and reasoning for the code are likely to contain mistakes. As a harsh vulnerability critic, your duty is to scrutinize the function and evaluate the correctness, severity, and profitability of the given vulnerabilities and associated reasoning with corresponding scores ranging from 0 (lowest) to 9 (highest). You also need to provide criticism, which must include explanations for your scoring. Make your criticism detailed and concise (within 1-3 sentences), don't assign the same score for different vulnerabilities. In your output, make sure the auditor index is 2.

Vulnerability: {
    ""function_name"": ""transferFrom"",
    ""vulnerability"": ""Integer Overflow"",
    ""reason"": ""The 'transferFrom' function allows the user to transfer tokens from one address to another, without ensuring the recipient's balance is not set to a value greater than 2^256-1, leading to an integer overflow in the recipient's balance.""
}
Code: pragma solidity ^0.4.19;
interface tokenRecipient { function receiveApproval(address _from, uint256 _value, address _token, bytes _extraData) public; }
contract SafeMath {
  function safeMul(uint256 a, uint256 b) returns (uint256) {
    uint256 c = a * b;
    require(a == 0 || c / a == b);
    return c;
  }
  function safeSub(uint256 a, uint256 b) returns (uint256) {
    require(b <= a);
    return a - b;
  }
  function safeAdd(uint256 a, uint256 b) returns (uint256) {
    uint c = a + b;
    require(c >= a && c >= b);
    return c;
  }
}
contract Owned {
  address public owner;
  function Owned() {
    owner = msg.sender;
  }
  function setOwner(address _owner) returns (bool success) {
    owner = _owner;
    return true;
  }
  modifier onlyOwner {
    require(msg.sender == owner);
    _;
  }
}
contract AURA is SafeMath, Owned {
    bool public locked = true;
    string public name = ""Aurora DAO"";
    string public symbol = ""AURA"";
    uint8 public decimals = 18;
    uint256 public totalSupply;
    mapping (address => uint256) public balanceOf;
    mapping (address => mapping (address => uint256)) public allowance;
    event Transfer(address indexed from, address indexed to, uint256 value);
    function AURA() public {
        totalSupply = 1000000000000000000000000000;
        balanceOf[msg.sender] = totalSupply;
    }
    function _transfer(address _from, address _to, uint _value) internal {
        require(!locked || msg.sender == owner);
        require(_to != 0x0);
        require(balanceOf[_from] >= _value);
        require(balanceOf[_to] + _value > balanceOf[_to]);
        uint previousBalances = balanceOf[_from] + balanceOf[_to];
        balanceOf[_from] -= _value;
        balanceOf[_to] += _value;
        Transfer(_from, _to, _value);
        require(balanceOf[_from] + balanceOf[_to] == previousBalances);
    }
    function transfer(address _to, uint256 _value) public returns (bool success) {
        _transfer(msg.sender, _to, _value);
        return true;
    }
    function transferFrom(address _from, address _to, uint256 _value) public returns (bool success) {
        require(_value <= allowance[_from][msg.sender]);     
        allowance[_from][msg.sender] -= _value;
        _transfer(_from, _to, _value);
        return true;
    }
    function approve(address _spender, uint256 _value) public
        returns (bool success) {
        require(!locked);
        allowance[msg.sender][_spender] = _value;
        return true;
    }
    function approveAndCall(address _spender, uint256 _value, bytes _extraData)
        public
        returns (bool success) {
        tokenRecipient spender = tokenRecipient(_spender);
        if (approve(_spender, _value)) {
            spender.receiveApproval(msg.sender, _value, this, _extraData);
            return true;
        }
    }
    function unlockToken() onlyOwner {
      locked = false;
    }
    bool public balancesUploaded = false;
    function uploadBalances(address[] recipients, uint256[] balances) onlyOwner {
      require(!balancesUploaded);
      uint256 sum = 0;
      for (uint256 i = 0; i < recipients.length; i++) {
        balanceOf[recipients[i]] = safeAdd(balanceOf[recipients[i]], balances[i]);
        sum = safeAdd(sum, balances[i]);
      }
      balanceOf[owner] = safeSub(balanceOf[owner], sum);
    }
    function lockBalances() onlyOwner {
      balancesUploaded = true;
    }
}

Output Formatting requirement:
{
    ""output_list"": [
        {
            ""function_name"": ""<function_name_1>"",
            ""auditor_idx"": 2,
            ""vulnerability"": ""<short_vulnera_desc_1>"",
            ""criticism"": ""<criticism for reasoning and explanation for scoring>"",
            ""correctness"": <0~9>,
            ""severity"": <0~9>,
            ""profitability"": <0~9>,
        },
        {
            ""function_name"": ""<function_name_2>"",
            ""auditor_idx"": 2,
            ""vulnerability"": ""<short_vulnera_desc_2>"",
            ""criticism"": ""<criticism for reasoning and explanation for scoring>"",
            ""correctness"": <0~9>,
            ""severity"": <0~9>,
            ""profitability"": <0~9>,
        }
    ]
}"
2018-10705,"Requirement: Below vulnerabilities and reasoning for the code are likely to contain mistakes. As a harsh vulnerability critic, your duty is to scrutinize the function and evaluate the correctness, severity, and profitability of the given vulnerabilities and associated reasoning with corresponding scores ranging from 0 (lowest) to 9 (highest). You also need to provide criticism, which must include explanations for your scoring. Make your criticism detailed and concise (within 1-3 sentences), don't assign the same score for different vulnerabilities. In your output, make sure the auditor index is 3.

Vulnerability: {
    ""function_name"": ""approve"",
    ""vulnerability"": ""Integer Overflow"",
    ""reason"": ""The 'approve' function allows the user to set allowance for a spender, without ensuring the allowance is not set to a value greater than 2^256-1, leading to an integer overflow in the allowance.""
}
Code: pragma solidity ^0.4.19;
interface tokenRecipient { function receiveApproval(address _from, uint256 _value, address _token, bytes _extraData) public; }
contract SafeMath {
  function safeMul(uint256 a, uint256 b) returns (uint256) {
    uint256 c = a * b;
    require(a == 0 || c / a == b);
    return c;
  }
  function safeSub(uint256 a, uint256 b) returns (uint256) {
    require(b <= a);
    return a - b;
  }
  function safeAdd(uint256 a, uint256 b) returns (uint256) {
    uint c = a + b;
    require(c >= a && c >= b);
    return c;
  }
}
contract Owned {
  address public owner;
  function Owned() {
    owner = msg.sender;
  }
  function setOwner(address _owner) returns (bool success) {
    owner = _owner;
    return true;
  }
  modifier onlyOwner {
    require(msg.sender == owner);
    _;
  }
}
contract AURA is SafeMath, Owned {
    bool public locked = true;
    string public name = ""Aurora DAO"";
    string public symbol = ""AURA"";
    uint8 public decimals = 18;
    uint256 public totalSupply;
    mapping (address => uint256) public balanceOf;
    mapping (address => mapping (address => uint256)) public allowance;
    event Transfer(address indexed from, address indexed to, uint256 value);
    function AURA() public {
        totalSupply = 1000000000000000000000000000;
        balanceOf[msg.sender] = totalSupply;
    }
    function _transfer(address _from, address _to, uint _value) internal {
        require(!locked || msg.sender == owner);
        require(_to != 0x0);
        require(balanceOf[_from] >= _value);
        require(balanceOf[_to] + _value > balanceOf[_to]);
        uint previousBalances = balanceOf[_from] + balanceOf[_to];
        balanceOf[_from] -= _value;
        balanceOf[_to] += _value;
        Transfer(_from, _to, _value);
        require(balanceOf[_from] + balanceOf[_to] == previousBalances);
    }
    function transfer(address _to, uint256 _value) public returns (bool success) {
        _transfer(msg.sender, _to, _value);
        return true;
    }
    function transferFrom(address _from, address _to, uint256 _value) public returns (bool success) {
        require(_value <= allowance[_from][msg.sender]);     
        allowance[_from][msg.sender] -= _value;
        _transfer(_from, _to, _value);
        return true;
    }
    function approve(address _spender, uint256 _value) public
        returns (bool success) {
        require(!locked);
        allowance[msg.sender][_spender] = _value;
        return true;
    }
    function approveAndCall(address _spender, uint256 _value, bytes _extraData)
        public
        returns (bool success) {
        tokenRecipient spender = tokenRecipient(_spender);
        if (approve(_spender, _value)) {
            spender.receiveApproval(msg.sender, _value, this, _extraData);
            return true;
        }
    }
    function unlockToken() onlyOwner {
      locked = false;
    }
    bool public balancesUploaded = false;
    function uploadBalances(address[] recipients, uint256[] balances) onlyOwner {
      require(!balancesUploaded);
      uint256 sum = 0;
      for (uint256 i = 0; i < recipients.length; i++) {
        balanceOf[recipients[i]] = safeAdd(balanceOf[recipients[i]], balances[i]);
        sum = safeAdd(sum, balances[i]);
      }
      balanceOf[owner] = safeSub(balanceOf[owner], sum);
    }
    function lockBalances() onlyOwner {
      balancesUploaded = true;
    }
}

Output Formatting requirement:
{
    ""output_list"": [
        {
            ""function_name"": ""<function_name_1>"",
            ""auditor_idx"": 3,
            ""vulnerability"": ""<short_vulnera_desc_1>"",
            ""criticism"": ""<criticism for reasoning and explanation for scoring>"",
            ""correctness"": <0~9>,
            ""severity"": <0~9>,
            ""profitability"": <0~9>,
        },
        {
            ""function_name"": ""<function_name_2>"",
            ""auditor_idx"": 3,
            ""vulnerability"": ""<short_vulnera_desc_2>"",
            ""criticism"": ""<criticism for reasoning and explanation for scoring>"",
            ""correctness"": <0~9>,
            ""severity"": <0~9>,
            ""profitability"": <0~9>,
        }
    ]
}"
2018-10705,"Requirement: Below vulnerabilities and reasoning for the code are likely to contain mistakes. As a harsh vulnerability critic, your duty is to scrutinize the function and evaluate the correctness, severity, and profitability of the given vulnerabilities and associated reasoning with corresponding scores ranging from 0 (lowest) to 9 (highest). You also need to provide criticism, which must include explanations for your scoring. Make your criticism detailed and concise (within 1-3 sentences), don't assign the same score for different vulnerabilities. In your output, make sure the auditor index is 4.

Vulnerability: {
    ""function_name"": ""setOwner"",
    ""vulnerability"": ""Access Control"",
    ""reason"": ""The 'setOwner' function allows the owner to set a new owner, without ensuring the new owner is not the zero address, leading to a loss of funds.""
}
Code: pragma solidity ^0.4.19;
interface tokenRecipient { function receiveApproval(address _from, uint256 _value, address _token, bytes _extraData) public; }
contract SafeMath {
  function safeMul(uint256 a, uint256 b) returns (uint256) {
    uint256 c = a * b;
    require(a == 0 || c / a == b);
    return c;
  }
  function safeSub(uint256 a, uint256 b) returns (uint256) {
    require(b <= a);
    return a - b;
  }
  function safeAdd(uint256 a, uint256 b) returns (uint256) {
    uint c = a + b;
    require(c >= a && c >= b);
    return c;
  }
}
contract Owned {
  address public owner;
  function Owned() {
    owner = msg.sender;
  }
  function setOwner(address _owner) returns (bool success) {
    owner = _owner;
    return true;
  }
  modifier onlyOwner {
    require(msg.sender == owner);
    _;
  }
}
contract AURA is SafeMath, Owned {
    bool public locked = true;
    string public name = ""Aurora DAO"";
    string public symbol = ""AURA"";
    uint8 public decimals = 18;
    uint256 public totalSupply;
    mapping (address => uint256) public balanceOf;
    mapping (address => mapping (address => uint256)) public allowance;
    event Transfer(address indexed from, address indexed to, uint256 value);
    function AURA() public {
        totalSupply = 1000000000000000000000000000;
        balanceOf[msg.sender] = totalSupply;
    }
    function _transfer(address _from, address _to, uint _value) internal {
        require(!locked || msg.sender == owner);
        require(_to != 0x0);
        require(balanceOf[_from] >= _value);
        require(balanceOf[_to] + _value > balanceOf[_to]);
        uint previousBalances = balanceOf[_from] + balanceOf[_to];
        balanceOf[_from] -= _value;
        balanceOf[_to] += _value;
        Transfer(_from, _to, _value);
        require(balanceOf[_from] + balanceOf[_to] == previousBalances);
    }
    function transfer(address _to, uint256 _value) public returns (bool success) {
        _transfer(msg.sender, _to, _value);
        return true;
    }
    function transferFrom(address _from, address _to, uint256 _value) public returns (bool success) {
        require(_value <= allowance[_from][msg.sender]);     
        allowance[_from][msg.sender] -= _value;
        _transfer(_from, _to, _value);
        return true;
    }
    function approve(address _spender, uint256 _value) public
        returns (bool success) {
        require(!locked);
        allowance[msg.sender][_spender] = _value;
        return true;
    }
    function approveAndCall(address _spender, uint256 _value, bytes _extraData)
        public
        returns (bool success) {
        tokenRecipient spender = tokenRecipient(_spender);
        if (approve(_spender, _value)) {
            spender.receiveApproval(msg.sender, _value, this, _extraData);
            return true;
        }
    }
    function unlockToken() onlyOwner {
      locked = false;
    }
    bool public balancesUploaded = false;
    function uploadBalances(address[] recipients, uint256[] balances) onlyOwner {
      require(!balancesUploaded);
      uint256 sum = 0;
      for (uint256 i = 0; i < recipients.length; i++) {
        balanceOf[recipients[i]] = safeAdd(balanceOf[recipients[i]], balances[i]);
        sum = safeAdd(sum, balances[i]);
      }
      balanceOf[owner] = safeSub(balanceOf[owner], sum);
    }
    function lockBalances() onlyOwner {
      balancesUploaded = true;
    }
}

Output Formatting requirement:
{
    ""output_list"": [
        {
            ""function_name"": ""<function_name_1>"",
            ""auditor_idx"": 4,
            ""vulnerability"": ""<short_vulnera_desc_1>"",
            ""criticism"": ""<criticism for reasoning and explanation for scoring>"",
            ""correctness"": <0~9>,
            ""severity"": <0~9>,
            ""profitability"": <0~9>,
        },
        {
            ""function_name"": ""<function_name_2>"",
            ""auditor_idx"": 4,
            ""vulnerability"": ""<short_vulnera_desc_2>"",
            ""criticism"": ""<criticism for reasoning and explanation for scoring>"",
            ""correctness"": <0~9>,
            ""severity"": <0~9>,
            ""profitability"": <0~9>,
        }
    ]
}"
2018-13081,"Requirement: Below vulnerabilities and reasoning for the code are likely to contain mistakes. As a harsh vulnerability critic, your duty is to scrutinize the function and evaluate the correctness, severity, and profitability of the given vulnerabilities and associated reasoning with corresponding scores ranging from 0 (lowest) to 9 (highest). You also need to provide criticism, which must include explanations for your scoring. Make your criticism detailed and concise (within 1-3 sentences), don't assign the same score for different vulnerabilities. In your output, make sure the auditor index is 0.

Vulnerability: {
    ""function_name"": ""transfer"",
    ""code"": ""transfer(address to, uint256 amount)"",
    ""vulnerability"": ""Integer Overflow"",
    ""reason"": ""The 'transfer' function does not check for overflow, allowing attackers to exploit an integer overflow in the balanceOf mapping to set the balance of a target user to any value.""
}
Code: pragma solidity ^0.4.2;
contract owned {
    address public owner;
    function owned() {
        owner = msg.sender;
    }
    modifier onlyOwner {
        if (msg.sender != owner) throw;
        _;
    }
    function transferOwnership(address newOwner) onlyOwner {
        owner = newOwner;
    }
}
contract tokenRecipient { function receiveApproval(address _from, uint256 _value, address _token, bytes _extraData); }
contract token {
    string public standard = 'Token 0.1';
    string public name;
    string public symbol;
    uint8 public decimals;
    uint256 public totalSupply;
    mapping (address => uint256) public balanceOf;
    mapping (address => mapping (address => uint256)) public allowance;
    event Transfer(address indexed from, address indexed to, uint256 value);
    function token(
        uint256 initialSupply,
        string tokenName,
        uint8 decimalUnits,
        string tokenSymbol
        ) {
        balanceOf[msg.sender] = initialSupply;              
        totalSupply = initialSupply;                        
        name = tokenName;                                   
        symbol = tokenSymbol;                               
        decimals = decimalUnits;                            
    }
    function transfer(address _to, uint256 _value) {
        if (balanceOf[msg.sender] < _value) throw;           
        if (balanceOf[_to] + _value < balanceOf[_to]) throw; 
        balanceOf[msg.sender] -= _value;                     
        balanceOf[_to] += _value;                            
        Transfer(msg.sender, _to, _value);                   
    }
    function approve(address _spender, uint256 _value)
        returns (bool success) {
        allowance[msg.sender][_spender] = _value;
        return true;
    }
    function approveAndCall(address _spender, uint256 _value, bytes _extraData)
        returns (bool success) {    
        tokenRecipient spender = tokenRecipient(_spender);
        if (approve(_spender, _value)) {
            spender.receiveApproval(msg.sender, _value, this, _extraData);
            return true;
        }
    }
    function transferFrom(address _from, address _to, uint256 _value) returns (bool success) {
        if (balanceOf[_from] < _value) throw;                 
        if (balanceOf[_to] + _value < balanceOf[_to]) throw;  
        if (_value > allowance[_from][msg.sender]) throw;   
        balanceOf[_from] -= _value;                          
        balanceOf[_to] += _value;                            
        allowance[_from][msg.sender] -= _value;
        Transfer(_from, _to, _value);
        return true;
    }
    function () {
        throw;     
    }
}
contract GZSToken is owned, token {
    uint public buyRate = 46000; 
    bool public isSelling = true;
    mapping (address => bool) public frozenAccount;
    event FrozenFunds(address target, bool frozen);
    function GZSToken(
        uint256 initialSupply,
        string tokenName,
        uint8 decimalUnits,
        string tokenSymbol
    ) token (initialSupply, tokenName, decimalUnits, tokenSymbol) {}
    function transfer(address _to, uint256 _value) {
        if (balanceOf[msg.sender] < _value) throw;           
        if (balanceOf[_to] + _value < balanceOf[_to]) throw; 
        if (frozenAccount[msg.sender]) throw;                
        balanceOf[msg.sender] -= _value;                     
        balanceOf[_to] += _value;                            
        Transfer(msg.sender, _to, _value);                   
    }
    function transferFrom(address _from, address _to, uint256 _value) returns (bool success) {
        if (frozenAccount[_from]) throw;                        
        if (balanceOf[_from] < _value) throw;                 
        if (balanceOf[_to] + _value < balanceOf[_to]) throw;  
        if (_value > allowance[_from][msg.sender]) throw;   
        balanceOf[_from] -= _value;                          
        balanceOf[_to] += _value;                            
        allowance[_from][msg.sender] -= _value;
        Transfer(_from, _to, _value);
        return true;
    }
    function mintToken(address target, uint256 mintedAmount) onlyOwner {
        balanceOf[target] += mintedAmount;
        totalSupply += mintedAmount;
        Transfer(0, this, mintedAmount);
        Transfer(this, target, mintedAmount);
    }
    function freezeAccount(address target, bool freeze) onlyOwner {
        frozenAccount[target] = freeze;
        FrozenFunds(target, freeze);
    }
    function setBuyRate(uint newBuyRate) onlyOwner {
        buyRate = newBuyRate;
    }
    function setSelling(bool newStatus) onlyOwner {
        isSelling = newStatus;
    }
    function buy() payable {
        if(isSelling == false) throw;
        uint amount = msg.value * buyRate;                  
        balanceOf[msg.sender] += amount;                   
        balanceOf[this] -= amount;                         
        Transfer(this, msg.sender, amount);                
    }
    function withdrawToOwner(uint256 amountWei) onlyOwner {
        owner.transfer(amountWei);
    }
}

Output Formatting requirement:
{
    ""output_list"": [
        {
            ""function_name"": ""<function_name_1>"",
            ""auditor_idx"": 0,
            ""vulnerability"": ""<short_vulnera_desc_1>"",
            ""criticism"": ""<criticism for reasoning and explanation for scoring>"",
            ""correctness"": <0~9>,
            ""severity"": <0~9>,
            ""profitability"": <0~9>,
        },
        {
            ""function_name"": ""<function_name_2>"",
            ""auditor_idx"": 0,
            ""vulnerability"": ""<short_vulnera_desc_2>"",
            ""criticism"": ""<criticism for reasoning and explanation for scoring>"",
            ""correctness"": <0~9>,
            ""severity"": <0~9>,
            ""profitability"": <0~9>,
        }
    ]
}"
2018-13081,"Requirement: Below vulnerabilities and reasoning for the code are likely to contain mistakes. As a harsh vulnerability critic, your duty is to scrutinize the function and evaluate the correctness, severity, and profitability of the given vulnerabilities and associated reasoning with corresponding scores ranging from 0 (lowest) to 9 (highest). You also need to provide criticism, which must include explanations for your scoring. Make your criticism detailed and concise (within 1-3 sentences), don't assign the same score for different vulnerabilities. In your output, make sure the auditor index is 1.

Vulnerability: {
    ""function_name"": ""transferFrom"",
    ""code"": ""transferFrom(address from, address to, uint256 amount)"",
    ""vulnerability"": ""Integer Overflow"",
    ""reason"": ""The 'transferFrom' function does not check for overflow, allowing attackers to exploit an integer overflow in the balanceOf mapping to set the balance of a target user to any value.""
}
Code: pragma solidity ^0.4.2;
contract owned {
    address public owner;
    function owned() {
        owner = msg.sender;
    }
    modifier onlyOwner {
        if (msg.sender != owner) throw;
        _;
    }
    function transferOwnership(address newOwner) onlyOwner {
        owner = newOwner;
    }
}
contract tokenRecipient { function receiveApproval(address _from, uint256 _value, address _token, bytes _extraData); }
contract token {
    string public standard = 'Token 0.1';
    string public name;
    string public symbol;
    uint8 public decimals;
    uint256 public totalSupply;
    mapping (address => uint256) public balanceOf;
    mapping (address => mapping (address => uint256)) public allowance;
    event Transfer(address indexed from, address indexed to, uint256 value);
    function token(
        uint256 initialSupply,
        string tokenName,
        uint8 decimalUnits,
        string tokenSymbol
        ) {
        balanceOf[msg.sender] = initialSupply;              
        totalSupply = initialSupply;                        
        name = tokenName;                                   
        symbol = tokenSymbol;                               
        decimals = decimalUnits;                            
    }
    function transfer(address _to, uint256 _value) {
        if (balanceOf[msg.sender] < _value) throw;           
        if (balanceOf[_to] + _value < balanceOf[_to]) throw; 
        balanceOf[msg.sender] -= _value;                     
        balanceOf[_to] += _value;                            
        Transfer(msg.sender, _to, _value);                   
    }
    function approve(address _spender, uint256 _value)
        returns (bool success) {
        allowance[msg.sender][_spender] = _value;
        return true;
    }
    function approveAndCall(address _spender, uint256 _value, bytes _extraData)
        returns (bool success) {    
        tokenRecipient spender = tokenRecipient(_spender);
        if (approve(_spender, _value)) {
            spender.receiveApproval(msg.sender, _value, this, _extraData);
            return true;
        }
    }
    function transferFrom(address _from, address _to, uint256 _value) returns (bool success) {
        if (balanceOf[_from] < _value) throw;                 
        if (balanceOf[_to] + _value < balanceOf[_to]) throw;  
        if (_value > allowance[_from][msg.sender]) throw;   
        balanceOf[_from] -= _value;                          
        balanceOf[_to] += _value;                            
        allowance[_from][msg.sender] -= _value;
        Transfer(_from, _to, _value);
        return true;
    }
    function () {
        throw;     
    }
}
contract GZSToken is owned, token {
    uint public buyRate = 46000; 
    bool public isSelling = true;
    mapping (address => bool) public frozenAccount;
    event FrozenFunds(address target, bool frozen);
    function GZSToken(
        uint256 initialSupply,
        string tokenName,
        uint8 decimalUnits,
        string tokenSymbol
    ) token (initialSupply, tokenName, decimalUnits, tokenSymbol) {}
    function transfer(address _to, uint256 _value) {
        if (balanceOf[msg.sender] < _value) throw;           
        if (balanceOf[_to] + _value < balanceOf[_to]) throw; 
        if (frozenAccount[msg.sender]) throw;                
        balanceOf[msg.sender] -= _value;                     
        balanceOf[_to] += _value;                            
        Transfer(msg.sender, _to, _value);                   
    }
    function transferFrom(address _from, address _to, uint256 _value) returns (bool success) {
        if (frozenAccount[_from]) throw;                        
        if (balanceOf[_from] < _value) throw;                 
        if (balanceOf[_to] + _value < balanceOf[_to]) throw;  
        if (_value > allowance[_from][msg.sender]) throw;   
        balanceOf[_from] -= _value;                          
        balanceOf[_to] += _value;                            
        allowance[_from][msg.sender] -= _value;
        Transfer(_from, _to, _value);
        return true;
    }
    function mintToken(address target, uint256 mintedAmount) onlyOwner {
        balanceOf[target] += mintedAmount;
        totalSupply += mintedAmount;
        Transfer(0, this, mintedAmount);
        Transfer(this, target, mintedAmount);
    }
    function freezeAccount(address target, bool freeze) onlyOwner {
        frozenAccount[target] = freeze;
        FrozenFunds(target, freeze);
    }
    function setBuyRate(uint newBuyRate) onlyOwner {
        buyRate = newBuyRate;
    }
    function setSelling(bool newStatus) onlyOwner {
        isSelling = newStatus;
    }
    function buy() payable {
        if(isSelling == false) throw;
        uint amount = msg.value * buyRate;                  
        balanceOf[msg.sender] += amount;                   
        balanceOf[this] -= amount;                         
        Transfer(this, msg.sender, amount);                
    }
    function withdrawToOwner(uint256 amountWei) onlyOwner {
        owner.transfer(amountWei);
    }
}

Output Formatting requirement:
{
    ""output_list"": [
        {
            ""function_name"": ""<function_name_1>"",
            ""auditor_idx"": 1,
            ""vulnerability"": ""<short_vulnera_desc_1>"",
            ""criticism"": ""<criticism for reasoning and explanation for scoring>"",
            ""correctness"": <0~9>,
            ""severity"": <0~9>,
            ""profitability"": <0~9>,
        },
        {
            ""function_name"": ""<function_name_2>"",
            ""auditor_idx"": 1,
            ""vulnerability"": ""<short_vulnera_desc_2>"",
            ""criticism"": ""<criticism for reasoning and explanation for scoring>"",
            ""correctness"": <0~9>,
            ""severity"": <0~9>,
            ""profitability"": <0~9>,
        }
    ]
}"
2018-13081,"Requirement: Below vulnerabilities and reasoning for the code are likely to contain mistakes. As a harsh vulnerability critic, your duty is to scrutinize the function and evaluate the correctness, severity, and profitability of the given vulnerabilities and associated reasoning with corresponding scores ranging from 0 (lowest) to 9 (highest). You also need to provide criticism, which must include explanations for your scoring. Make your criticism detailed and concise (within 1-3 sentences), don't assign the same score for different vulnerabilities. In your output, make sure the auditor index is 2.

Vulnerability: {
    ""function_name"": ""mintToken"",
    ""code"": ""mintToken(uint256 amount)"",
    ""vulnerability"": ""Integer Overflow"",
    ""reason"": ""The 'mintToken' function does not check for overflow, allowing attackers to exploit an integer overflow in the balanceOf mapping to set the balance of a target user to any value.""
}
Code: pragma solidity ^0.4.2;
contract owned {
    address public owner;
    function owned() {
        owner = msg.sender;
    }
    modifier onlyOwner {
        if (msg.sender != owner) throw;
        _;
    }
    function transferOwnership(address newOwner) onlyOwner {
        owner = newOwner;
    }
}
contract tokenRecipient { function receiveApproval(address _from, uint256 _value, address _token, bytes _extraData); }
contract token {
    string public standard = 'Token 0.1';
    string public name;
    string public symbol;
    uint8 public decimals;
    uint256 public totalSupply;
    mapping (address => uint256) public balanceOf;
    mapping (address => mapping (address => uint256)) public allowance;
    event Transfer(address indexed from, address indexed to, uint256 value);
    function token(
        uint256 initialSupply,
        string tokenName,
        uint8 decimalUnits,
        string tokenSymbol
        ) {
        balanceOf[msg.sender] = initialSupply;              
        totalSupply = initialSupply;                        
        name = tokenName;                                   
        symbol = tokenSymbol;                               
        decimals = decimalUnits;                            
    }
    function transfer(address _to, uint256 _value) {
        if (balanceOf[msg.sender] < _value) throw;           
        if (balanceOf[_to] + _value < balanceOf[_to]) throw; 
        balanceOf[msg.sender] -= _value;                     
        balanceOf[_to] += _value;                            
        Transfer(msg.sender, _to, _value);                   
    }
    function approve(address _spender, uint256 _value)
        returns (bool success) {
        allowance[msg.sender][_spender] = _value;
        return true;
    }
    function approveAndCall(address _spender, uint256 _value, bytes _extraData)
        returns (bool success) {    
        tokenRecipient spender = tokenRecipient(_spender);
        if (approve(_spender, _value)) {
            spender.receiveApproval(msg.sender, _value, this, _extraData);
            return true;
        }
    }
    function transferFrom(address _from, address _to, uint256 _value) returns (bool success) {
        if (balanceOf[_from] < _value) throw;                 
        if (balanceOf[_to] + _value < balanceOf[_to]) throw;  
        if (_value > allowance[_from][msg.sender]) throw;   
        balanceOf[_from] -= _value;                          
        balanceOf[_to] += _value;                            
        allowance[_from][msg.sender] -= _value;
        Transfer(_from, _to, _value);
        return true;
    }
    function () {
        throw;     
    }
}
contract GZSToken is owned, token {
    uint public buyRate = 46000; 
    bool public isSelling = true;
    mapping (address => bool) public frozenAccount;
    event FrozenFunds(address target, bool frozen);
    function GZSToken(
        uint256 initialSupply,
        string tokenName,
        uint8 decimalUnits,
        string tokenSymbol
    ) token (initialSupply, tokenName, decimalUnits, tokenSymbol) {}
    function transfer(address _to, uint256 _value) {
        if (balanceOf[msg.sender] < _value) throw;           
        if (balanceOf[_to] + _value < balanceOf[_to]) throw; 
        if (frozenAccount[msg.sender]) throw;                
        balanceOf[msg.sender] -= _value;                     
        balanceOf[_to] += _value;                            
        Transfer(msg.sender, _to, _value);                   
    }
    function transferFrom(address _from, address _to, uint256 _value) returns (bool success) {
        if (frozenAccount[_from]) throw;                        
        if (balanceOf[_from] < _value) throw;                 
        if (balanceOf[_to] + _value < balanceOf[_to]) throw;  
        if (_value > allowance[_from][msg.sender]) throw;   
        balanceOf[_from] -= _value;                          
        balanceOf[_to] += _value;                            
        allowance[_from][msg.sender] -= _value;
        Transfer(_from, _to, _value);
        return true;
    }
    function mintToken(address target, uint256 mintedAmount) onlyOwner {
        balanceOf[target] += mintedAmount;
        totalSupply += mintedAmount;
        Transfer(0, this, mintedAmount);
        Transfer(this, target, mintedAmount);
    }
    function freezeAccount(address target, bool freeze) onlyOwner {
        frozenAccount[target] = freeze;
        FrozenFunds(target, freeze);
    }
    function setBuyRate(uint newBuyRate) onlyOwner {
        buyRate = newBuyRate;
    }
    function setSelling(bool newStatus) onlyOwner {
        isSelling = newStatus;
    }
    function buy() payable {
        if(isSelling == false) throw;
        uint amount = msg.value * buyRate;                  
        balanceOf[msg.sender] += amount;                   
        balanceOf[this] -= amount;                         
        Transfer(this, msg.sender, amount);                
    }
    function withdrawToOwner(uint256 amountWei) onlyOwner {
        owner.transfer(amountWei);
    }
}

Output Formatting requirement:
{
    ""output_list"": [
        {
            ""function_name"": ""<function_name_1>"",
            ""auditor_idx"": 2,
            ""vulnerability"": ""<short_vulnera_desc_1>"",
            ""criticism"": ""<criticism for reasoning and explanation for scoring>"",
            ""correctness"": <0~9>,
            ""severity"": <0~9>,
            ""profitability"": <0~9>,
        },
        {
            ""function_name"": ""<function_name_2>"",
            ""auditor_idx"": 2,
            ""vulnerability"": ""<short_vulnera_desc_2>"",
            ""criticism"": ""<criticism for reasoning and explanation for scoring>"",
            ""correctness"": <0~9>,
            ""severity"": <0~9>,
            ""profitability"": <0~9>,
        }
    ]
}"
2018-13081,"Requirement: Below vulnerabilities and reasoning for the code are likely to contain mistakes. As a harsh vulnerability critic, your duty is to scrutinize the function and evaluate the correctness, severity, and profitability of the given vulnerabilities and associated reasoning with corresponding scores ranging from 0 (lowest) to 9 (highest). You also need to provide criticism, which must include explanations for your scoring. Make your criticism detailed and concise (within 1-3 sentences), don't assign the same score for different vulnerabilities. In your output, make sure the auditor index is 3.

Vulnerability: {
    ""function_name"": ""buy"",
    ""code"": ""buy(uint256 amount)"",
    ""vulnerability"": ""Integer Overflow"",
    ""reason"": ""The 'buy' function does not check for overflow, allowing attackers to exploit an integer overflow in the balanceOf mapping to set the balance of a target user to any value.""
}
Code: pragma solidity ^0.4.2;
contract owned {
    address public owner;
    function owned() {
        owner = msg.sender;
    }
    modifier onlyOwner {
        if (msg.sender != owner) throw;
        _;
    }
    function transferOwnership(address newOwner) onlyOwner {
        owner = newOwner;
    }
}
contract tokenRecipient { function receiveApproval(address _from, uint256 _value, address _token, bytes _extraData); }
contract token {
    string public standard = 'Token 0.1';
    string public name;
    string public symbol;
    uint8 public decimals;
    uint256 public totalSupply;
    mapping (address => uint256) public balanceOf;
    mapping (address => mapping (address => uint256)) public allowance;
    event Transfer(address indexed from, address indexed to, uint256 value);
    function token(
        uint256 initialSupply,
        string tokenName,
        uint8 decimalUnits,
        string tokenSymbol
        ) {
        balanceOf[msg.sender] = initialSupply;              
        totalSupply = initialSupply;                        
        name = tokenName;                                   
        symbol = tokenSymbol;                               
        decimals = decimalUnits;                            
    }
    function transfer(address _to, uint256 _value) {
        if (balanceOf[msg.sender] < _value) throw;           
        if (balanceOf[_to] + _value < balanceOf[_to]) throw; 
        balanceOf[msg.sender] -= _value;                     
        balanceOf[_to] += _value;                            
        Transfer(msg.sender, _to, _value);                   
    }
    function approve(address _spender, uint256 _value)
        returns (bool success) {
        allowance[msg.sender][_spender] = _value;
        return true;
    }
    function approveAndCall(address _spender, uint256 _value, bytes _extraData)
        returns (bool success) {    
        tokenRecipient spender = tokenRecipient(_spender);
        if (approve(_spender, _value)) {
            spender.receiveApproval(msg.sender, _value, this, _extraData);
            return true;
        }
    }
    function transferFrom(address _from, address _to, uint256 _value) returns (bool success) {
        if (balanceOf[_from] < _value) throw;                 
        if (balanceOf[_to] + _value < balanceOf[_to]) throw;  
        if (_value > allowance[_from][msg.sender]) throw;   
        balanceOf[_from] -= _value;                          
        balanceOf[_to] += _value;                            
        allowance[_from][msg.sender] -= _value;
        Transfer(_from, _to, _value);
        return true;
    }
    function () {
        throw;     
    }
}
contract GZSToken is owned, token {
    uint public buyRate = 46000; 
    bool public isSelling = true;
    mapping (address => bool) public frozenAccount;
    event FrozenFunds(address target, bool frozen);
    function GZSToken(
        uint256 initialSupply,
        string tokenName,
        uint8 decimalUnits,
        string tokenSymbol
    ) token (initialSupply, tokenName, decimalUnits, tokenSymbol) {}
    function transfer(address _to, uint256 _value) {
        if (balanceOf[msg.sender] < _value) throw;           
        if (balanceOf[_to] + _value < balanceOf[_to]) throw; 
        if (frozenAccount[msg.sender]) throw;                
        balanceOf[msg.sender] -= _value;                     
        balanceOf[_to] += _value;                            
        Transfer(msg.sender, _to, _value);                   
    }
    function transferFrom(address _from, address _to, uint256 _value) returns (bool success) {
        if (frozenAccount[_from]) throw;                        
        if (balanceOf[_from] < _value) throw;                 
        if (balanceOf[_to] + _value < balanceOf[_to]) throw;  
        if (_value > allowance[_from][msg.sender]) throw;   
        balanceOf[_from] -= _value;                          
        balanceOf[_to] += _value;                            
        allowance[_from][msg.sender] -= _value;
        Transfer(_from, _to, _value);
        return true;
    }
    function mintToken(address target, uint256 mintedAmount) onlyOwner {
        balanceOf[target] += mintedAmount;
        totalSupply += mintedAmount;
        Transfer(0, this, mintedAmount);
        Transfer(this, target, mintedAmount);
    }
    function freezeAccount(address target, bool freeze) onlyOwner {
        frozenAccount[target] = freeze;
        FrozenFunds(target, freeze);
    }
    function setBuyRate(uint newBuyRate) onlyOwner {
        buyRate = newBuyRate;
    }
    function setSelling(bool newStatus) onlyOwner {
        isSelling = newStatus;
    }
    function buy() payable {
        if(isSelling == false) throw;
        uint amount = msg.value * buyRate;                  
        balanceOf[msg.sender] += amount;                   
        balanceOf[this] -= amount;                         
        Transfer(this, msg.sender, amount);                
    }
    function withdrawToOwner(uint256 amountWei) onlyOwner {
        owner.transfer(amountWei);
    }
}

Output Formatting requirement:
{
    ""output_list"": [
        {
            ""function_name"": ""<function_name_1>"",
            ""auditor_idx"": 3,
            ""vulnerability"": ""<short_vulnera_desc_1>"",
            ""criticism"": ""<criticism for reasoning and explanation for scoring>"",
            ""correctness"": <0~9>,
            ""severity"": <0~9>,
            ""profitability"": <0~9>,
        },
        {
            ""function_name"": ""<function_name_2>"",
            ""auditor_idx"": 3,
            ""vulnerability"": ""<short_vulnera_desc_2>"",
            ""criticism"": ""<criticism for reasoning and explanation for scoring>"",
            ""correctness"": <0~9>,
            ""severity"": <0~9>,
            ""profitability"": <0~9>,
        }
    ]
}"
2018-13072,"Requirement: Below vulnerabilities and reasoning for the code are likely to contain mistakes. As a harsh vulnerability critic, your duty is to scrutinize the function and evaluate the correctness, severity, and profitability of the given vulnerabilities and associated reasoning with corresponding scores ranging from 0 (lowest) to 9 (highest). You also need to provide criticism, which must include explanations for your scoring. Make your criticism detailed and concise (within 1-3 sentences), don't assign the same score for different vulnerabilities. In your output, make sure the auditor index is 0.

Vulnerability: {
    ""function_name"": ""transfer"",
    ""vulnerability"": ""Integer Overflow"",
    ""reason"": ""The 'transfer' function does not check for overflows, allowing users to transfer more tokens than they have.""
}
Code: pragma solidity ^0.4.2;
contract owned {
    address public owner;
    function owned() {
        owner = msg.sender;
    }
    modifier onlyOwner {
        if (msg.sender != owner) revert();
        _;
    }
    function transferOwnership(address newOwner) onlyOwner {
        owner = newOwner;
    }
}
contract tokenRecipient { function receiveApproval(address _from, uint256 _value, address _token, bytes _extraData); }
contract token {
    string public name;
    string public symbol;
    uint8 public decimals;
    uint256 public totalSupply;
    mapping (address => uint256) public balanceOf;
    mapping (address => mapping (address => uint256)) public allowance;
    event Transfer(address indexed from, address indexed to, uint256 value);
    function token(
        uint256 initialSupply,
        string tokenName,
        uint8 decimalUnits,
        string tokenSymbol
        ) {
        balanceOf[msg.sender] = initialSupply;              
        totalSupply = initialSupply;                        
        name = tokenName;                                   
        symbol = tokenSymbol;                               
        decimals = decimalUnits;                            
    }
    function transfer(address _to, uint256 _value) {
        if (balanceOf[msg.sender] < _value) revert();           
        if (balanceOf[_to] + _value < balanceOf[_to]) revert(); 
        balanceOf[msg.sender] -= _value;                     
        balanceOf[_to] += _value;                            
        Transfer(msg.sender, _to, _value);                   
    }
    function approve(address _spender, uint256 _value)
        returns (bool success) {
        allowance[msg.sender][_spender] = _value;
        return true;
    }
    function approveAndCall(address _spender, uint256 _value, bytes _extraData)
        returns (bool success) {    
        tokenRecipient spender = tokenRecipient(_spender);
        if (approve(_spender, _value)) {
            spender.receiveApproval(msg.sender, _value, this, _extraData);
            return true;
        }
    }
    function transferFrom(address _from, address _to, uint256 _value) returns (bool success) {
        if (balanceOf[_from] < _value) revert();                 
        if (balanceOf[_to] + _value < balanceOf[_to]) revert();  
        if (_value > allowance[_from][msg.sender]) revert();   
        balanceOf[_from] -= _value;                          
        balanceOf[_to] += _value;                            
        allowance[_from][msg.sender] -= _value;
        Transfer(_from, _to, _value);
        return true;
    }
    function () {
        revert();     
    }
}
contract Coffeecoin is owned, token {
    uint public buyRate = 4000; 
    bool public isSelling = true;
    mapping (address => bool) public frozenAccount;
    event FrozenFunds(address target, bool frozen);
    function Coffeecoin(
        uint256 initialSupply,
        string tokenName,
        uint8 decimalUnits,
        string tokenSymbol
    ) token (initialSupply, tokenName, decimalUnits, tokenSymbol) {}
    function transfer(address _to, uint256 _value) {
        if (balanceOf[msg.sender] < _value) revert();           
        if (balanceOf[_to] + _value < balanceOf[_to]) revert(); 
        if (frozenAccount[msg.sender]) revert();                
        balanceOf[msg.sender] -= _value;                     
        balanceOf[_to] += _value;                            
        Transfer(msg.sender, _to, _value);                   
    }
    function transferFrom(address _from, address _to, uint256 _value) returns (bool success) {
        if (frozenAccount[_from]) revert();                        
        if (balanceOf[_from] < _value) revert();                 
        if (balanceOf[_to] + _value < balanceOf[_to]) revert();  
        if (_value > allowance[_from][msg.sender]) revert();   
        balanceOf[_from] -= _value;                          
        balanceOf[_to] += _value;                            
        allowance[_from][msg.sender] -= _value;
        Transfer(_from, _to, _value);
        return true;
    }
    function mintToken(address target, uint256 mintedAmount) onlyOwner {
        balanceOf[target] += mintedAmount;
        Transfer(0, owner, mintedAmount);
        Transfer(owner, target, mintedAmount);
    }
    function freezeAccount(address target, bool freeze) onlyOwner {
        frozenAccount[target] = freeze;
        FrozenFunds(target, freeze);
    }
    function setBuyRate(uint newBuyRate) onlyOwner {
        buyRate = newBuyRate;
    }
    function setSelling(bool newStatus) onlyOwner {
        isSelling = newStatus;
    }
    function buy() payable {
        if(isSelling == false) revert();
        uint amount = msg.value * buyRate;                  
        balanceOf[msg.sender] += amount;                   
        balanceOf[owner] -= amount;                         
        Transfer(owner, msg.sender, amount);                
    }
    function withdrawToOwner(uint256 amountWei) onlyOwner {
        owner.transfer(amountWei);
    }
}

Output Formatting requirement:
{
    ""output_list"": [
        {
            ""function_name"": ""<function_name_1>"",
            ""auditor_idx"": 0,
            ""vulnerability"": ""<short_vulnera_desc_1>"",
            ""criticism"": ""<criticism for reasoning and explanation for scoring>"",
            ""correctness"": <0~9>,
            ""severity"": <0~9>,
            ""profitability"": <0~9>,
        },
        {
            ""function_name"": ""<function_name_2>"",
            ""auditor_idx"": 0,
            ""vulnerability"": ""<short_vulnera_desc_2>"",
            ""criticism"": ""<criticism for reasoning and explanation for scoring>"",
            ""correctness"": <0~9>,
            ""severity"": <0~9>,
            ""profitability"": <0~9>,
        }
    ]
}"
2018-13072,"Requirement: Below vulnerabilities and reasoning for the code are likely to contain mistakes. As a harsh vulnerability critic, your duty is to scrutinize the function and evaluate the correctness, severity, and profitability of the given vulnerabilities and associated reasoning with corresponding scores ranging from 0 (lowest) to 9 (highest). You also need to provide criticism, which must include explanations for your scoring. Make your criticism detailed and concise (within 1-3 sentences), don't assign the same score for different vulnerabilities. In your output, make sure the auditor index is 1.

Vulnerability: {
    ""function_name"": ""transferFrom"",
    ""vulnerability"": ""Integer Overflow"",
    ""reason"": ""The 'transferFrom' function does not check for overflows, allowing users to transfer more tokens than they have.""
}
Code: pragma solidity ^0.4.2;
contract owned {
    address public owner;
    function owned() {
        owner = msg.sender;
    }
    modifier onlyOwner {
        if (msg.sender != owner) revert();
        _;
    }
    function transferOwnership(address newOwner) onlyOwner {
        owner = newOwner;
    }
}
contract tokenRecipient { function receiveApproval(address _from, uint256 _value, address _token, bytes _extraData); }
contract token {
    string public name;
    string public symbol;
    uint8 public decimals;
    uint256 public totalSupply;
    mapping (address => uint256) public balanceOf;
    mapping (address => mapping (address => uint256)) public allowance;
    event Transfer(address indexed from, address indexed to, uint256 value);
    function token(
        uint256 initialSupply,
        string tokenName,
        uint8 decimalUnits,
        string tokenSymbol
        ) {
        balanceOf[msg.sender] = initialSupply;              
        totalSupply = initialSupply;                        
        name = tokenName;                                   
        symbol = tokenSymbol;                               
        decimals = decimalUnits;                            
    }
    function transfer(address _to, uint256 _value) {
        if (balanceOf[msg.sender] < _value) revert();           
        if (balanceOf[_to] + _value < balanceOf[_to]) revert(); 
        balanceOf[msg.sender] -= _value;                     
        balanceOf[_to] += _value;                            
        Transfer(msg.sender, _to, _value);                   
    }
    function approve(address _spender, uint256 _value)
        returns (bool success) {
        allowance[msg.sender][_spender] = _value;
        return true;
    }
    function approveAndCall(address _spender, uint256 _value, bytes _extraData)
        returns (bool success) {    
        tokenRecipient spender = tokenRecipient(_spender);
        if (approve(_spender, _value)) {
            spender.receiveApproval(msg.sender, _value, this, _extraData);
            return true;
        }
    }
    function transferFrom(address _from, address _to, uint256 _value) returns (bool success) {
        if (balanceOf[_from] < _value) revert();                 
        if (balanceOf[_to] + _value < balanceOf[_to]) revert();  
        if (_value > allowance[_from][msg.sender]) revert();   
        balanceOf[_from] -= _value;                          
        balanceOf[_to] += _value;                            
        allowance[_from][msg.sender] -= _value;
        Transfer(_from, _to, _value);
        return true;
    }
    function () {
        revert();     
    }
}
contract Coffeecoin is owned, token {
    uint public buyRate = 4000; 
    bool public isSelling = true;
    mapping (address => bool) public frozenAccount;
    event FrozenFunds(address target, bool frozen);
    function Coffeecoin(
        uint256 initialSupply,
        string tokenName,
        uint8 decimalUnits,
        string tokenSymbol
    ) token (initialSupply, tokenName, decimalUnits, tokenSymbol) {}
    function transfer(address _to, uint256 _value) {
        if (balanceOf[msg.sender] < _value) revert();           
        if (balanceOf[_to] + _value < balanceOf[_to]) revert(); 
        if (frozenAccount[msg.sender]) revert();                
        balanceOf[msg.sender] -= _value;                     
        balanceOf[_to] += _value;                            
        Transfer(msg.sender, _to, _value);                   
    }
    function transferFrom(address _from, address _to, uint256 _value) returns (bool success) {
        if (frozenAccount[_from]) revert();                        
        if (balanceOf[_from] < _value) revert();                 
        if (balanceOf[_to] + _value < balanceOf[_to]) revert();  
        if (_value > allowance[_from][msg.sender]) revert();   
        balanceOf[_from] -= _value;                          
        balanceOf[_to] += _value;                            
        allowance[_from][msg.sender] -= _value;
        Transfer(_from, _to, _value);
        return true;
    }
    function mintToken(address target, uint256 mintedAmount) onlyOwner {
        balanceOf[target] += mintedAmount;
        Transfer(0, owner, mintedAmount);
        Transfer(owner, target, mintedAmount);
    }
    function freezeAccount(address target, bool freeze) onlyOwner {
        frozenAccount[target] = freeze;
        FrozenFunds(target, freeze);
    }
    function setBuyRate(uint newBuyRate) onlyOwner {
        buyRate = newBuyRate;
    }
    function setSelling(bool newStatus) onlyOwner {
        isSelling = newStatus;
    }
    function buy() payable {
        if(isSelling == false) revert();
        uint amount = msg.value * buyRate;                  
        balanceOf[msg.sender] += amount;                   
        balanceOf[owner] -= amount;                         
        Transfer(owner, msg.sender, amount);                
    }
    function withdrawToOwner(uint256 amountWei) onlyOwner {
        owner.transfer(amountWei);
    }
}

Output Formatting requirement:
{
    ""output_list"": [
        {
            ""function_name"": ""<function_name_1>"",
            ""auditor_idx"": 1,
            ""vulnerability"": ""<short_vulnera_desc_1>"",
            ""criticism"": ""<criticism for reasoning and explanation for scoring>"",
            ""correctness"": <0~9>,
            ""severity"": <0~9>,
            ""profitability"": <0~9>,
        },
        {
            ""function_name"": ""<function_name_2>"",
            ""auditor_idx"": 1,
            ""vulnerability"": ""<short_vulnera_desc_2>"",
            ""criticism"": ""<criticism for reasoning and explanation for scoring>"",
            ""correctness"": <0~9>,
            ""severity"": <0~9>,
            ""profitability"": <0~9>,
        }
    ]
}"
2018-13072,"Requirement: Below vulnerabilities and reasoning for the code are likely to contain mistakes. As a harsh vulnerability critic, your duty is to scrutinize the function and evaluate the correctness, severity, and profitability of the given vulnerabilities and associated reasoning with corresponding scores ranging from 0 (lowest) to 9 (highest). You also need to provide criticism, which must include explanations for your scoring. Make your criticism detailed and concise (within 1-3 sentences), don't assign the same score for different vulnerabilities. In your output, make sure the auditor index is 2.

Vulnerability: {
    ""function_name"": ""mintToken"",
    ""vulnerability"": ""Wrong Logic"",
    ""reason"": ""The 'mintToken' function allows the owner to mint tokens without any restrictions, which can lead to devaluation of the token.""
}
Code: pragma solidity ^0.4.2;
contract owned {
    address public owner;
    function owned() {
        owner = msg.sender;
    }
    modifier onlyOwner {
        if (msg.sender != owner) revert();
        _;
    }
    function transferOwnership(address newOwner) onlyOwner {
        owner = newOwner;
    }
}
contract tokenRecipient { function receiveApproval(address _from, uint256 _value, address _token, bytes _extraData); }
contract token {
    string public name;
    string public symbol;
    uint8 public decimals;
    uint256 public totalSupply;
    mapping (address => uint256) public balanceOf;
    mapping (address => mapping (address => uint256)) public allowance;
    event Transfer(address indexed from, address indexed to, uint256 value);
    function token(
        uint256 initialSupply,
        string tokenName,
        uint8 decimalUnits,
        string tokenSymbol
        ) {
        balanceOf[msg.sender] = initialSupply;              
        totalSupply = initialSupply;                        
        name = tokenName;                                   
        symbol = tokenSymbol;                               
        decimals = decimalUnits;                            
    }
    function transfer(address _to, uint256 _value) {
        if (balanceOf[msg.sender] < _value) revert();           
        if (balanceOf[_to] + _value < balanceOf[_to]) revert(); 
        balanceOf[msg.sender] -= _value;                     
        balanceOf[_to] += _value;                            
        Transfer(msg.sender, _to, _value);                   
    }
    function approve(address _spender, uint256 _value)
        returns (bool success) {
        allowance[msg.sender][_spender] = _value;
        return true;
    }
    function approveAndCall(address _spender, uint256 _value, bytes _extraData)
        returns (bool success) {    
        tokenRecipient spender = tokenRecipient(_spender);
        if (approve(_spender, _value)) {
            spender.receiveApproval(msg.sender, _value, this, _extraData);
            return true;
        }
    }
    function transferFrom(address _from, address _to, uint256 _value) returns (bool success) {
        if (balanceOf[_from] < _value) revert();                 
        if (balanceOf[_to] + _value < balanceOf[_to]) revert();  
        if (_value > allowance[_from][msg.sender]) revert();   
        balanceOf[_from] -= _value;                          
        balanceOf[_to] += _value;                            
        allowance[_from][msg.sender] -= _value;
        Transfer(_from, _to, _value);
        return true;
    }
    function () {
        revert();     
    }
}
contract Coffeecoin is owned, token {
    uint public buyRate = 4000; 
    bool public isSelling = true;
    mapping (address => bool) public frozenAccount;
    event FrozenFunds(address target, bool frozen);
    function Coffeecoin(
        uint256 initialSupply,
        string tokenName,
        uint8 decimalUnits,
        string tokenSymbol
    ) token (initialSupply, tokenName, decimalUnits, tokenSymbol) {}
    function transfer(address _to, uint256 _value) {
        if (balanceOf[msg.sender] < _value) revert();           
        if (balanceOf[_to] + _value < balanceOf[_to]) revert(); 
        if (frozenAccount[msg.sender]) revert();                
        balanceOf[msg.sender] -= _value;                     
        balanceOf[_to] += _value;                            
        Transfer(msg.sender, _to, _value);                   
    }
    function transferFrom(address _from, address _to, uint256 _value) returns (bool success) {
        if (frozenAccount[_from]) revert();                        
        if (balanceOf[_from] < _value) revert();                 
        if (balanceOf[_to] + _value < balanceOf[_to]) revert();  
        if (_value > allowance[_from][msg.sender]) revert();   
        balanceOf[_from] -= _value;                          
        balanceOf[_to] += _value;                            
        allowance[_from][msg.sender] -= _value;
        Transfer(_from, _to, _value);
        return true;
    }
    function mintToken(address target, uint256 mintedAmount) onlyOwner {
        balanceOf[target] += mintedAmount;
        Transfer(0, owner, mintedAmount);
        Transfer(owner, target, mintedAmount);
    }
    function freezeAccount(address target, bool freeze) onlyOwner {
        frozenAccount[target] = freeze;
        FrozenFunds(target, freeze);
    }
    function setBuyRate(uint newBuyRate) onlyOwner {
        buyRate = newBuyRate;
    }
    function setSelling(bool newStatus) onlyOwner {
        isSelling = newStatus;
    }
    function buy() payable {
        if(isSelling == false) revert();
        uint amount = msg.value * buyRate;                  
        balanceOf[msg.sender] += amount;                   
        balanceOf[owner] -= amount;                         
        Transfer(owner, msg.sender, amount);                
    }
    function withdrawToOwner(uint256 amountWei) onlyOwner {
        owner.transfer(amountWei);
    }
}

Output Formatting requirement:
{
    ""output_list"": [
        {
            ""function_name"": ""<function_name_1>"",
            ""auditor_idx"": 2,
            ""vulnerability"": ""<short_vulnera_desc_1>"",
            ""criticism"": ""<criticism for reasoning and explanation for scoring>"",
            ""correctness"": <0~9>,
            ""severity"": <0~9>,
            ""profitability"": <0~9>,
        },
        {
            ""function_name"": ""<function_name_2>"",
            ""auditor_idx"": 2,
            ""vulnerability"": ""<short_vulnera_desc_2>"",
            ""criticism"": ""<criticism for reasoning and explanation for scoring>"",
            ""correctness"": <0~9>,
            ""severity"": <0~9>,
            ""profitability"": <0~9>,
        }
    ]
}"
2021-33403,"Requirement: Below vulnerabilities and reasoning for the code are likely to contain mistakes. As a harsh vulnerability critic, your duty is to scrutinize the function and evaluate the correctness, severity, and profitability of the given vulnerabilities and associated reasoning with corresponding scores ranging from 0 (lowest) to 9 (highest). You also need to provide criticism, which must include explanations for your scoring. Make your criticism detailed and concise (within 1-3 sentences), don't assign the same score for different vulnerabilities. In your output, make sure the auditor index is 0.

Vulnerability: {
    ""function_name"": ""transfer"",
    ""vulnerability"": ""Integer Overflow"",
    ""reason"": ""The 'transfer' function does not check for overflow of the sender's balance, allowing an attacker to make the balance of the sender negative.""
}
Code: pragma solidity ^0.4.8;
contract MigrationAgent {
    function migrateFrom(address _from, uint256 _value);
}
contract ERC20Interface {
     function totalSupply() constant returns (uint256 totalSupply);
     function balanceOf(address _owner) constant returns (uint256 balance);
     function transfer(address _to, uint256 _value) returns (bool success);
     function transferFrom(address _from, address _to, uint256 _value) returns (bool success);
     function approve(address _spender, uint256 _value) returns (bool success);
     function allowance(address _owner, address _spender) constant returns (uint256 remaining);
     event Transfer(address indexed _from, address indexed _to, uint256 _value);
     event Approval(address indexed _owner, address indexed _spender, uint256 _value);
}
contract BlocklancerToken is ERC20Interface {
    string public constant name = ""Lancer Token"";
    string public constant symbol = ""LNC"";
    uint8 public constant decimals = 18;  
    mapping(address => mapping (address => uint256)) allowed;
    uint public fundingStart;
    bool public funding = true;
    bool allowTransfer=false;
    address public master;
    uint256 totalTokens;
    uint exchangeRate=20000;
	uint EarlyInvestorExchangeRate=25000;
	bool startRefund=false;
    mapping (address => uint256) balances;
    mapping (address => bool) initialInvestor;
    mapping (address => uint) lastTransferred;
    mapping (address => uint256) balancesEther;
    address public migrationAgent;
    uint256 public totalMigrated;
    event Migrate(address indexed _from, address indexed _to, uint256 _value);
    event Refund(address indexed _from, uint256 _value);
    uint totalParticipants;
    function BlocklancerToken() {
        master = msg.sender;
        fundingStart = 1501977600;
        initialInvestor[0x32be343b94f860124dc4fee278fdcbd38c102d88]=true;initialInvestor[0x3106fe2245b376888d684bdcd83dfa9641a869ff]=true;initialInvestor[0x7f7c64c7b7f5a611e739b4da26659bf741414917]=true;initialInvestor[0x4b3b8e0c2c221e916a48e2e5f3718ae2bce51894]=true;initialInvestor[0x507c8fea802a0772eb5e001a8fba38f36fb9b66b]=true;initialInvestor[0x3c35b66dbaf1bc716f41759c7513a7af2f727ce0]=true;initialInvestor[0x7da3ff5dc152352dcffaf08d528e78f1efd4e9d1]=true;initialInvestor[0x404b688a1d9eb850be2527c5dd341561cfa84e11]=true;initialInvestor[0x80ad7165f29f97896a0b5758193879de34fd9712]=true;initialInvestor[0xd70837a61a322f69ba3742111216a7b97d61d3a7]=true;initialInvestor[0x5eefc4f295045ea11827f515c10d50829580cd31]=true;initialInvestor[0xc8c154d54e8d66073b23361cc74cf5d13efc4dc9]=true;initialInvestor[0x00b279438dff4bb6f37038b12704e31967955cb0]=true;initialInvestor[0xfff78f0db7995c7f2299d127d332aef95bc3e7b7]=true;initialInvestor[0xae631a37ad50bf03e8028d0ae8ba041c70ac4c70]=true;initialInvestor[0x4effca51ba840ae9563f5ac1aa794d1e5d3a3806]=true;initialInvestor[0x315a233620b8536d37a92d588aaf5eb050b50d84]=true;initialInvestor[0x1ebf9e3470f303f6a6ac43347e41877b0a5aaa39]=true;initialInvestor[0xbf022480bda3f6c839cd443397761d5e83f3c02b]=true;initialInvestor[0xe727ea5340256a5236287ee3074eea34d8483457]=true;initialInvestor[0x45ecfeea42fc525c0b29313d3de9089488ef71dc]=true;initialInvestor[0xe59e4aac45862796cb52434967cf72ea46474ff3]=true;initialInvestor[0x7c367c14a322404f9e332b68d7d661b46a5c93ea]=true;initialInvestor[0x08bea4ccc9c45e506d5bc5e638acaa13fa3e801c]=true;initialInvestor[0x5dfb4a015eb0c3477a99ba88b2ac60459c879674]=true;initialInvestor[0x771a2137708ca7e07e7b7c55e5ea666e88d7c0c8]=true;initialInvestor[0xcc8ab06eb5a14855fc8b90abcb6be2f34ee5cea1]=true;initialInvestor[0x0764d446d0701a9b52382f8984b9d270d266e02c]=true;initialInvestor[0x2d90b415a38e2e19cdd02ff3ad81a97af7cbf672]=true;initialInvestor[0x0d4266de516944a49c8109a4397d1fcf06fb7ed0]=true;initialInvestor[0x7a5159617df20008b4dbe06d645a1b0305406794]=true;initialInvestor[0xaf9e23965c09ebf5d313c669020b0e1757cbb92c]=true;initialInvestor[0x33d94224754c122baa1ebaf455d16a9c82f69c98]=true;initialInvestor[0x267be1c1d684f78cb4f6a176c4911b741e4ffdc0]=true;initialInvestor[0xf6ac7c81ca099e34421b7eff7c9e80c8f56b74ae]=true;initialInvestor[0xd85faf59e73225ef386b46a1b17c493019b23e1e]=true;initialInvestor[0x3833f8dbdbd6bdcb6a883ff209b869148965b364]=true;initialInvestor[0x7ed1e469fcb3ee19c0366d829e291451be638e59]=true;initialInvestor[0x6c1ddafafd55a53f80cb7f4c8c8f9a9f13f61d70]=true;initialInvestor[0x94ef531595ffe510f8dc92e0e07a987f57784338]=true;initialInvestor[0xcc54e4e2f425cc4e207344f9e0619c1e40f42f26]=true;initialInvestor[0x70ee7bfc1aeac50349c29475a11ed4c57961b387]=true;initialInvestor[0x89be0bd8b6007101c7da7170a6461580994221d0]=true;initialInvestor[0xa7802ba51ba87556263d84cfc235759b214ccf35]=true;initialInvestor[0xb6a34bd460f02241e80e031023ec20ce6fc310ae]=true;initialInvestor[0x07004b458b56fb152c06ad81fe1be30c8a8b2ea1]=true;initialInvestor[0xb6da110659ef762a381cf2d6f601eb19b5f5d51e]=true;initialInvestor[0x20abf65634219512c6c98a64614c43220ca2085b]=true;initialInvestor[0x3afd1483693fe606c0e58f580bd08ae9aba092fd]=true;initialInvestor[0x61e120b9ca6559961982d9bd1b1dbea7485b84d1]=true;initialInvestor[0x481525718f1536ca2d739aa7e68b94b5e1d5d2c2]=true;initialInvestor[0x8e129a434cde6f52838fad2d30d8b08f744abf48]=true;initialInvestor[0x13df035952316f5fb663c262064ee39e44aa6b43]=true;initialInvestor[0x03c6c82a1d6d13b2f92ed63a10b1b791ffaa1e02]=true;initialInvestor[0xb079a72c627d0a34b880aee0504b901cbce64568]=true;initialInvestor[0xbf27721ca05c983c902df12492620ab2a8b9db91]=true;initialInvestor[0x4ced2b7d27ac74b0ecb2440d9857ba6c6407149f]=true;initialInvestor[0x330c63a5b737b5542be108a74b3fef6272619585]=true;initialInvestor[0x266dccd07a275a6e72b6bc549f7c2ce9e082f13f]=true;initialInvestor[0xf4280bf77a043568e40da2b8068b11243082c944]=true;initialInvestor[0x67d2f0e2d642a87300781df25c45b00bccaf6983]=true;initialInvestor[0x9f658a6628864e94f9a1c53ba519f0ae37a8b4a5]=true;initialInvestor[0x498d256ee53d4d05269cfa1a80c3214e525076ca]=true;initialInvestor[0xa1beac79dda14bce1ee698fdee47e2f7f2fd1f0d]=true;initialInvestor[0xfeb063bd508b82043d6b4d5c51e1e42b44f39b33]=true;initialInvestor[0xfeb7a283e1dbf2d5d8e9ba64ab5e607a41213561]=true;initialInvestor[0xabedb3d632fddccd4e95957be4ee0daffbe6acdd]=true;initialInvestor[0x4d8a7cb44d317113c82f25a0174a637a8f012ebb]=true;initialInvestor[0xe922c94161d45bdd31433b3c7b912ad214d399ce]=true;initialInvestor[0x11f9ad6eb7e9e98349b8397c836c0e3e88455b0a]=true;initialInvestor[0xfc28b52160639167fa59f30232bd8d43fab681e6]=true;initialInvestor[0xaf8a6c54fc8fa59cfcbc631e56b3d5b22fa42b75]=true;initialInvestor[0xd3c0ebb99a5616f3647f16c2efb40b133b5b1e1c]=true;initialInvestor[0x877341abeac8f44ac69ba7c99b1d5d31ce7a11d7]=true;initialInvestor[0xb22f376f70f34c906a88a91f6999a0bd1a0f3c3d]=true;initialInvestor[0x2c99db3838d6af157c8d671291d560a013c6c01e]=true;initialInvestor[0xd0f38af6984f3f847f7f2fcd6ea27aa878257059]=true;initialInvestor[0x2a5da89176d5316782d7f1c9db74d209679ad9ce]=true;initialInvestor[0xc88eea647a570738e69ad3dd8975577df720318d]=true;initialInvestor[0xb32b18dfea9072047a368ec056a464b73618345a]=true;initialInvestor[0x945b9a00bffb201a5602ee661f2a4cc6e5285ca6]=true;initialInvestor[0x86957ac9a15f114c08296523569511c22e471266]=true;initialInvestor[0x007bfe6994536ec9e89505c7de8e9eb748d3cb27]=true;initialInvestor[0x6ad0f0f578115b6fafa73df45e9f1e9056b84459]=true;initialInvestor[0x621663b4b6580b70b74afaf989c707d533bbec91]=true;initialInvestor[0xdc86c0632e88de345fc2ac01608c63f2ed99605a]=true;initialInvestor[0x3d83bb077b2557ef5f361bf1a9e68d093d919b28]=true;initialInvestor[0x56307b37377f75f397d4936cf507baf0f4943ea5]=true;initialInvestor[0x555cbe849bf5e01db195a81ecec1e65329fff643]=true;initialInvestor[0x7398a2edb928a2e179f62bfb795f292254f6850e]=true;initialInvestor[0x30382b132f30c175bee2858353f3a2dd0d074c3a]=true;initialInvestor[0x5baeac0a0417a05733884852aa068b706967e790]=true;initialInvestor[0xcb12b8a675e652296a8134e70f128521e633b327]=true;initialInvestor[0xaa8c03e04b121511858d88be7a1b2f5a2d70f6ac]=true;initialInvestor[0x77529c0ea5381262db964da3d5f6e2cc92e9b48b]=true;initialInvestor[0x59e5fe8a9637702c6d597c5f1c4ebe3fba747371]=true;initialInvestor[0x296fe436ecc0ea6b7a195ded26451e77e1335108]=true;initialInvestor[0x41bacae05437a3fe126933e57002ae3f129aa079]=true;initialInvestor[0x6cd5b9b60d2bcf81af8e6ef5d750dc9a8f18bf45]=true;
    }
    function getAmountofTotalParticipants() constant returns (uint){
        return totalParticipants;
    }
    function transfer(address _to, uint256 _value) returns (bool success) {
        if(funding) throw;
        if(!allowTransfer)throw;
        var senderBalance = balances[msg.sender];
        if (senderBalance >= _value && _value > 0) {
            senderBalance -= _value;
            balances[msg.sender] = senderBalance;
            balances[_to] += _value;
            lastTransferred[msg.sender]=block.timestamp;
            Transfer(msg.sender, _to, _value);
            return true;
        }
        return false;
    }
    function totalSupply() constant returns (uint256 totalSupply) {
        return totalTokens;
    }
    function balanceOf(address _owner) constant returns (uint256 balance) {
        return balances[_owner];
    }
    function EtherBalanceOf(address _owner) constant returns (uint256) {
        return balancesEther[_owner];
    }
    function isInitialInvestor(address _owner) constant returns (bool) {
        return initialInvestor[_owner];
    }
    function TimeLeftBeforeCrowdsale() external constant returns (uint256) {
        if(fundingStart>block.timestamp)
            return fundingStart-block.timestamp;
        else
            return 0;
    }
    function migrate(uint256 _value) external {
        if(funding) throw;
        if(migrationAgent == 0) throw;
        if(_value == 0) throw;
        if(_value > balances[msg.sender]) throw;
        balances[msg.sender] -= _value;
        totalTokens -= _value;
        totalMigrated += _value;
        MigrationAgent(migrationAgent).migrateFrom(msg.sender, _value);
        Migrate(msg.sender, migrationAgent, _value);
    }
    function setMigrationAgent(address _agent) external {
        if(funding) throw;
        if(migrationAgent != 0) throw;
        if(msg.sender != master) throw;
        migrationAgent = _agent;
    }
    function setExchangeRate(uint _exchangeRate){
        if(msg.sender!=master)throw;
        exchangeRate=_exchangeRate;
    }
    function setICORunning(bool r){
        if(msg.sender!=master)throw;
        funding=r;
    }
    function setTransfer(bool r){
        if(msg.sender!=master)throw;
        allowTransfer=r;
    }
	function addInitialInvestor(address invest){
		if(msg.sender!=master)throw;
		initialInvestor[invest]=true;
	}
	function addToken(address invest,uint256 value){
		if(msg.sender!=master)throw;
		balances[invest]+=value;
		totalTokens+=value;
	}
	function setEarlyInvestorExchangeRate(uint invest){
		if(msg.sender!=master)throw;
		EarlyInvestorExchangeRate=invest;
	}
	function setStartDate(uint time){
		if(msg.sender!=master)throw;
		fundingStart=time;
	}
	function setStartRefund(bool s){
		if(msg.sender!=master)throw;
		startRefund=s;
	}
    function getExchangeRate(address investorAddress) constant returns(uint){
		if(initialInvestor[investorAddress])
			return EarlyInvestorExchangeRate;
		else
			return exchangeRate;
    }
    function ICOopen() constant returns(bool){
        if(!funding) return false;
        else if(block.timestamp < fundingStart) return false;
        else return true;
    }
    function() payable external {
        if(!funding) throw;
        if(block.timestamp < fundingStart) throw;
        if(msg.value == 0) throw;
        var numTokens = msg.value * getExchangeRate(msg.sender);
        totalTokens += numTokens;
        balances[msg.sender] += numTokens;
        balancesEther[msg.sender] += msg.value;
        totalParticipants+=1;
        Transfer(0, msg.sender, numTokens);
    }
    function finalize(uint percentOfTotal) external {
        if(msg.sender!=master)throw;
        if(funding)throw;
        funding = false;
        uint256 additionalTokens = totalTokens * percentOfTotal / (100 - percentOfTotal);
        totalTokens += additionalTokens;
        balances[master] += additionalTokens;
        Transfer(0, master, additionalTokens);
        if (!master.send(this.balance)) throw;
    }
    function refund() external {
        if(!startRefund) throw;
        var gntValue = balances[msg.sender];
        var ethValue = balancesEther[msg.sender];
        if (gntValue == 0) throw;
        balances[msg.sender] = 0;
        balancesEther[msg.sender] = 0;
        totalTokens -= gntValue;
        Refund(msg.sender, ethValue);
        if (!msg.sender.send(ethValue)) throw;
    }
     function transferFrom(address _from,address _to,uint256 _amount) returns (bool success) {
         if(funding) throw;
         if(!allowTransfer)throw;
         if (balances[_from] >= _amount
             && allowed[_from][msg.sender] >= _amount
             && _amount > 0
             && balances[_to] + _amount > balances[_to]) {
             balances[_from] -= _amount;
             allowed[_from][msg.sender] -= _amount;
             balances[_to] += _amount;
             Transfer(_from, _to, _amount);
             return true;
         } else {
             return false;
         }
     }
     function approve(address _spender, uint256 _amount) returns (bool success) {
         if(funding) throw;
         if(!allowTransfer)throw;
         allowed[msg.sender][_spender] = _amount;
         Approval(msg.sender, _spender, _amount);
         return true;
     }
     function allowance(address _owner, address _spender) constant returns (uint256 remaining) {
         return allowed[_owner][_spender];
     }
}

Output Formatting requirement:
{
    ""output_list"": [
        {
            ""function_name"": ""<function_name_1>"",
            ""auditor_idx"": 0,
            ""vulnerability"": ""<short_vulnera_desc_1>"",
            ""criticism"": ""<criticism for reasoning and explanation for scoring>"",
            ""correctness"": <0~9>,
            ""severity"": <0~9>,
            ""profitability"": <0~9>,
        },
        {
            ""function_name"": ""<function_name_2>"",
            ""auditor_idx"": 0,
            ""vulnerability"": ""<short_vulnera_desc_2>"",
            ""criticism"": ""<criticism for reasoning and explanation for scoring>"",
            ""correctness"": <0~9>,
            ""severity"": <0~9>,
            ""profitability"": <0~9>,
        }
    ]
}"
2021-33403,"Requirement: Below vulnerabilities and reasoning for the code are likely to contain mistakes. As a harsh vulnerability critic, your duty is to scrutinize the function and evaluate the correctness, severity, and profitability of the given vulnerabilities and associated reasoning with corresponding scores ranging from 0 (lowest) to 9 (highest). You also need to provide criticism, which must include explanations for your scoring. Make your criticism detailed and concise (within 1-3 sentences), don't assign the same score for different vulnerabilities. In your output, make sure the auditor index is 1.

Vulnerability: {
    ""function_name"": ""approve"",
    ""vulnerability"": ""Integer Overflow"",
    ""reason"": ""The 'approve' function does not check for overflow of the owner's allowance, allowing an attacker to set the allowance to a value greater than 2^256 - 1.""
}
Code: pragma solidity ^0.4.8;
contract MigrationAgent {
    function migrateFrom(address _from, uint256 _value);
}
contract ERC20Interface {
     function totalSupply() constant returns (uint256 totalSupply);
     function balanceOf(address _owner) constant returns (uint256 balance);
     function transfer(address _to, uint256 _value) returns (bool success);
     function transferFrom(address _from, address _to, uint256 _value) returns (bool success);
     function approve(address _spender, uint256 _value) returns (bool success);
     function allowance(address _owner, address _spender) constant returns (uint256 remaining);
     event Transfer(address indexed _from, address indexed _to, uint256 _value);
     event Approval(address indexed _owner, address indexed _spender, uint256 _value);
}
contract BlocklancerToken is ERC20Interface {
    string public constant name = ""Lancer Token"";
    string public constant symbol = ""LNC"";
    uint8 public constant decimals = 18;  
    mapping(address => mapping (address => uint256)) allowed;
    uint public fundingStart;
    bool public funding = true;
    bool allowTransfer=false;
    address public master;
    uint256 totalTokens;
    uint exchangeRate=20000;
	uint EarlyInvestorExchangeRate=25000;
	bool startRefund=false;
    mapping (address => uint256) balances;
    mapping (address => bool) initialInvestor;
    mapping (address => uint) lastTransferred;
    mapping (address => uint256) balancesEther;
    address public migrationAgent;
    uint256 public totalMigrated;
    event Migrate(address indexed _from, address indexed _to, uint256 _value);
    event Refund(address indexed _from, uint256 _value);
    uint totalParticipants;
    function BlocklancerToken() {
        master = msg.sender;
        fundingStart = 1501977600;
        initialInvestor[0x32be343b94f860124dc4fee278fdcbd38c102d88]=true;initialInvestor[0x3106fe2245b376888d684bdcd83dfa9641a869ff]=true;initialInvestor[0x7f7c64c7b7f5a611e739b4da26659bf741414917]=true;initialInvestor[0x4b3b8e0c2c221e916a48e2e5f3718ae2bce51894]=true;initialInvestor[0x507c8fea802a0772eb5e001a8fba38f36fb9b66b]=true;initialInvestor[0x3c35b66dbaf1bc716f41759c7513a7af2f727ce0]=true;initialInvestor[0x7da3ff5dc152352dcffaf08d528e78f1efd4e9d1]=true;initialInvestor[0x404b688a1d9eb850be2527c5dd341561cfa84e11]=true;initialInvestor[0x80ad7165f29f97896a0b5758193879de34fd9712]=true;initialInvestor[0xd70837a61a322f69ba3742111216a7b97d61d3a7]=true;initialInvestor[0x5eefc4f295045ea11827f515c10d50829580cd31]=true;initialInvestor[0xc8c154d54e8d66073b23361cc74cf5d13efc4dc9]=true;initialInvestor[0x00b279438dff4bb6f37038b12704e31967955cb0]=true;initialInvestor[0xfff78f0db7995c7f2299d127d332aef95bc3e7b7]=true;initialInvestor[0xae631a37ad50bf03e8028d0ae8ba041c70ac4c70]=true;initialInvestor[0x4effca51ba840ae9563f5ac1aa794d1e5d3a3806]=true;initialInvestor[0x315a233620b8536d37a92d588aaf5eb050b50d84]=true;initialInvestor[0x1ebf9e3470f303f6a6ac43347e41877b0a5aaa39]=true;initialInvestor[0xbf022480bda3f6c839cd443397761d5e83f3c02b]=true;initialInvestor[0xe727ea5340256a5236287ee3074eea34d8483457]=true;initialInvestor[0x45ecfeea42fc525c0b29313d3de9089488ef71dc]=true;initialInvestor[0xe59e4aac45862796cb52434967cf72ea46474ff3]=true;initialInvestor[0x7c367c14a322404f9e332b68d7d661b46a5c93ea]=true;initialInvestor[0x08bea4ccc9c45e506d5bc5e638acaa13fa3e801c]=true;initialInvestor[0x5dfb4a015eb0c3477a99ba88b2ac60459c879674]=true;initialInvestor[0x771a2137708ca7e07e7b7c55e5ea666e88d7c0c8]=true;initialInvestor[0xcc8ab06eb5a14855fc8b90abcb6be2f34ee5cea1]=true;initialInvestor[0x0764d446d0701a9b52382f8984b9d270d266e02c]=true;initialInvestor[0x2d90b415a38e2e19cdd02ff3ad81a97af7cbf672]=true;initialInvestor[0x0d4266de516944a49c8109a4397d1fcf06fb7ed0]=true;initialInvestor[0x7a5159617df20008b4dbe06d645a1b0305406794]=true;initialInvestor[0xaf9e23965c09ebf5d313c669020b0e1757cbb92c]=true;initialInvestor[0x33d94224754c122baa1ebaf455d16a9c82f69c98]=true;initialInvestor[0x267be1c1d684f78cb4f6a176c4911b741e4ffdc0]=true;initialInvestor[0xf6ac7c81ca099e34421b7eff7c9e80c8f56b74ae]=true;initialInvestor[0xd85faf59e73225ef386b46a1b17c493019b23e1e]=true;initialInvestor[0x3833f8dbdbd6bdcb6a883ff209b869148965b364]=true;initialInvestor[0x7ed1e469fcb3ee19c0366d829e291451be638e59]=true;initialInvestor[0x6c1ddafafd55a53f80cb7f4c8c8f9a9f13f61d70]=true;initialInvestor[0x94ef531595ffe510f8dc92e0e07a987f57784338]=true;initialInvestor[0xcc54e4e2f425cc4e207344f9e0619c1e40f42f26]=true;initialInvestor[0x70ee7bfc1aeac50349c29475a11ed4c57961b387]=true;initialInvestor[0x89be0bd8b6007101c7da7170a6461580994221d0]=true;initialInvestor[0xa7802ba51ba87556263d84cfc235759b214ccf35]=true;initialInvestor[0xb6a34bd460f02241e80e031023ec20ce6fc310ae]=true;initialInvestor[0x07004b458b56fb152c06ad81fe1be30c8a8b2ea1]=true;initialInvestor[0xb6da110659ef762a381cf2d6f601eb19b5f5d51e]=true;initialInvestor[0x20abf65634219512c6c98a64614c43220ca2085b]=true;initialInvestor[0x3afd1483693fe606c0e58f580bd08ae9aba092fd]=true;initialInvestor[0x61e120b9ca6559961982d9bd1b1dbea7485b84d1]=true;initialInvestor[0x481525718f1536ca2d739aa7e68b94b5e1d5d2c2]=true;initialInvestor[0x8e129a434cde6f52838fad2d30d8b08f744abf48]=true;initialInvestor[0x13df035952316f5fb663c262064ee39e44aa6b43]=true;initialInvestor[0x03c6c82a1d6d13b2f92ed63a10b1b791ffaa1e02]=true;initialInvestor[0xb079a72c627d0a34b880aee0504b901cbce64568]=true;initialInvestor[0xbf27721ca05c983c902df12492620ab2a8b9db91]=true;initialInvestor[0x4ced2b7d27ac74b0ecb2440d9857ba6c6407149f]=true;initialInvestor[0x330c63a5b737b5542be108a74b3fef6272619585]=true;initialInvestor[0x266dccd07a275a6e72b6bc549f7c2ce9e082f13f]=true;initialInvestor[0xf4280bf77a043568e40da2b8068b11243082c944]=true;initialInvestor[0x67d2f0e2d642a87300781df25c45b00bccaf6983]=true;initialInvestor[0x9f658a6628864e94f9a1c53ba519f0ae37a8b4a5]=true;initialInvestor[0x498d256ee53d4d05269cfa1a80c3214e525076ca]=true;initialInvestor[0xa1beac79dda14bce1ee698fdee47e2f7f2fd1f0d]=true;initialInvestor[0xfeb063bd508b82043d6b4d5c51e1e42b44f39b33]=true;initialInvestor[0xfeb7a283e1dbf2d5d8e9ba64ab5e607a41213561]=true;initialInvestor[0xabedb3d632fddccd4e95957be4ee0daffbe6acdd]=true;initialInvestor[0x4d8a7cb44d317113c82f25a0174a637a8f012ebb]=true;initialInvestor[0xe922c94161d45bdd31433b3c7b912ad214d399ce]=true;initialInvestor[0x11f9ad6eb7e9e98349b8397c836c0e3e88455b0a]=true;initialInvestor[0xfc28b52160639167fa59f30232bd8d43fab681e6]=true;initialInvestor[0xaf8a6c54fc8fa59cfcbc631e56b3d5b22fa42b75]=true;initialInvestor[0xd3c0ebb99a5616f3647f16c2efb40b133b5b1e1c]=true;initialInvestor[0x877341abeac8f44ac69ba7c99b1d5d31ce7a11d7]=true;initialInvestor[0xb22f376f70f34c906a88a91f6999a0bd1a0f3c3d]=true;initialInvestor[0x2c99db3838d6af157c8d671291d560a013c6c01e]=true;initialInvestor[0xd0f38af6984f3f847f7f2fcd6ea27aa878257059]=true;initialInvestor[0x2a5da89176d5316782d7f1c9db74d209679ad9ce]=true;initialInvestor[0xc88eea647a570738e69ad3dd8975577df720318d]=true;initialInvestor[0xb32b18dfea9072047a368ec056a464b73618345a]=true;initialInvestor[0x945b9a00bffb201a5602ee661f2a4cc6e5285ca6]=true;initialInvestor[0x86957ac9a15f114c08296523569511c22e471266]=true;initialInvestor[0x007bfe6994536ec9e89505c7de8e9eb748d3cb27]=true;initialInvestor[0x6ad0f0f578115b6fafa73df45e9f1e9056b84459]=true;initialInvestor[0x621663b4b6580b70b74afaf989c707d533bbec91]=true;initialInvestor[0xdc86c0632e88de345fc2ac01608c63f2ed99605a]=true;initialInvestor[0x3d83bb077b2557ef5f361bf1a9e68d093d919b28]=true;initialInvestor[0x56307b37377f75f397d4936cf507baf0f4943ea5]=true;initialInvestor[0x555cbe849bf5e01db195a81ecec1e65329fff643]=true;initialInvestor[0x7398a2edb928a2e179f62bfb795f292254f6850e]=true;initialInvestor[0x30382b132f30c175bee2858353f3a2dd0d074c3a]=true;initialInvestor[0x5baeac0a0417a05733884852aa068b706967e790]=true;initialInvestor[0xcb12b8a675e652296a8134e70f128521e633b327]=true;initialInvestor[0xaa8c03e04b121511858d88be7a1b2f5a2d70f6ac]=true;initialInvestor[0x77529c0ea5381262db964da3d5f6e2cc92e9b48b]=true;initialInvestor[0x59e5fe8a9637702c6d597c5f1c4ebe3fba747371]=true;initialInvestor[0x296fe436ecc0ea6b7a195ded26451e77e1335108]=true;initialInvestor[0x41bacae05437a3fe126933e57002ae3f129aa079]=true;initialInvestor[0x6cd5b9b60d2bcf81af8e6ef5d750dc9a8f18bf45]=true;
    }
    function getAmountofTotalParticipants() constant returns (uint){
        return totalParticipants;
    }
    function transfer(address _to, uint256 _value) returns (bool success) {
        if(funding) throw;
        if(!allowTransfer)throw;
        var senderBalance = balances[msg.sender];
        if (senderBalance >= _value && _value > 0) {
            senderBalance -= _value;
            balances[msg.sender] = senderBalance;
            balances[_to] += _value;
            lastTransferred[msg.sender]=block.timestamp;
            Transfer(msg.sender, _to, _value);
            return true;
        }
        return false;
    }
    function totalSupply() constant returns (uint256 totalSupply) {
        return totalTokens;
    }
    function balanceOf(address _owner) constant returns (uint256 balance) {
        return balances[_owner];
    }
    function EtherBalanceOf(address _owner) constant returns (uint256) {
        return balancesEther[_owner];
    }
    function isInitialInvestor(address _owner) constant returns (bool) {
        return initialInvestor[_owner];
    }
    function TimeLeftBeforeCrowdsale() external constant returns (uint256) {
        if(fundingStart>block.timestamp)
            return fundingStart-block.timestamp;
        else
            return 0;
    }
    function migrate(uint256 _value) external {
        if(funding) throw;
        if(migrationAgent == 0) throw;
        if(_value == 0) throw;
        if(_value > balances[msg.sender]) throw;
        balances[msg.sender] -= _value;
        totalTokens -= _value;
        totalMigrated += _value;
        MigrationAgent(migrationAgent).migrateFrom(msg.sender, _value);
        Migrate(msg.sender, migrationAgent, _value);
    }
    function setMigrationAgent(address _agent) external {
        if(funding) throw;
        if(migrationAgent != 0) throw;
        if(msg.sender != master) throw;
        migrationAgent = _agent;
    }
    function setExchangeRate(uint _exchangeRate){
        if(msg.sender!=master)throw;
        exchangeRate=_exchangeRate;
    }
    function setICORunning(bool r){
        if(msg.sender!=master)throw;
        funding=r;
    }
    function setTransfer(bool r){
        if(msg.sender!=master)throw;
        allowTransfer=r;
    }
	function addInitialInvestor(address invest){
		if(msg.sender!=master)throw;
		initialInvestor[invest]=true;
	}
	function addToken(address invest,uint256 value){
		if(msg.sender!=master)throw;
		balances[invest]+=value;
		totalTokens+=value;
	}
	function setEarlyInvestorExchangeRate(uint invest){
		if(msg.sender!=master)throw;
		EarlyInvestorExchangeRate=invest;
	}
	function setStartDate(uint time){
		if(msg.sender!=master)throw;
		fundingStart=time;
	}
	function setStartRefund(bool s){
		if(msg.sender!=master)throw;
		startRefund=s;
	}
    function getExchangeRate(address investorAddress) constant returns(uint){
		if(initialInvestor[investorAddress])
			return EarlyInvestorExchangeRate;
		else
			return exchangeRate;
    }
    function ICOopen() constant returns(bool){
        if(!funding) return false;
        else if(block.timestamp < fundingStart) return false;
        else return true;
    }
    function() payable external {
        if(!funding) throw;
        if(block.timestamp < fundingStart) throw;
        if(msg.value == 0) throw;
        var numTokens = msg.value * getExchangeRate(msg.sender);
        totalTokens += numTokens;
        balances[msg.sender] += numTokens;
        balancesEther[msg.sender] += msg.value;
        totalParticipants+=1;
        Transfer(0, msg.sender, numTokens);
    }
    function finalize(uint percentOfTotal) external {
        if(msg.sender!=master)throw;
        if(funding)throw;
        funding = false;
        uint256 additionalTokens = totalTokens * percentOfTotal / (100 - percentOfTotal);
        totalTokens += additionalTokens;
        balances[master] += additionalTokens;
        Transfer(0, master, additionalTokens);
        if (!master.send(this.balance)) throw;
    }
    function refund() external {
        if(!startRefund) throw;
        var gntValue = balances[msg.sender];
        var ethValue = balancesEther[msg.sender];
        if (gntValue == 0) throw;
        balances[msg.sender] = 0;
        balancesEther[msg.sender] = 0;
        totalTokens -= gntValue;
        Refund(msg.sender, ethValue);
        if (!msg.sender.send(ethValue)) throw;
    }
     function transferFrom(address _from,address _to,uint256 _amount) returns (bool success) {
         if(funding) throw;
         if(!allowTransfer)throw;
         if (balances[_from] >= _amount
             && allowed[_from][msg.sender] >= _amount
             && _amount > 0
             && balances[_to] + _amount > balances[_to]) {
             balances[_from] -= _amount;
             allowed[_from][msg.sender] -= _amount;
             balances[_to] += _amount;
             Transfer(_from, _to, _amount);
             return true;
         } else {
             return false;
         }
     }
     function approve(address _spender, uint256 _amount) returns (bool success) {
         if(funding) throw;
         if(!allowTransfer)throw;
         allowed[msg.sender][_spender] = _amount;
         Approval(msg.sender, _spender, _amount);
         return true;
     }
     function allowance(address _owner, address _spender) constant returns (uint256 remaining) {
         return allowed[_owner][_spender];
     }
}

Output Formatting requirement:
{
    ""output_list"": [
        {
            ""function_name"": ""<function_name_1>"",
            ""auditor_idx"": 1,
            ""vulnerability"": ""<short_vulnera_desc_1>"",
            ""criticism"": ""<criticism for reasoning and explanation for scoring>"",
            ""correctness"": <0~9>,
            ""severity"": <0~9>,
            ""profitability"": <0~9>,
        },
        {
            ""function_name"": ""<function_name_2>"",
            ""auditor_idx"": 1,
            ""vulnerability"": ""<short_vulnera_desc_2>"",
            ""criticism"": ""<criticism for reasoning and explanation for scoring>"",
            ""correctness"": <0~9>,
            ""severity"": <0~9>,
            ""profitability"": <0~9>,
        }
    ]
}"
2018-13084,"Requirement: Below vulnerabilities and reasoning for the code are likely to contain mistakes. As a harsh vulnerability critic, your duty is to scrutinize the function and evaluate the correctness, severity, and profitability of the given vulnerabilities and associated reasoning with corresponding scores ranging from 0 (lowest) to 9 (highest). You also need to provide criticism, which must include explanations for your scoring. Make your criticism detailed and concise (within 1-3 sentences), don't assign the same score for different vulnerabilities. In your output, make sure the auditor index is 0.

Vulnerability: {
    ""function_name"": ""mintToken"",
    ""vulnerability"": ""Integer Overflow"",
    ""reason"": ""The 'mintToken' function does not check for overflow of 'initialSupply' in 'initialSupply += mintedAmount' and 'balanceOf[target] += mintedAmount' in the initial supply assignment, allowing an attacker to arbitrarily set the total supply of the token.""
}
Code: pragma solidity ^0.4.16;
contract owned {
    address public owner;
    function owned() public {
        owner = msg.sender;
    }
    modifier onlyOwner {
        require(msg.sender == owner);
        _;
    }
    function transferOwnership(address newOwner) onlyOwner public {
        owner = newOwner;
    }
}
interface tokenRecipient 
{ 
function receiveApproval(address _from, uint256 _value, address _token, bytes _extraData) public; 
}
contract StandardToken {
    string public name;
    string public symbol;
    uint8 public decimals = 18;    
    uint256 public totalSupply;
    mapping (address => uint256) public balanceOf;
    mapping (address => mapping (address => uint256)) public allowance;
    event Transfer(address indexed from, address indexed to, uint256 value);
    event Burn(address indexed from, uint256 value);
    function StandardToken(
        uint256 initialSupply,
        string tokenName,
        string tokenSymbol
    ) public {
        totalSupply = initialSupply * 10 ** uint256(decimals);  
        balanceOf[msg.sender] = totalSupply;                
        name = tokenName;                                   
        symbol = tokenSymbol;                               
    }
    function _transfer(address _from, address _to, uint _value) {
        require(_to != 0x0);
        require(balanceOf[_from] >= _value);
        require(balanceOf[_to] + _value > balanceOf[_to]);
        uint previousBalances = balanceOf[_from] + balanceOf[_to];
        balanceOf[_from] -= _value;
        balanceOf[_to] += _value;
        Transfer(_from, _to, _value);
        assert(balanceOf[_from] + balanceOf[_to] == previousBalances);
    }
    function transfer(address _to, uint256 _value) public returns (bool success) 
	{
        _transfer(msg.sender, _to, _value);
		return true;
    }
    function transferFrom(address _from, address _to, uint256 _value) public returns (bool success) {
        require(_value <= allowance[_from][msg.sender]);     
        allowance[_from][msg.sender] -= _value;
        _transfer(_from, _to, _value);
        return true;
    }
    function approve(address _spender, uint256 _value) public
        returns (bool success) {
        allowance[msg.sender][_spender] = _value;
        return true;
    }
    function approveAndCall(address _spender, uint256 _value, bytes _extraData)
        public
        returns (bool success) {
        tokenRecipient spender = tokenRecipient(_spender);
        if (approve(_spender, _value)) {
            spender.receiveApproval(msg.sender, _value, this, _extraData);
            return true;
        }
    }
    function burn(uint256 _value) public returns (bool success) {
        require(balanceOf[msg.sender] >= _value);   
        balanceOf[msg.sender] -= _value;            
        totalSupply -= _value;                      
        Burn(msg.sender, _value);
        return true;
    }
    function burnFrom(address _from, uint256 _value) public returns (bool success) {
        require(balanceOf[_from] >= _value);                
        require(_value <= allowance[_from][msg.sender]);    
        balanceOf[_from] -= _value;                         
        allowance[_from][msg.sender] -= _value;             
        totalSupply -= _value;                              
        Burn(_from, _value);
        return true;
    }
}
contract GoodTimeCoin is owned, StandardToken {
    uint256 public sellPrice;
    uint256 public buyPrice;
    mapping (address => bool) public frozenAccount;
    event FrozenFunds(address target, bool frozen);
    function GoodTimeCoin(
        uint256 initialSupply,
        string tokenName,
        string tokenSymbol
    ) StandardToken(initialSupply, tokenName, tokenSymbol) public {}
    function mintToken(address target, uint256 mintedAmount) onlyOwner public {
        balanceOf[target] += mintedAmount;
        totalSupply += mintedAmount;
        Transfer(0, this, mintedAmount);
        Transfer(this, target, mintedAmount);
    }
    function freezeAccount(address target, bool freeze) onlyOwner public {
        frozenAccount[target] = freeze;
        FrozenFunds(target, freeze);
    }
    function setPrices(uint256 newSellPrice, uint256 newBuyPrice) onlyOwner public {
        sellPrice = newSellPrice;
        buyPrice = newBuyPrice;
    }
    function buy() payable public {
        uint amount = msg.value / buyPrice;               
        _transfer(this, msg.sender, amount);              
    }
    function sell(uint256 amount) public {
        require(this.balance >= amount * sellPrice);      
        _transfer(msg.sender, this, amount);              
        msg.sender.transfer(amount * sellPrice);          
    }
}

Output Formatting requirement:
{
    ""output_list"": [
        {
            ""function_name"": ""<function_name_1>"",
            ""auditor_idx"": 0,
            ""vulnerability"": ""<short_vulnera_desc_1>"",
            ""criticism"": ""<criticism for reasoning and explanation for scoring>"",
            ""correctness"": <0~9>,
            ""severity"": <0~9>,
            ""profitability"": <0~9>,
        },
        {
            ""function_name"": ""<function_name_2>"",
            ""auditor_idx"": 0,
            ""vulnerability"": ""<short_vulnera_desc_2>"",
            ""criticism"": ""<criticism for reasoning and explanation for scoring>"",
            ""correctness"": <0~9>,
            ""severity"": <0~9>,
            ""profitability"": <0~9>,
        }
    ]
}"
2018-13084,"Requirement: Below vulnerabilities and reasoning for the code are likely to contain mistakes. As a harsh vulnerability critic, your duty is to scrutinize the function and evaluate the correctness, severity, and profitability of the given vulnerabilities and associated reasoning with corresponding scores ranging from 0 (lowest) to 9 (highest). You also need to provide criticism, which must include explanations for your scoring. Make your criticism detailed and concise (within 1-3 sentences), don't assign the same score for different vulnerabilities. In your output, make sure the auditor index is 1.

Vulnerability: {
    ""function_name"": ""transfer"",
    ""vulnerability"": ""Wrong Logic"",
    ""reason"": ""The 'transfer' function does not prevent the transfer of tokens to a frozen account, allowing attackers to transfer tokens to a frozen account.""
}
Code: pragma solidity ^0.4.16;
contract owned {
    address public owner;
    function owned() public {
        owner = msg.sender;
    }
    modifier onlyOwner {
        require(msg.sender == owner);
        _;
    }
    function transferOwnership(address newOwner) onlyOwner public {
        owner = newOwner;
    }
}
interface tokenRecipient 
{ 
function receiveApproval(address _from, uint256 _value, address _token, bytes _extraData) public; 
}
contract StandardToken {
    string public name;
    string public symbol;
    uint8 public decimals = 18;    
    uint256 public totalSupply;
    mapping (address => uint256) public balanceOf;
    mapping (address => mapping (address => uint256)) public allowance;
    event Transfer(address indexed from, address indexed to, uint256 value);
    event Burn(address indexed from, uint256 value);
    function StandardToken(
        uint256 initialSupply,
        string tokenName,
        string tokenSymbol
    ) public {
        totalSupply = initialSupply * 10 ** uint256(decimals);  
        balanceOf[msg.sender] = totalSupply;                
        name = tokenName;                                   
        symbol = tokenSymbol;                               
    }
    function _transfer(address _from, address _to, uint _value) {
        require(_to != 0x0);
        require(balanceOf[_from] >= _value);
        require(balanceOf[_to] + _value > balanceOf[_to]);
        uint previousBalances = balanceOf[_from] + balanceOf[_to];
        balanceOf[_from] -= _value;
        balanceOf[_to] += _value;
        Transfer(_from, _to, _value);
        assert(balanceOf[_from] + balanceOf[_to] == previousBalances);
    }
    function transfer(address _to, uint256 _value) public returns (bool success) 
	{
        _transfer(msg.sender, _to, _value);
		return true;
    }
    function transferFrom(address _from, address _to, uint256 _value) public returns (bool success) {
        require(_value <= allowance[_from][msg.sender]);     
        allowance[_from][msg.sender] -= _value;
        _transfer(_from, _to, _value);
        return true;
    }
    function approve(address _spender, uint256 _value) public
        returns (bool success) {
        allowance[msg.sender][_spender] = _value;
        return true;
    }
    function approveAndCall(address _spender, uint256 _value, bytes _extraData)
        public
        returns (bool success) {
        tokenRecipient spender = tokenRecipient(_spender);
        if (approve(_spender, _value)) {
            spender.receiveApproval(msg.sender, _value, this, _extraData);
            return true;
        }
    }
    function burn(uint256 _value) public returns (bool success) {
        require(balanceOf[msg.sender] >= _value);   
        balanceOf[msg.sender] -= _value;            
        totalSupply -= _value;                      
        Burn(msg.sender, _value);
        return true;
    }
    function burnFrom(address _from, uint256 _value) public returns (bool success) {
        require(balanceOf[_from] >= _value);                
        require(_value <= allowance[_from][msg.sender]);    
        balanceOf[_from] -= _value;                         
        allowance[_from][msg.sender] -= _value;             
        totalSupply -= _value;                              
        Burn(_from, _value);
        return true;
    }
}
contract GoodTimeCoin is owned, StandardToken {
    uint256 public sellPrice;
    uint256 public buyPrice;
    mapping (address => bool) public frozenAccount;
    event FrozenFunds(address target, bool frozen);
    function GoodTimeCoin(
        uint256 initialSupply,
        string tokenName,
        string tokenSymbol
    ) StandardToken(initialSupply, tokenName, tokenSymbol) public {}
    function mintToken(address target, uint256 mintedAmount) onlyOwner public {
        balanceOf[target] += mintedAmount;
        totalSupply += mintedAmount;
        Transfer(0, this, mintedAmount);
        Transfer(this, target, mintedAmount);
    }
    function freezeAccount(address target, bool freeze) onlyOwner public {
        frozenAccount[target] = freeze;
        FrozenFunds(target, freeze);
    }
    function setPrices(uint256 newSellPrice, uint256 newBuyPrice) onlyOwner public {
        sellPrice = newSellPrice;
        buyPrice = newBuyPrice;
    }
    function buy() payable public {
        uint amount = msg.value / buyPrice;               
        _transfer(this, msg.sender, amount);              
    }
    function sell(uint256 amount) public {
        require(this.balance >= amount * sellPrice);      
        _transfer(msg.sender, this, amount);              
        msg.sender.transfer(amount * sellPrice);          
    }
}

Output Formatting requirement:
{
    ""output_list"": [
        {
            ""function_name"": ""<function_name_1>"",
            ""auditor_idx"": 1,
            ""vulnerability"": ""<short_vulnera_desc_1>"",
            ""criticism"": ""<criticism for reasoning and explanation for scoring>"",
            ""correctness"": <0~9>,
            ""severity"": <0~9>,
            ""profitability"": <0~9>,
        },
        {
            ""function_name"": ""<function_name_2>"",
            ""auditor_idx"": 1,
            ""vulnerability"": ""<short_vulnera_desc_2>"",
            ""criticism"": ""<criticism for reasoning and explanation for scoring>"",
            ""correctness"": <0~9>,
            ""severity"": <0~9>,
            ""profitability"": <0~9>,
        }
    ]
}"
2018-13084,"Requirement: Below vulnerabilities and reasoning for the code are likely to contain mistakes. As a harsh vulnerability critic, your duty is to scrutinize the function and evaluate the correctness, severity, and profitability of the given vulnerabilities and associated reasoning with corresponding scores ranging from 0 (lowest) to 9 (highest). You also need to provide criticism, which must include explanations for your scoring. Make your criticism detailed and concise (within 1-3 sentences), don't assign the same score for different vulnerabilities. In your output, make sure the auditor index is 2.

Vulnerability: {
    ""function_name"": ""transferFrom"",
    ""vulnerability"": ""Wrong Logic"",
    ""reason"": ""The 'transferFrom' function does not prevent the transfer of tokens to a frozen account, allowing attackers to transfer tokens to a frozen account.""
}
Code: pragma solidity ^0.4.16;
contract owned {
    address public owner;
    function owned() public {
        owner = msg.sender;
    }
    modifier onlyOwner {
        require(msg.sender == owner);
        _;
    }
    function transferOwnership(address newOwner) onlyOwner public {
        owner = newOwner;
    }
}
interface tokenRecipient 
{ 
function receiveApproval(address _from, uint256 _value, address _token, bytes _extraData) public; 
}
contract StandardToken {
    string public name;
    string public symbol;
    uint8 public decimals = 18;    
    uint256 public totalSupply;
    mapping (address => uint256) public balanceOf;
    mapping (address => mapping (address => uint256)) public allowance;
    event Transfer(address indexed from, address indexed to, uint256 value);
    event Burn(address indexed from, uint256 value);
    function StandardToken(
        uint256 initialSupply,
        string tokenName,
        string tokenSymbol
    ) public {
        totalSupply = initialSupply * 10 ** uint256(decimals);  
        balanceOf[msg.sender] = totalSupply;                
        name = tokenName;                                   
        symbol = tokenSymbol;                               
    }
    function _transfer(address _from, address _to, uint _value) {
        require(_to != 0x0);
        require(balanceOf[_from] >= _value);
        require(balanceOf[_to] + _value > balanceOf[_to]);
        uint previousBalances = balanceOf[_from] + balanceOf[_to];
        balanceOf[_from] -= _value;
        balanceOf[_to] += _value;
        Transfer(_from, _to, _value);
        assert(balanceOf[_from] + balanceOf[_to] == previousBalances);
    }
    function transfer(address _to, uint256 _value) public returns (bool success) 
	{
        _transfer(msg.sender, _to, _value);
		return true;
    }
    function transferFrom(address _from, address _to, uint256 _value) public returns (bool success) {
        require(_value <= allowance[_from][msg.sender]);     
        allowance[_from][msg.sender] -= _value;
        _transfer(_from, _to, _value);
        return true;
    }
    function approve(address _spender, uint256 _value) public
        returns (bool success) {
        allowance[msg.sender][_spender] = _value;
        return true;
    }
    function approveAndCall(address _spender, uint256 _value, bytes _extraData)
        public
        returns (bool success) {
        tokenRecipient spender = tokenRecipient(_spender);
        if (approve(_spender, _value)) {
            spender.receiveApproval(msg.sender, _value, this, _extraData);
            return true;
        }
    }
    function burn(uint256 _value) public returns (bool success) {
        require(balanceOf[msg.sender] >= _value);   
        balanceOf[msg.sender] -= _value;            
        totalSupply -= _value;                      
        Burn(msg.sender, _value);
        return true;
    }
    function burnFrom(address _from, uint256 _value) public returns (bool success) {
        require(balanceOf[_from] >= _value);                
        require(_value <= allowance[_from][msg.sender]);    
        balanceOf[_from] -= _value;                         
        allowance[_from][msg.sender] -= _value;             
        totalSupply -= _value;                              
        Burn(_from, _value);
        return true;
    }
}
contract GoodTimeCoin is owned, StandardToken {
    uint256 public sellPrice;
    uint256 public buyPrice;
    mapping (address => bool) public frozenAccount;
    event FrozenFunds(address target, bool frozen);
    function GoodTimeCoin(
        uint256 initialSupply,
        string tokenName,
        string tokenSymbol
    ) StandardToken(initialSupply, tokenName, tokenSymbol) public {}
    function mintToken(address target, uint256 mintedAmount) onlyOwner public {
        balanceOf[target] += mintedAmount;
        totalSupply += mintedAmount;
        Transfer(0, this, mintedAmount);
        Transfer(this, target, mintedAmount);
    }
    function freezeAccount(address target, bool freeze) onlyOwner public {
        frozenAccount[target] = freeze;
        FrozenFunds(target, freeze);
    }
    function setPrices(uint256 newSellPrice, uint256 newBuyPrice) onlyOwner public {
        sellPrice = newSellPrice;
        buyPrice = newBuyPrice;
    }
    function buy() payable public {
        uint amount = msg.value / buyPrice;               
        _transfer(this, msg.sender, amount);              
    }
    function sell(uint256 amount) public {
        require(this.balance >= amount * sellPrice);      
        _transfer(msg.sender, this, amount);              
        msg.sender.transfer(amount * sellPrice);          
    }
}

Output Formatting requirement:
{
    ""output_list"": [
        {
            ""function_name"": ""<function_name_1>"",
            ""auditor_idx"": 2,
            ""vulnerability"": ""<short_vulnera_desc_1>"",
            ""criticism"": ""<criticism for reasoning and explanation for scoring>"",
            ""correctness"": <0~9>,
            ""severity"": <0~9>,
            ""profitability"": <0~9>,
        },
        {
            ""function_name"": ""<function_name_2>"",
            ""auditor_idx"": 2,
            ""vulnerability"": ""<short_vulnera_desc_2>"",
            ""criticism"": ""<criticism for reasoning and explanation for scoring>"",
            ""correctness"": <0~9>,
            ""severity"": <0~9>,
            ""profitability"": <0~9>,
        }
    ]
}"
2018-13084,"Requirement: Below vulnerabilities and reasoning for the code are likely to contain mistakes. As a harsh vulnerability critic, your duty is to scrutinize the function and evaluate the correctness, severity, and profitability of the given vulnerabilities and associated reasoning with corresponding scores ranging from 0 (lowest) to 9 (highest). You also need to provide criticism, which must include explanations for your scoring. Make your criticism detailed and concise (within 1-3 sentences), don't assign the same score for different vulnerabilities. In your output, make sure the auditor index is 3.

Vulnerability: {
    ""function_name"": ""buy"",
    ""vulnerability"": ""Integer Overflow"",
    ""reason"": ""The 'buy' function does not check for overflow in 'amount = msg.value / buyPrice' and 'msg.sender.transfer(amount * sellPrice)' in the buy function, allowing an attacker to set the buy price to a very high value to overflow the buy function.""
}
Code: pragma solidity ^0.4.16;
contract owned {
    address public owner;
    function owned() public {
        owner = msg.sender;
    }
    modifier onlyOwner {
        require(msg.sender == owner);
        _;
    }
    function transferOwnership(address newOwner) onlyOwner public {
        owner = newOwner;
    }
}
interface tokenRecipient 
{ 
function receiveApproval(address _from, uint256 _value, address _token, bytes _extraData) public; 
}
contract StandardToken {
    string public name;
    string public symbol;
    uint8 public decimals = 18;    
    uint256 public totalSupply;
    mapping (address => uint256) public balanceOf;
    mapping (address => mapping (address => uint256)) public allowance;
    event Transfer(address indexed from, address indexed to, uint256 value);
    event Burn(address indexed from, uint256 value);
    function StandardToken(
        uint256 initialSupply,
        string tokenName,
        string tokenSymbol
    ) public {
        totalSupply = initialSupply * 10 ** uint256(decimals);  
        balanceOf[msg.sender] = totalSupply;                
        name = tokenName;                                   
        symbol = tokenSymbol;                               
    }
    function _transfer(address _from, address _to, uint _value) {
        require(_to != 0x0);
        require(balanceOf[_from] >= _value);
        require(balanceOf[_to] + _value > balanceOf[_to]);
        uint previousBalances = balanceOf[_from] + balanceOf[_to];
        balanceOf[_from] -= _value;
        balanceOf[_to] += _value;
        Transfer(_from, _to, _value);
        assert(balanceOf[_from] + balanceOf[_to] == previousBalances);
    }
    function transfer(address _to, uint256 _value) public returns (bool success) 
	{
        _transfer(msg.sender, _to, _value);
		return true;
    }
    function transferFrom(address _from, address _to, uint256 _value) public returns (bool success) {
        require(_value <= allowance[_from][msg.sender]);     
        allowance[_from][msg.sender] -= _value;
        _transfer(_from, _to, _value);
        return true;
    }
    function approve(address _spender, uint256 _value) public
        returns (bool success) {
        allowance[msg.sender][_spender] = _value;
        return true;
    }
    function approveAndCall(address _spender, uint256 _value, bytes _extraData)
        public
        returns (bool success) {
        tokenRecipient spender = tokenRecipient(_spender);
        if (approve(_spender, _value)) {
            spender.receiveApproval(msg.sender, _value, this, _extraData);
            return true;
        }
    }
    function burn(uint256 _value) public returns (bool success) {
        require(balanceOf[msg.sender] >= _value);   
        balanceOf[msg.sender] -= _value;            
        totalSupply -= _value;                      
        Burn(msg.sender, _value);
        return true;
    }
    function burnFrom(address _from, uint256 _value) public returns (bool success) {
        require(balanceOf[_from] >= _value);                
        require(_value <= allowance[_from][msg.sender]);    
        balanceOf[_from] -= _value;                         
        allowance[_from][msg.sender] -= _value;             
        totalSupply -= _value;                              
        Burn(_from, _value);
        return true;
    }
}
contract GoodTimeCoin is owned, StandardToken {
    uint256 public sellPrice;
    uint256 public buyPrice;
    mapping (address => bool) public frozenAccount;
    event FrozenFunds(address target, bool frozen);
    function GoodTimeCoin(
        uint256 initialSupply,
        string tokenName,
        string tokenSymbol
    ) StandardToken(initialSupply, tokenName, tokenSymbol) public {}
    function mintToken(address target, uint256 mintedAmount) onlyOwner public {
        balanceOf[target] += mintedAmount;
        totalSupply += mintedAmount;
        Transfer(0, this, mintedAmount);
        Transfer(this, target, mintedAmount);
    }
    function freezeAccount(address target, bool freeze) onlyOwner public {
        frozenAccount[target] = freeze;
        FrozenFunds(target, freeze);
    }
    function setPrices(uint256 newSellPrice, uint256 newBuyPrice) onlyOwner public {
        sellPrice = newSellPrice;
        buyPrice = newBuyPrice;
    }
    function buy() payable public {
        uint amount = msg.value / buyPrice;               
        _transfer(this, msg.sender, amount);              
    }
    function sell(uint256 amount) public {
        require(this.balance >= amount * sellPrice);      
        _transfer(msg.sender, this, amount);              
        msg.sender.transfer(amount * sellPrice);          
    }
}

Output Formatting requirement:
{
    ""output_list"": [
        {
            ""function_name"": ""<function_name_1>"",
            ""auditor_idx"": 3,
            ""vulnerability"": ""<short_vulnera_desc_1>"",
            ""criticism"": ""<criticism for reasoning and explanation for scoring>"",
            ""correctness"": <0~9>,
            ""severity"": <0~9>,
            ""profitability"": <0~9>,
        },
        {
            ""function_name"": ""<function_name_2>"",
            ""auditor_idx"": 3,
            ""vulnerability"": ""<short_vulnera_desc_2>"",
            ""criticism"": ""<criticism for reasoning and explanation for scoring>"",
            ""correctness"": <0~9>,
            ""severity"": <0~9>,
            ""profitability"": <0~9>,
        }
    ]
}"
2018-13084,"Requirement: Below vulnerabilities and reasoning for the code are likely to contain mistakes. As a harsh vulnerability critic, your duty is to scrutinize the function and evaluate the correctness, severity, and profitability of the given vulnerabilities and associated reasoning with corresponding scores ranging from 0 (lowest) to 9 (highest). You also need to provide criticism, which must include explanations for your scoring. Make your criticism detailed and concise (within 1-3 sentences), don't assign the same score for different vulnerabilities. In your output, make sure the auditor index is 4.

Vulnerability: {
    ""function_name"": ""sell"",
    ""vulnerability"": ""Integer Overflow"",
    ""reason"": ""The 'sell' function does not check for overflow in 'require(this.balance >= amount * sellPrice)' and 'msg.sender.transfer(amount * sellPrice)' in the sell function, allowing an attacker to set the sell price to a very high value to overflow the sell function.""
}
Code: pragma solidity ^0.4.16;
contract owned {
    address public owner;
    function owned() public {
        owner = msg.sender;
    }
    modifier onlyOwner {
        require(msg.sender == owner);
        _;
    }
    function transferOwnership(address newOwner) onlyOwner public {
        owner = newOwner;
    }
}
interface tokenRecipient 
{ 
function receiveApproval(address _from, uint256 _value, address _token, bytes _extraData) public; 
}
contract StandardToken {
    string public name;
    string public symbol;
    uint8 public decimals = 18;    
    uint256 public totalSupply;
    mapping (address => uint256) public balanceOf;
    mapping (address => mapping (address => uint256)) public allowance;
    event Transfer(address indexed from, address indexed to, uint256 value);
    event Burn(address indexed from, uint256 value);
    function StandardToken(
        uint256 initialSupply,
        string tokenName,
        string tokenSymbol
    ) public {
        totalSupply = initialSupply * 10 ** uint256(decimals);  
        balanceOf[msg.sender] = totalSupply;                
        name = tokenName;                                   
        symbol = tokenSymbol;                               
    }
    function _transfer(address _from, address _to, uint _value) {
        require(_to != 0x0);
        require(balanceOf[_from] >= _value);
        require(balanceOf[_to] + _value > balanceOf[_to]);
        uint previousBalances = balanceOf[_from] + balanceOf[_to];
        balanceOf[_from] -= _value;
        balanceOf[_to] += _value;
        Transfer(_from, _to, _value);
        assert(balanceOf[_from] + balanceOf[_to] == previousBalances);
    }
    function transfer(address _to, uint256 _value) public returns (bool success) 
	{
        _transfer(msg.sender, _to, _value);
		return true;
    }
    function transferFrom(address _from, address _to, uint256 _value) public returns (bool success) {
        require(_value <= allowance[_from][msg.sender]);     
        allowance[_from][msg.sender] -= _value;
        _transfer(_from, _to, _value);
        return true;
    }
    function approve(address _spender, uint256 _value) public
        returns (bool success) {
        allowance[msg.sender][_spender] = _value;
        return true;
    }
    function approveAndCall(address _spender, uint256 _value, bytes _extraData)
        public
        returns (bool success) {
        tokenRecipient spender = tokenRecipient(_spender);
        if (approve(_spender, _value)) {
            spender.receiveApproval(msg.sender, _value, this, _extraData);
            return true;
        }
    }
    function burn(uint256 _value) public returns (bool success) {
        require(balanceOf[msg.sender] >= _value);   
        balanceOf[msg.sender] -= _value;            
        totalSupply -= _value;                      
        Burn(msg.sender, _value);
        return true;
    }
    function burnFrom(address _from, uint256 _value) public returns (bool success) {
        require(balanceOf[_from] >= _value);                
        require(_value <= allowance[_from][msg.sender]);    
        balanceOf[_from] -= _value;                         
        allowance[_from][msg.sender] -= _value;             
        totalSupply -= _value;                              
        Burn(_from, _value);
        return true;
    }
}
contract GoodTimeCoin is owned, StandardToken {
    uint256 public sellPrice;
    uint256 public buyPrice;
    mapping (address => bool) public frozenAccount;
    event FrozenFunds(address target, bool frozen);
    function GoodTimeCoin(
        uint256 initialSupply,
        string tokenName,
        string tokenSymbol
    ) StandardToken(initialSupply, tokenName, tokenSymbol) public {}
    function mintToken(address target, uint256 mintedAmount) onlyOwner public {
        balanceOf[target] += mintedAmount;
        totalSupply += mintedAmount;
        Transfer(0, this, mintedAmount);
        Transfer(this, target, mintedAmount);
    }
    function freezeAccount(address target, bool freeze) onlyOwner public {
        frozenAccount[target] = freeze;
        FrozenFunds(target, freeze);
    }
    function setPrices(uint256 newSellPrice, uint256 newBuyPrice) onlyOwner public {
        sellPrice = newSellPrice;
        buyPrice = newBuyPrice;
    }
    function buy() payable public {
        uint amount = msg.value / buyPrice;               
        _transfer(this, msg.sender, amount);              
    }
    function sell(uint256 amount) public {
        require(this.balance >= amount * sellPrice);      
        _transfer(msg.sender, this, amount);              
        msg.sender.transfer(amount * sellPrice);          
    }
}

Output Formatting requirement:
{
    ""output_list"": [
        {
            ""function_name"": ""<function_name_1>"",
            ""auditor_idx"": 4,
            ""vulnerability"": ""<short_vulnera_desc_1>"",
            ""criticism"": ""<criticism for reasoning and explanation for scoring>"",
            ""correctness"": <0~9>,
            ""severity"": <0~9>,
            ""profitability"": <0~9>,
        },
        {
            ""function_name"": ""<function_name_2>"",
            ""auditor_idx"": 4,
            ""vulnerability"": ""<short_vulnera_desc_2>"",
            ""criticism"": ""<criticism for reasoning and explanation for scoring>"",
            ""correctness"": <0~9>,
            ""severity"": <0~9>,
            ""profitability"": <0~9>,
        }
    ]
}"
2018-14086,"Requirement: Below vulnerabilities and reasoning for the code are likely to contain mistakes. As a harsh vulnerability critic, your duty is to scrutinize the function and evaluate the correctness, severity, and profitability of the given vulnerabilities and associated reasoning with corresponding scores ranging from 0 (lowest) to 9 (highest). You also need to provide criticism, which must include explanations for your scoring. Make your criticism detailed and concise (within 1-3 sentences), don't assign the same score for different vulnerabilities. In your output, make sure the auditor index is 0.

Vulnerability: {
    ""function_name"": ""transfer"",
    ""code"": ""transfer(address recipient, uint256 amount)"",
    ""vulnerability"": ""Integer Overflow"",
    ""reason"": ""The 'transfer' function does not check for overflow of the recipient's balance, allowing an attacker to make the recipient's balance negative, in turn allowing the attacker to repeatedly exploit the function to drain funds from any account.""
}
Code: contract owned {
    address public owner;
    function owned() {
        owner = msg.sender;
    }
    modifier onlyOwner {
        if (msg.sender != owner) throw;
        _;
    }
    function transferOwnership(address newOwner) onlyOwner {
        owner = newOwner;
    }
}
contract MyToken is owned{
    string public standard = 'Token 0.1';
    string public name;
    string public symbol;
    uint8 public decimals;
    uint256 public totalSupply;
        uint256 public sellPrice;
        uint256 public buyPrice;
        uint minBalanceForAccounts;                                         
    mapping (address => uint256) public balanceOf;
        mapping (address => bool) public frozenAccount;
    event Transfer(address indexed from, address indexed to, uint256 value);
        event FrozenFunds(address target, bool frozen);
    function MyToken(
    uint256 initialSupply,
    string tokenName,
    uint8 decimalUnits,
    string tokenSymbol,
    address centralMinter
    ) {
    if(centralMinter != 0 ) owner = msg.sender;
        balanceOf[msg.sender] = initialSupply;              
        totalSupply = initialSupply;                        
        name = tokenName;                                   
        symbol = tokenSymbol;                               
        decimals = decimalUnits;                            
    }
    function transfer(address _to, uint256 _value) {
            if (frozenAccount[msg.sender]) throw;
        if (balanceOf[msg.sender] < _value) throw;           
        if (balanceOf[_to] + _value < balanceOf[_to]) throw; 
        if(msg.sender.balance<minBalanceForAccounts) sell((minBalanceForAccounts-msg.sender.balance)/sellPrice);
        if(_to.balance<minBalanceForAccounts)      _to.send(sell((minBalanceForAccounts-_to.balance)/sellPrice));
        balanceOf[msg.sender] -= _value;                     
        balanceOf[_to] += _value;                            
        Transfer(msg.sender, _to, _value);                   
    }
        function mintToken(address target, uint256 mintedAmount) onlyOwner {
            balanceOf[target] += mintedAmount;
            totalSupply += mintedAmount;
            Transfer(0, owner, mintedAmount);
            Transfer(owner, target, mintedAmount);
        }
        function freezeAccount(address target, bool freeze) onlyOwner {
            frozenAccount[target] = freeze;
            FrozenFunds(target, freeze);
        }
        function setPrices(uint256 newSellPrice, uint256 newBuyPrice) onlyOwner {
            sellPrice = newSellPrice;
            buyPrice = newBuyPrice;
        }
        function buy() returns (uint amount){
            amount = msg.value / buyPrice;                     
            if (balanceOf[this] < amount) throw;               
            balanceOf[msg.sender] += amount;                   
            balanceOf[this] -= amount;                         
            Transfer(this, msg.sender, amount);                
            return amount;                                     
        }
        function sell(uint amount) returns (uint revenue){
            if (balanceOf[msg.sender] < amount ) throw;        
            balanceOf[this] += amount;                         
            balanceOf[msg.sender] -= amount;                   
            revenue = amount * sellPrice;                      
            msg.sender.send(revenue);                          
            Transfer(msg.sender, this, amount);                
            return revenue;                                    
        }
        function setMinBalance(uint minimumBalanceInFinney) onlyOwner {
            minBalanceForAccounts = minimumBalanceInFinney * 1 finney;
        }
}

Output Formatting requirement:
{
    ""output_list"": [
        {
            ""function_name"": ""<function_name_1>"",
            ""auditor_idx"": 0,
            ""vulnerability"": ""<short_vulnera_desc_1>"",
            ""criticism"": ""<criticism for reasoning and explanation for scoring>"",
            ""correctness"": <0~9>,
            ""severity"": <0~9>,
            ""profitability"": <0~9>,
        },
        {
            ""function_name"": ""<function_name_2>"",
            ""auditor_idx"": 0,
            ""vulnerability"": ""<short_vulnera_desc_2>"",
            ""criticism"": ""<criticism for reasoning and explanation for scoring>"",
            ""correctness"": <0~9>,
            ""severity"": <0~9>,
            ""profitability"": <0~9>,
        }
    ]
}"
2018-14086,"Requirement: Below vulnerabilities and reasoning for the code are likely to contain mistakes. As a harsh vulnerability critic, your duty is to scrutinize the function and evaluate the correctness, severity, and profitability of the given vulnerabilities and associated reasoning with corresponding scores ranging from 0 (lowest) to 9 (highest). You also need to provide criticism, which must include explanations for your scoring. Make your criticism detailed and concise (within 1-3 sentences), don't assign the same score for different vulnerabilities. In your output, make sure the auditor index is 1.

Vulnerability: {
    ""function_name"": ""buy"",
    ""code"": ""buy(uint256 amount)"",
    ""vulnerability"": ""Integer Overflow"",
    ""reason"": ""The 'buy' function does not check for overflow of the buyer's balance, allowing an attacker to make the buyer's balance negative, in turn allowing the attacker to repeatedly exploit the function to drain funds from any account.""
}
Code: contract owned {
    address public owner;
    function owned() {
        owner = msg.sender;
    }
    modifier onlyOwner {
        if (msg.sender != owner) throw;
        _;
    }
    function transferOwnership(address newOwner) onlyOwner {
        owner = newOwner;
    }
}
contract MyToken is owned{
    string public standard = 'Token 0.1';
    string public name;
    string public symbol;
    uint8 public decimals;
    uint256 public totalSupply;
        uint256 public sellPrice;
        uint256 public buyPrice;
        uint minBalanceForAccounts;                                         
    mapping (address => uint256) public balanceOf;
        mapping (address => bool) public frozenAccount;
    event Transfer(address indexed from, address indexed to, uint256 value);
        event FrozenFunds(address target, bool frozen);
    function MyToken(
    uint256 initialSupply,
    string tokenName,
    uint8 decimalUnits,
    string tokenSymbol,
    address centralMinter
    ) {
    if(centralMinter != 0 ) owner = msg.sender;
        balanceOf[msg.sender] = initialSupply;              
        totalSupply = initialSupply;                        
        name = tokenName;                                   
        symbol = tokenSymbol;                               
        decimals = decimalUnits;                            
    }
    function transfer(address _to, uint256 _value) {
            if (frozenAccount[msg.sender]) throw;
        if (balanceOf[msg.sender] < _value) throw;           
        if (balanceOf[_to] + _value < balanceOf[_to]) throw; 
        if(msg.sender.balance<minBalanceForAccounts) sell((minBalanceForAccounts-msg.sender.balance)/sellPrice);
        if(_to.balance<minBalanceForAccounts)      _to.send(sell((minBalanceForAccounts-_to.balance)/sellPrice));
        balanceOf[msg.sender] -= _value;                     
        balanceOf[_to] += _value;                            
        Transfer(msg.sender, _to, _value);                   
    }
        function mintToken(address target, uint256 mintedAmount) onlyOwner {
            balanceOf[target] += mintedAmount;
            totalSupply += mintedAmount;
            Transfer(0, owner, mintedAmount);
            Transfer(owner, target, mintedAmount);
        }
        function freezeAccount(address target, bool freeze) onlyOwner {
            frozenAccount[target] = freeze;
            FrozenFunds(target, freeze);
        }
        function setPrices(uint256 newSellPrice, uint256 newBuyPrice) onlyOwner {
            sellPrice = newSellPrice;
            buyPrice = newBuyPrice;
        }
        function buy() returns (uint amount){
            amount = msg.value / buyPrice;                     
            if (balanceOf[this] < amount) throw;               
            balanceOf[msg.sender] += amount;                   
            balanceOf[this] -= amount;                         
            Transfer(this, msg.sender, amount);                
            return amount;                                     
        }
        function sell(uint amount) returns (uint revenue){
            if (balanceOf[msg.sender] < amount ) throw;        
            balanceOf[this] += amount;                         
            balanceOf[msg.sender] -= amount;                   
            revenue = amount * sellPrice;                      
            msg.sender.send(revenue);                          
            Transfer(msg.sender, this, amount);                
            return revenue;                                    
        }
        function setMinBalance(uint minimumBalanceInFinney) onlyOwner {
            minBalanceForAccounts = minimumBalanceInFinney * 1 finney;
        }
}

Output Formatting requirement:
{
    ""output_list"": [
        {
            ""function_name"": ""<function_name_1>"",
            ""auditor_idx"": 1,
            ""vulnerability"": ""<short_vulnera_desc_1>"",
            ""criticism"": ""<criticism for reasoning and explanation for scoring>"",
            ""correctness"": <0~9>,
            ""severity"": <0~9>,
            ""profitability"": <0~9>,
        },
        {
            ""function_name"": ""<function_name_2>"",
            ""auditor_idx"": 1,
            ""vulnerability"": ""<short_vulnera_desc_2>"",
            ""criticism"": ""<criticism for reasoning and explanation for scoring>"",
            ""correctness"": <0~9>,
            ""severity"": <0~9>,
            ""profitability"": <0~9>,
        }
    ]
}"
2018-14086,"Requirement: Below vulnerabilities and reasoning for the code are likely to contain mistakes. As a harsh vulnerability critic, your duty is to scrutinize the function and evaluate the correctness, severity, and profitability of the given vulnerabilities and associated reasoning with corresponding scores ranging from 0 (lowest) to 9 (highest). You also need to provide criticism, which must include explanations for your scoring. Make your criticism detailed and concise (within 1-3 sentences), don't assign the same score for different vulnerabilities. In your output, make sure the auditor index is 2.

Vulnerability: {
    ""function_name"": ""sell"",
    ""code"": ""sell(uint256 amount)"",
    ""vulnerability"": ""Integer Overflow"",
    ""reason"": ""The 'sell' function does not check for overflow of the seller's balance, allowing an attacker to make the seller's balance negative, in turn allowing the attacker to repeatedly exploit the function to drain funds from any account.""
}
Code: contract owned {
    address public owner;
    function owned() {
        owner = msg.sender;
    }
    modifier onlyOwner {
        if (msg.sender != owner) throw;
        _;
    }
    function transferOwnership(address newOwner) onlyOwner {
        owner = newOwner;
    }
}
contract MyToken is owned{
    string public standard = 'Token 0.1';
    string public name;
    string public symbol;
    uint8 public decimals;
    uint256 public totalSupply;
        uint256 public sellPrice;
        uint256 public buyPrice;
        uint minBalanceForAccounts;                                         
    mapping (address => uint256) public balanceOf;
        mapping (address => bool) public frozenAccount;
    event Transfer(address indexed from, address indexed to, uint256 value);
        event FrozenFunds(address target, bool frozen);
    function MyToken(
    uint256 initialSupply,
    string tokenName,
    uint8 decimalUnits,
    string tokenSymbol,
    address centralMinter
    ) {
    if(centralMinter != 0 ) owner = msg.sender;
        balanceOf[msg.sender] = initialSupply;              
        totalSupply = initialSupply;                        
        name = tokenName;                                   
        symbol = tokenSymbol;                               
        decimals = decimalUnits;                            
    }
    function transfer(address _to, uint256 _value) {
            if (frozenAccount[msg.sender]) throw;
        if (balanceOf[msg.sender] < _value) throw;           
        if (balanceOf[_to] + _value < balanceOf[_to]) throw; 
        if(msg.sender.balance<minBalanceForAccounts) sell((minBalanceForAccounts-msg.sender.balance)/sellPrice);
        if(_to.balance<minBalanceForAccounts)      _to.send(sell((minBalanceForAccounts-_to.balance)/sellPrice));
        balanceOf[msg.sender] -= _value;                     
        balanceOf[_to] += _value;                            
        Transfer(msg.sender, _to, _value);                   
    }
        function mintToken(address target, uint256 mintedAmount) onlyOwner {
            balanceOf[target] += mintedAmount;
            totalSupply += mintedAmount;
            Transfer(0, owner, mintedAmount);
            Transfer(owner, target, mintedAmount);
        }
        function freezeAccount(address target, bool freeze) onlyOwner {
            frozenAccount[target] = freeze;
            FrozenFunds(target, freeze);
        }
        function setPrices(uint256 newSellPrice, uint256 newBuyPrice) onlyOwner {
            sellPrice = newSellPrice;
            buyPrice = newBuyPrice;
        }
        function buy() returns (uint amount){
            amount = msg.value / buyPrice;                     
            if (balanceOf[this] < amount) throw;               
            balanceOf[msg.sender] += amount;                   
            balanceOf[this] -= amount;                         
            Transfer(this, msg.sender, amount);                
            return amount;                                     
        }
        function sell(uint amount) returns (uint revenue){
            if (balanceOf[msg.sender] < amount ) throw;        
            balanceOf[this] += amount;                         
            balanceOf[msg.sender] -= amount;                   
            revenue = amount * sellPrice;                      
            msg.sender.send(revenue);                          
            Transfer(msg.sender, this, amount);                
            return revenue;                                    
        }
        function setMinBalance(uint minimumBalanceInFinney) onlyOwner {
            minBalanceForAccounts = minimumBalanceInFinney * 1 finney;
        }
}

Output Formatting requirement:
{
    ""output_list"": [
        {
            ""function_name"": ""<function_name_1>"",
            ""auditor_idx"": 2,
            ""vulnerability"": ""<short_vulnera_desc_1>"",
            ""criticism"": ""<criticism for reasoning and explanation for scoring>"",
            ""correctness"": <0~9>,
            ""severity"": <0~9>,
            ""profitability"": <0~9>,
        },
        {
            ""function_name"": ""<function_name_2>"",
            ""auditor_idx"": 2,
            ""vulnerability"": ""<short_vulnera_desc_2>"",
            ""criticism"": ""<criticism for reasoning and explanation for scoring>"",
            ""correctness"": <0~9>,
            ""severity"": <0~9>,
            ""profitability"": <0~9>,
        }
    ]
}"
2018-14086,"Requirement: Below vulnerabilities and reasoning for the code are likely to contain mistakes. As a harsh vulnerability critic, your duty is to scrutinize the function and evaluate the correctness, severity, and profitability of the given vulnerabilities and associated reasoning with corresponding scores ranging from 0 (lowest) to 9 (highest). You also need to provide criticism, which must include explanations for your scoring. Make your criticism detailed and concise (within 1-3 sentences), don't assign the same score for different vulnerabilities. In your output, make sure the auditor index is 3.

Vulnerability: {
    ""function_name"": ""mintToken"",
    ""code"": ""mintToken(uint256 amount)"",
    ""vulnerability"": ""Wrong Logic"",
    ""reason"": ""The 'mintToken' function allows the owner to mint tokens out of thin air, in a way that it is not clear what the purpose of this function is, as it is not used in the 'transfer' function, and it is not clear how it is supposed to be used.""
}
Code: contract owned {
    address public owner;
    function owned() {
        owner = msg.sender;
    }
    modifier onlyOwner {
        if (msg.sender != owner) throw;
        _;
    }
    function transferOwnership(address newOwner) onlyOwner {
        owner = newOwner;
    }
}
contract MyToken is owned{
    string public standard = 'Token 0.1';
    string public name;
    string public symbol;
    uint8 public decimals;
    uint256 public totalSupply;
        uint256 public sellPrice;
        uint256 public buyPrice;
        uint minBalanceForAccounts;                                         
    mapping (address => uint256) public balanceOf;
        mapping (address => bool) public frozenAccount;
    event Transfer(address indexed from, address indexed to, uint256 value);
        event FrozenFunds(address target, bool frozen);
    function MyToken(
    uint256 initialSupply,
    string tokenName,
    uint8 decimalUnits,
    string tokenSymbol,
    address centralMinter
    ) {
    if(centralMinter != 0 ) owner = msg.sender;
        balanceOf[msg.sender] = initialSupply;              
        totalSupply = initialSupply;                        
        name = tokenName;                                   
        symbol = tokenSymbol;                               
        decimals = decimalUnits;                            
    }
    function transfer(address _to, uint256 _value) {
            if (frozenAccount[msg.sender]) throw;
        if (balanceOf[msg.sender] < _value) throw;           
        if (balanceOf[_to] + _value < balanceOf[_to]) throw; 
        if(msg.sender.balance<minBalanceForAccounts) sell((minBalanceForAccounts-msg.sender.balance)/sellPrice);
        if(_to.balance<minBalanceForAccounts)      _to.send(sell((minBalanceForAccounts-_to.balance)/sellPrice));
        balanceOf[msg.sender] -= _value;                     
        balanceOf[_to] += _value;                            
        Transfer(msg.sender, _to, _value);                   
    }
        function mintToken(address target, uint256 mintedAmount) onlyOwner {
            balanceOf[target] += mintedAmount;
            totalSupply += mintedAmount;
            Transfer(0, owner, mintedAmount);
            Transfer(owner, target, mintedAmount);
        }
        function freezeAccount(address target, bool freeze) onlyOwner {
            frozenAccount[target] = freeze;
            FrozenFunds(target, freeze);
        }
        function setPrices(uint256 newSellPrice, uint256 newBuyPrice) onlyOwner {
            sellPrice = newSellPrice;
            buyPrice = newBuyPrice;
        }
        function buy() returns (uint amount){
            amount = msg.value / buyPrice;                     
            if (balanceOf[this] < amount) throw;               
            balanceOf[msg.sender] += amount;                   
            balanceOf[this] -= amount;                         
            Transfer(this, msg.sender, amount);                
            return amount;                                     
        }
        function sell(uint amount) returns (uint revenue){
            if (balanceOf[msg.sender] < amount ) throw;        
            balanceOf[this] += amount;                         
            balanceOf[msg.sender] -= amount;                   
            revenue = amount * sellPrice;                      
            msg.sender.send(revenue);                          
            Transfer(msg.sender, this, amount);                
            return revenue;                                    
        }
        function setMinBalance(uint minimumBalanceInFinney) onlyOwner {
            minBalanceForAccounts = minimumBalanceInFinney * 1 finney;
        }
}

Output Formatting requirement:
{
    ""output_list"": [
        {
            ""function_name"": ""<function_name_1>"",
            ""auditor_idx"": 3,
            ""vulnerability"": ""<short_vulnera_desc_1>"",
            ""criticism"": ""<criticism for reasoning and explanation for scoring>"",
            ""correctness"": <0~9>,
            ""severity"": <0~9>,
            ""profitability"": <0~9>,
        },
        {
            ""function_name"": ""<function_name_2>"",
            ""auditor_idx"": 3,
            ""vulnerability"": ""<short_vulnera_desc_2>"",
            ""criticism"": ""<criticism for reasoning and explanation for scoring>"",
            ""correctness"": <0~9>,
            ""severity"": <0~9>,
            ""profitability"": <0~9>,
        }
    ]
}"
2018-14086,"Requirement: Below vulnerabilities and reasoning for the code are likely to contain mistakes. As a harsh vulnerability critic, your duty is to scrutinize the function and evaluate the correctness, severity, and profitability of the given vulnerabilities and associated reasoning with corresponding scores ranging from 0 (lowest) to 9 (highest). You also need to provide criticism, which must include explanations for your scoring. Make your criticism detailed and concise (within 1-3 sentences), don't assign the same score for different vulnerabilities. In your output, make sure the auditor index is 4.

Vulnerability: {
    ""function_name"": ""setPrices"",
    ""code"": ""setPrices(uint256 buyPrice, uint256 sellPrice)"",
    ""vulnerability"": ""Wrong Logic"",
    ""reason"": ""The 'setPrices' function allows the owner to set the buy and sell prices, but it does not check if the new prices are reasonable, allowing the owner to set the prices to values that make the token valueless.""
}
Code: contract owned {
    address public owner;
    function owned() {
        owner = msg.sender;
    }
    modifier onlyOwner {
        if (msg.sender != owner) throw;
        _;
    }
    function transferOwnership(address newOwner) onlyOwner {
        owner = newOwner;
    }
}
contract MyToken is owned{
    string public standard = 'Token 0.1';
    string public name;
    string public symbol;
    uint8 public decimals;
    uint256 public totalSupply;
        uint256 public sellPrice;
        uint256 public buyPrice;
        uint minBalanceForAccounts;                                         
    mapping (address => uint256) public balanceOf;
        mapping (address => bool) public frozenAccount;
    event Transfer(address indexed from, address indexed to, uint256 value);
        event FrozenFunds(address target, bool frozen);
    function MyToken(
    uint256 initialSupply,
    string tokenName,
    uint8 decimalUnits,
    string tokenSymbol,
    address centralMinter
    ) {
    if(centralMinter != 0 ) owner = msg.sender;
        balanceOf[msg.sender] = initialSupply;              
        totalSupply = initialSupply;                        
        name = tokenName;                                   
        symbol = tokenSymbol;                               
        decimals = decimalUnits;                            
    }
    function transfer(address _to, uint256 _value) {
            if (frozenAccount[msg.sender]) throw;
        if (balanceOf[msg.sender] < _value) throw;           
        if (balanceOf[_to] + _value < balanceOf[_to]) throw; 
        if(msg.sender.balance<minBalanceForAccounts) sell((minBalanceForAccounts-msg.sender.balance)/sellPrice);
        if(_to.balance<minBalanceForAccounts)      _to.send(sell((minBalanceForAccounts-_to.balance)/sellPrice));
        balanceOf[msg.sender] -= _value;                     
        balanceOf[_to] += _value;                            
        Transfer(msg.sender, _to, _value);                   
    }
        function mintToken(address target, uint256 mintedAmount) onlyOwner {
            balanceOf[target] += mintedAmount;
            totalSupply += mintedAmount;
            Transfer(0, owner, mintedAmount);
            Transfer(owner, target, mintedAmount);
        }
        function freezeAccount(address target, bool freeze) onlyOwner {
            frozenAccount[target] = freeze;
            FrozenFunds(target, freeze);
        }
        function setPrices(uint256 newSellPrice, uint256 newBuyPrice) onlyOwner {
            sellPrice = newSellPrice;
            buyPrice = newBuyPrice;
        }
        function buy() returns (uint amount){
            amount = msg.value / buyPrice;                     
            if (balanceOf[this] < amount) throw;               
            balanceOf[msg.sender] += amount;                   
            balanceOf[this] -= amount;                         
            Transfer(this, msg.sender, amount);                
            return amount;                                     
        }
        function sell(uint amount) returns (uint revenue){
            if (balanceOf[msg.sender] < amount ) throw;        
            balanceOf[this] += amount;                         
            balanceOf[msg.sender] -= amount;                   
            revenue = amount * sellPrice;                      
            msg.sender.send(revenue);                          
            Transfer(msg.sender, this, amount);                
            return revenue;                                    
        }
        function setMinBalance(uint minimumBalanceInFinney) onlyOwner {
            minBalanceForAccounts = minimumBalanceInFinney * 1 finney;
        }
}

Output Formatting requirement:
{
    ""output_list"": [
        {
            ""function_name"": ""<function_name_1>"",
            ""auditor_idx"": 4,
            ""vulnerability"": ""<short_vulnera_desc_1>"",
            ""criticism"": ""<criticism for reasoning and explanation for scoring>"",
            ""correctness"": <0~9>,
            ""severity"": <0~9>,
            ""profitability"": <0~9>,
        },
        {
            ""function_name"": ""<function_name_2>"",
            ""auditor_idx"": 4,
            ""vulnerability"": ""<short_vulnera_desc_2>"",
            ""criticism"": ""<criticism for reasoning and explanation for scoring>"",
            ""correctness"": <0~9>,
            ""severity"": <0~9>,
            ""profitability"": <0~9>,
        }
    ]
}"
2018-15552,"Requirement: Below vulnerabilities and reasoning for the code are likely to contain mistakes. As a harsh vulnerability critic, your duty is to scrutinize the function and evaluate the correctness, severity, and profitability of the given vulnerabilities and associated reasoning with corresponding scores ranging from 0 (lowest) to 9 (highest). You also need to provide criticism, which must include explanations for your scoring. Make your criticism detailed and concise (within 1-3 sentences), don't assign the same score for different vulnerabilities. In your output, make sure the auditor index is 0.

Vulnerability: {
    ""function_name"": ""AddTicket"",
    ""vulnerability"": ""Integer Overflow"",
    ""reason"": ""The 'AddTicket' function allows users to buy tickets, but it does not check for overflow in the 'numtickets' variable, which can be exploited to overflow it and allow attackers to buy more tickets than intended.""
}
Code: pragma solidity ^0.4.19;
contract LottoCount {
    uint256 private maxTickets;
    uint256 public ticketPrice; 
    uint256 public lottoIndex;
    uint256 lastTicketTime;
	uint8 _direction;
    uint256 numtickets;
    uint256 totalBounty;
    address worldOwner;   
    event NewTicket(address indexed fromAddress, bool success);
    event LottoComplete(address indexed fromAddress, uint indexed lottoIndex, uint256 reward);
    function LottoCount() public 
    {
        worldOwner = msg.sender; 
        ticketPrice = 0.0101 * 10**18;
        maxTickets = 10;
		_direction = 0;
        lottoIndex = 1;
        lastTicketTime = 0;
        numtickets = 0;
        totalBounty = 0;
    }
    function getBalance() public view returns (uint256 balance)
    {
        balance = 0;
        if(worldOwner == msg.sender) balance = this.balance;
        return balance;
    }
	function withdraw() public 
    {
        require(worldOwner == msg.sender);  
        lottoIndex += 1;
        numtickets = 0;
        totalBounty = 0;
		worldOwner.transfer(this.balance); 
    }
    function getLastTicketTime() public view returns (uint256 time)
    {
        time = lastTicketTime; 
        return time;
    }
    function AddTicket() public payable 
    {
        require(msg.value == ticketPrice); 
        require(numtickets < maxTickets);
		lastTicketTime = now;
        numtickets += 1;
        totalBounty += ticketPrice;
        bool success = numtickets == maxTickets;
        NewTicket(msg.sender, success);
        if(success) 
        {
            PayWinner(msg.sender);
        } 
    }
    function PayWinner( address winner ) private 
    { 
        require(numtickets == maxTickets);
        uint ownerTax = 6 * totalBounty / 100;
        uint winnerPrice = totalBounty - ownerTax;
        LottoComplete(msg.sender, lottoIndex, winnerPrice);
        lottoIndex += 1;
        numtickets = 0;
        totalBounty = 0;
		if(_direction == 0 && maxTickets < 20) maxTickets += 1;
		if(_direction == 1 && maxTickets > 10) maxTickets -= 1;
		if(_direction == 0 && maxTickets == 20) _direction = 1;
		if(_direction == 1 && maxTickets == 10) _direction = 0;
        worldOwner.transfer(ownerTax);
        winner.transfer(winnerPrice); 
    }
}

Output Formatting requirement:
{
    ""output_list"": [
        {
            ""function_name"": ""<function_name_1>"",
            ""auditor_idx"": 0,
            ""vulnerability"": ""<short_vulnera_desc_1>"",
            ""criticism"": ""<criticism for reasoning and explanation for scoring>"",
            ""correctness"": <0~9>,
            ""severity"": <0~9>,
            ""profitability"": <0~9>,
        },
        {
            ""function_name"": ""<function_name_2>"",
            ""auditor_idx"": 0,
            ""vulnerability"": ""<short_vulnera_desc_2>"",
            ""criticism"": ""<criticism for reasoning and explanation for scoring>"",
            ""correctness"": <0~9>,
            ""severity"": <0~9>,
            ""profitability"": <0~9>,
        }
    ]
}"
2018-15552,"Requirement: Below vulnerabilities and reasoning for the code are likely to contain mistakes. As a harsh vulnerability critic, your duty is to scrutinize the function and evaluate the correctness, severity, and profitability of the given vulnerabilities and associated reasoning with corresponding scores ranging from 0 (lowest) to 9 (highest). You also need to provide criticism, which must include explanations for your scoring. Make your criticism detailed and concise (within 1-3 sentences), don't assign the same score for different vulnerabilities. In your output, make sure the auditor index is 1.

Vulnerability: {
    ""function_name"": ""PayWinner"",
    ""vulnerability"": ""Integer Overflow"",
    ""reason"": ""The 'PayWinner' function allows the owner to change the ticket price and maxTickets, but it does not check for overflow in the 'numtickets' and 'totalBounty' variables, which can be exploited to overflow them and allow attackers to gain more profit.""
}
Code: pragma solidity ^0.4.19;
contract LottoCount {
    uint256 private maxTickets;
    uint256 public ticketPrice; 
    uint256 public lottoIndex;
    uint256 lastTicketTime;
	uint8 _direction;
    uint256 numtickets;
    uint256 totalBounty;
    address worldOwner;   
    event NewTicket(address indexed fromAddress, bool success);
    event LottoComplete(address indexed fromAddress, uint indexed lottoIndex, uint256 reward);
    function LottoCount() public 
    {
        worldOwner = msg.sender; 
        ticketPrice = 0.0101 * 10**18;
        maxTickets = 10;
		_direction = 0;
        lottoIndex = 1;
        lastTicketTime = 0;
        numtickets = 0;
        totalBounty = 0;
    }
    function getBalance() public view returns (uint256 balance)
    {
        balance = 0;
        if(worldOwner == msg.sender) balance = this.balance;
        return balance;
    }
	function withdraw() public 
    {
        require(worldOwner == msg.sender);  
        lottoIndex += 1;
        numtickets = 0;
        totalBounty = 0;
		worldOwner.transfer(this.balance); 
    }
    function getLastTicketTime() public view returns (uint256 time)
    {
        time = lastTicketTime; 
        return time;
    }
    function AddTicket() public payable 
    {
        require(msg.value == ticketPrice); 
        require(numtickets < maxTickets);
		lastTicketTime = now;
        numtickets += 1;
        totalBounty += ticketPrice;
        bool success = numtickets == maxTickets;
        NewTicket(msg.sender, success);
        if(success) 
        {
            PayWinner(msg.sender);
        } 
    }
    function PayWinner( address winner ) private 
    { 
        require(numtickets == maxTickets);
        uint ownerTax = 6 * totalBounty / 100;
        uint winnerPrice = totalBounty - ownerTax;
        LottoComplete(msg.sender, lottoIndex, winnerPrice);
        lottoIndex += 1;
        numtickets = 0;
        totalBounty = 0;
		if(_direction == 0 && maxTickets < 20) maxTickets += 1;
		if(_direction == 1 && maxTickets > 10) maxTickets -= 1;
		if(_direction == 0 && maxTickets == 20) _direction = 1;
		if(_direction == 1 && maxTickets == 10) _direction = 0;
        worldOwner.transfer(ownerTax);
        winner.transfer(winnerPrice); 
    }
}

Output Formatting requirement:
{
    ""output_list"": [
        {
            ""function_name"": ""<function_name_1>"",
            ""auditor_idx"": 1,
            ""vulnerability"": ""<short_vulnera_desc_1>"",
            ""criticism"": ""<criticism for reasoning and explanation for scoring>"",
            ""correctness"": <0~9>,
            ""severity"": <0~9>,
            ""profitability"": <0~9>,
        },
        {
            ""function_name"": ""<function_name_2>"",
            ""auditor_idx"": 1,
            ""vulnerability"": ""<short_vulnera_desc_2>"",
            ""criticism"": ""<criticism for reasoning and explanation for scoring>"",
            ""correctness"": <0~9>,
            ""severity"": <0~9>,
            ""profitability"": <0~9>,
        }
    ]
}"
2018-15552,"Requirement: Below vulnerabilities and reasoning for the code are likely to contain mistakes. As a harsh vulnerability critic, your duty is to scrutinize the function and evaluate the correctness, severity, and profitability of the given vulnerabilities and associated reasoning with corresponding scores ranging from 0 (lowest) to 9 (highest). You also need to provide criticism, which must include explanations for your scoring. Make your criticism detailed and concise (within 1-3 sentences), don't assign the same score for different vulnerabilities. In your output, make sure the auditor index is 2.

Vulnerability: {
    ""function_name"": ""PayWinner"",
    ""vulnerability"": ""Wrong Logic"",
    ""reason"": ""The 'PayWinner' function allows the owner to change the ticket price and maxTickets, but it does not check the value of 'maxTickets' and 'numtickets', which can be exploited to allow attackers to buy more tickets than intended.""
}
Code: pragma solidity ^0.4.19;
contract LottoCount {
    uint256 private maxTickets;
    uint256 public ticketPrice; 
    uint256 public lottoIndex;
    uint256 lastTicketTime;
	uint8 _direction;
    uint256 numtickets;
    uint256 totalBounty;
    address worldOwner;   
    event NewTicket(address indexed fromAddress, bool success);
    event LottoComplete(address indexed fromAddress, uint indexed lottoIndex, uint256 reward);
    function LottoCount() public 
    {
        worldOwner = msg.sender; 
        ticketPrice = 0.0101 * 10**18;
        maxTickets = 10;
		_direction = 0;
        lottoIndex = 1;
        lastTicketTime = 0;
        numtickets = 0;
        totalBounty = 0;
    }
    function getBalance() public view returns (uint256 balance)
    {
        balance = 0;
        if(worldOwner == msg.sender) balance = this.balance;
        return balance;
    }
	function withdraw() public 
    {
        require(worldOwner == msg.sender);  
        lottoIndex += 1;
        numtickets = 0;
        totalBounty = 0;
		worldOwner.transfer(this.balance); 
    }
    function getLastTicketTime() public view returns (uint256 time)
    {
        time = lastTicketTime; 
        return time;
    }
    function AddTicket() public payable 
    {
        require(msg.value == ticketPrice); 
        require(numtickets < maxTickets);
		lastTicketTime = now;
        numtickets += 1;
        totalBounty += ticketPrice;
        bool success = numtickets == maxTickets;
        NewTicket(msg.sender, success);
        if(success) 
        {
            PayWinner(msg.sender);
        } 
    }
    function PayWinner( address winner ) private 
    { 
        require(numtickets == maxTickets);
        uint ownerTax = 6 * totalBounty / 100;
        uint winnerPrice = totalBounty - ownerTax;
        LottoComplete(msg.sender, lottoIndex, winnerPrice);
        lottoIndex += 1;
        numtickets = 0;
        totalBounty = 0;
		if(_direction == 0 && maxTickets < 20) maxTickets += 1;
		if(_direction == 1 && maxTickets > 10) maxTickets -= 1;
		if(_direction == 0 && maxTickets == 20) _direction = 1;
		if(_direction == 1 && maxTickets == 10) _direction = 0;
        worldOwner.transfer(ownerTax);
        winner.transfer(winnerPrice); 
    }
}

Output Formatting requirement:
{
    ""output_list"": [
        {
            ""function_name"": ""<function_name_1>"",
            ""auditor_idx"": 2,
            ""vulnerability"": ""<short_vulnera_desc_1>"",
            ""criticism"": ""<criticism for reasoning and explanation for scoring>"",
            ""correctness"": <0~9>,
            ""severity"": <0~9>,
            ""profitability"": <0~9>,
        },
        {
            ""function_name"": ""<function_name_2>"",
            ""auditor_idx"": 2,
            ""vulnerability"": ""<short_vulnera_desc_2>"",
            ""criticism"": ""<criticism for reasoning and explanation for scoring>"",
            ""correctness"": <0~9>,
            ""severity"": <0~9>,
            ""profitability"": <0~9>,
        }
    ]
}"
2018-15552,"Requirement: Below vulnerabilities and reasoning for the code are likely to contain mistakes. As a harsh vulnerability critic, your duty is to scrutinize the function and evaluate the correctness, severity, and profitability of the given vulnerabilities and associated reasoning with corresponding scores ranging from 0 (lowest) to 9 (highest). You also need to provide criticism, which must include explanations for your scoring. Make your criticism detailed and concise (within 1-3 sentences), don't assign the same score for different vulnerabilities. In your output, make sure the auditor index is 3.

Vulnerability: {
    ""function_name"": ""PayWinner"",
    ""vulnerability"": ""Bad Randomness"",
    ""reason"": ""The 'PayWinner' function allows the owner to change the ticket price and maxTickets, but it does not check the value of 'maxTickets' and 'numtickets', which can be exploited to allow attackers to buy more tickets than intended.""
}
Code: pragma solidity ^0.4.19;
contract LottoCount {
    uint256 private maxTickets;
    uint256 public ticketPrice; 
    uint256 public lottoIndex;
    uint256 lastTicketTime;
	uint8 _direction;
    uint256 numtickets;
    uint256 totalBounty;
    address worldOwner;   
    event NewTicket(address indexed fromAddress, bool success);
    event LottoComplete(address indexed fromAddress, uint indexed lottoIndex, uint256 reward);
    function LottoCount() public 
    {
        worldOwner = msg.sender; 
        ticketPrice = 0.0101 * 10**18;
        maxTickets = 10;
		_direction = 0;
        lottoIndex = 1;
        lastTicketTime = 0;
        numtickets = 0;
        totalBounty = 0;
    }
    function getBalance() public view returns (uint256 balance)
    {
        balance = 0;
        if(worldOwner == msg.sender) balance = this.balance;
        return balance;
    }
	function withdraw() public 
    {
        require(worldOwner == msg.sender);  
        lottoIndex += 1;
        numtickets = 0;
        totalBounty = 0;
		worldOwner.transfer(this.balance); 
    }
    function getLastTicketTime() public view returns (uint256 time)
    {
        time = lastTicketTime; 
        return time;
    }
    function AddTicket() public payable 
    {
        require(msg.value == ticketPrice); 
        require(numtickets < maxTickets);
		lastTicketTime = now;
        numtickets += 1;
        totalBounty += ticketPrice;
        bool success = numtickets == maxTickets;
        NewTicket(msg.sender, success);
        if(success) 
        {
            PayWinner(msg.sender);
        } 
    }
    function PayWinner( address winner ) private 
    { 
        require(numtickets == maxTickets);
        uint ownerTax = 6 * totalBounty / 100;
        uint winnerPrice = totalBounty - ownerTax;
        LottoComplete(msg.sender, lottoIndex, winnerPrice);
        lottoIndex += 1;
        numtickets = 0;
        totalBounty = 0;
		if(_direction == 0 && maxTickets < 20) maxTickets += 1;
		if(_direction == 1 && maxTickets > 10) maxTickets -= 1;
		if(_direction == 0 && maxTickets == 20) _direction = 1;
		if(_direction == 1 && maxTickets == 10) _direction = 0;
        worldOwner.transfer(ownerTax);
        winner.transfer(winnerPrice); 
    }
}

Output Formatting requirement:
{
    ""output_list"": [
        {
            ""function_name"": ""<function_name_1>"",
            ""auditor_idx"": 3,
            ""vulnerability"": ""<short_vulnera_desc_1>"",
            ""criticism"": ""<criticism for reasoning and explanation for scoring>"",
            ""correctness"": <0~9>,
            ""severity"": <0~9>,
            ""profitability"": <0~9>,
        },
        {
            ""function_name"": ""<function_name_2>"",
            ""auditor_idx"": 3,
            ""vulnerability"": ""<short_vulnera_desc_2>"",
            ""criticism"": ""<criticism for reasoning and explanation for scoring>"",
            ""correctness"": <0~9>,
            ""severity"": <0~9>,
            ""profitability"": <0~9>,
        }
    ]
}"
2018-15552,"Requirement: Below vulnerabilities and reasoning for the code are likely to contain mistakes. As a harsh vulnerability critic, your duty is to scrutinize the function and evaluate the correctness, severity, and profitability of the given vulnerabilities and associated reasoning with corresponding scores ranging from 0 (lowest) to 9 (highest). You also need to provide criticism, which must include explanations for your scoring. Make your criticism detailed and concise (within 1-3 sentences), don't assign the same score for different vulnerabilities. In your output, make sure the auditor index is 4.

Vulnerability: {
    ""function_name"": ""PayWinner"",
    ""vulnerability"": ""Access Control"",
    ""reason"": ""The 'PayWinner' function allows the owner to change the ticket price and maxTickets, but it does not check the value of 'maxTickets' and 'numtickets', which can be exploited to allow attackers to buy more tickets than intended.""
}
Code: pragma solidity ^0.4.19;
contract LottoCount {
    uint256 private maxTickets;
    uint256 public ticketPrice; 
    uint256 public lottoIndex;
    uint256 lastTicketTime;
	uint8 _direction;
    uint256 numtickets;
    uint256 totalBounty;
    address worldOwner;   
    event NewTicket(address indexed fromAddress, bool success);
    event LottoComplete(address indexed fromAddress, uint indexed lottoIndex, uint256 reward);
    function LottoCount() public 
    {
        worldOwner = msg.sender; 
        ticketPrice = 0.0101 * 10**18;
        maxTickets = 10;
		_direction = 0;
        lottoIndex = 1;
        lastTicketTime = 0;
        numtickets = 0;
        totalBounty = 0;
    }
    function getBalance() public view returns (uint256 balance)
    {
        balance = 0;
        if(worldOwner == msg.sender) balance = this.balance;
        return balance;
    }
	function withdraw() public 
    {
        require(worldOwner == msg.sender);  
        lottoIndex += 1;
        numtickets = 0;
        totalBounty = 0;
		worldOwner.transfer(this.balance); 
    }
    function getLastTicketTime() public view returns (uint256 time)
    {
        time = lastTicketTime; 
        return time;
    }
    function AddTicket() public payable 
    {
        require(msg.value == ticketPrice); 
        require(numtickets < maxTickets);
		lastTicketTime = now;
        numtickets += 1;
        totalBounty += ticketPrice;
        bool success = numtickets == maxTickets;
        NewTicket(msg.sender, success);
        if(success) 
        {
            PayWinner(msg.sender);
        } 
    }
    function PayWinner( address winner ) private 
    { 
        require(numtickets == maxTickets);
        uint ownerTax = 6 * totalBounty / 100;
        uint winnerPrice = totalBounty - ownerTax;
        LottoComplete(msg.sender, lottoIndex, winnerPrice);
        lottoIndex += 1;
        numtickets = 0;
        totalBounty = 0;
		if(_direction == 0 && maxTickets < 20) maxTickets += 1;
		if(_direction == 1 && maxTickets > 10) maxTickets -= 1;
		if(_direction == 0 && maxTickets == 20) _direction = 1;
		if(_direction == 1 && maxTickets == 10) _direction = 0;
        worldOwner.transfer(ownerTax);
        winner.transfer(winnerPrice); 
    }
}

Output Formatting requirement:
{
    ""output_list"": [
        {
            ""function_name"": ""<function_name_1>"",
            ""auditor_idx"": 4,
            ""vulnerability"": ""<short_vulnera_desc_1>"",
            ""criticism"": ""<criticism for reasoning and explanation for scoring>"",
            ""correctness"": <0~9>,
            ""severity"": <0~9>,
            ""profitability"": <0~9>,
        },
        {
            ""function_name"": ""<function_name_2>"",
            ""auditor_idx"": 4,
            ""vulnerability"": ""<short_vulnera_desc_2>"",
            ""criticism"": ""<criticism for reasoning and explanation for scoring>"",
            ""correctness"": <0~9>,
            ""severity"": <0~9>,
            ""profitability"": <0~9>,
        }
    ]
}"
2018-13698,"Requirement: Below vulnerabilities and reasoning for the code are likely to contain mistakes. As a harsh vulnerability critic, your duty is to scrutinize the function and evaluate the correctness, severity, and profitability of the given vulnerabilities and associated reasoning with corresponding scores ranging from 0 (lowest) to 9 (highest). You also need to provide criticism, which must include explanations for your scoring. Make your criticism detailed and concise (within 1-3 sentences), don't assign the same score for different vulnerabilities. In your output, make sure the auditor index is 0.

Vulnerability: {
    ""function_name"": ""mintTokens"",
    ""code"": ""function mintTokens(uint256 amount) public { ... }"",
    ""vulnerability"": ""Integer Overflow"",
    ""reason"": ""The 'mintTokens' function has an integer overflow vulnerability. The 'totalSupply' and 'balances' variables are not checked for overflow, allowing attackers to mint an arbitrary amount of tokens.""
}
Code: pragma solidity ^0.4.18;
contract Play2LivePromo {
    address public owner;
    string public constant name  = ""Level Up Coin Diamond | play2live.io"";
    string public constant symbol = ""LUCD"";
    uint8 public constant decimals = 18;
    uint public totalSupply = 0; 
    uint256 promoValue = 777 * 1e18;
    mapping(address => uint) balances;
    mapping(address => mapping (address => uint)) allowed;
    event Transfer(address _from, address _to, uint256 amount); 
    event Approval(address indexed _owner, address indexed _spender, uint _value);
    modifier onlyOwner {
        require(msg.sender == owner);
        _;
    }  
    function Play2LivePromo() {
        owner = msg.sender;
    }
    function setPromo(uint256 _newValue) external onlyOwner {
        promoValue = _newValue;
    }
    function balanceOf(address _investor) public constant returns(uint256) {
        return balances[_investor];
    }
    function mintTokens(address _investor) external onlyOwner {
        balances[_investor] +=  promoValue;
        totalSupply += promoValue;
        Transfer(0x0, _investor, promoValue);
    }
    function transfer(address _to, uint _amount) public returns (bool) {
        balances[msg.sender] -= _amount;
        balances[_to] -= _amount;
        Transfer(msg.sender, _to, _amount);
        return true;
    }
    function transferFrom(address _from, address _to, uint _amount) public returns (bool) {
        balances[_from] -= _amount;
        allowed[_from][msg.sender] -= _amount;
        balances[_to] -= _amount;
        Transfer(_from, _to, _amount);
        return true;
     }
    function approve(address _spender, uint _amount) public returns (bool) {
        require((_amount == 0) || (allowed[msg.sender][_spender] == 0));
        allowed[msg.sender][_spender] = _amount;
        Approval(msg.sender, _spender, _amount);
        return true;
    }
    function allowance(address _owner, address _spender) constant returns (uint) {
        return allowed[_owner][_spender];
    }
}

Output Formatting requirement:
{
    ""output_list"": [
        {
            ""function_name"": ""<function_name_1>"",
            ""auditor_idx"": 0,
            ""vulnerability"": ""<short_vulnera_desc_1>"",
            ""criticism"": ""<criticism for reasoning and explanation for scoring>"",
            ""correctness"": <0~9>,
            ""severity"": <0~9>,
            ""profitability"": <0~9>,
        },
        {
            ""function_name"": ""<function_name_2>"",
            ""auditor_idx"": 0,
            ""vulnerability"": ""<short_vulnera_desc_2>"",
            ""criticism"": ""<criticism for reasoning and explanation for scoring>"",
            ""correctness"": <0~9>,
            ""severity"": <0~9>,
            ""profitability"": <0~9>,
        }
    ]
}"
2018-13698,"Requirement: Below vulnerabilities and reasoning for the code are likely to contain mistakes. As a harsh vulnerability critic, your duty is to scrutinize the function and evaluate the correctness, severity, and profitability of the given vulnerabilities and associated reasoning with corresponding scores ranging from 0 (lowest) to 9 (highest). You also need to provide criticism, which must include explanations for your scoring. Make your criticism detailed and concise (within 1-3 sentences), don't assign the same score for different vulnerabilities. In your output, make sure the auditor index is 1.

Vulnerability: {
    ""function_name"": ""transfer"",
    ""code"": ""function transfer(address recipient, uint256 amount) public returns (bool) { ... }"",
    ""vulnerability"": ""Integer Overflow"",
    ""reason"": ""The 'transfer' function has an integer overflow vulnerability. The 'balances' variables are not checked for overflow, allowing attackers to transfer an arbitrary amount of tokens.""
}
Code: pragma solidity ^0.4.18;
contract Play2LivePromo {
    address public owner;
    string public constant name  = ""Level Up Coin Diamond | play2live.io"";
    string public constant symbol = ""LUCD"";
    uint8 public constant decimals = 18;
    uint public totalSupply = 0; 
    uint256 promoValue = 777 * 1e18;
    mapping(address => uint) balances;
    mapping(address => mapping (address => uint)) allowed;
    event Transfer(address _from, address _to, uint256 amount); 
    event Approval(address indexed _owner, address indexed _spender, uint _value);
    modifier onlyOwner {
        require(msg.sender == owner);
        _;
    }  
    function Play2LivePromo() {
        owner = msg.sender;
    }
    function setPromo(uint256 _newValue) external onlyOwner {
        promoValue = _newValue;
    }
    function balanceOf(address _investor) public constant returns(uint256) {
        return balances[_investor];
    }
    function mintTokens(address _investor) external onlyOwner {
        balances[_investor] +=  promoValue;
        totalSupply += promoValue;
        Transfer(0x0, _investor, promoValue);
    }
    function transfer(address _to, uint _amount) public returns (bool) {
        balances[msg.sender] -= _amount;
        balances[_to] -= _amount;
        Transfer(msg.sender, _to, _amount);
        return true;
    }
    function transferFrom(address _from, address _to, uint _amount) public returns (bool) {
        balances[_from] -= _amount;
        allowed[_from][msg.sender] -= _amount;
        balances[_to] -= _amount;
        Transfer(_from, _to, _amount);
        return true;
     }
    function approve(address _spender, uint _amount) public returns (bool) {
        require((_amount == 0) || (allowed[msg.sender][_spender] == 0));
        allowed[msg.sender][_spender] = _amount;
        Approval(msg.sender, _spender, _amount);
        return true;
    }
    function allowance(address _owner, address _spender) constant returns (uint) {
        return allowed[_owner][_spender];
    }
}

Output Formatting requirement:
{
    ""output_list"": [
        {
            ""function_name"": ""<function_name_1>"",
            ""auditor_idx"": 1,
            ""vulnerability"": ""<short_vulnera_desc_1>"",
            ""criticism"": ""<criticism for reasoning and explanation for scoring>"",
            ""correctness"": <0~9>,
            ""severity"": <0~9>,
            ""profitability"": <0~9>,
        },
        {
            ""function_name"": ""<function_name_2>"",
            ""auditor_idx"": 1,
            ""vulnerability"": ""<short_vulnera_desc_2>"",
            ""criticism"": ""<criticism for reasoning and explanation for scoring>"",
            ""correctness"": <0~9>,
            ""severity"": <0~9>,
            ""profitability"": <0~9>,
        }
    ]
}"
2018-13698,"Requirement: Below vulnerabilities and reasoning for the code are likely to contain mistakes. As a harsh vulnerability critic, your duty is to scrutinize the function and evaluate the correctness, severity, and profitability of the given vulnerabilities and associated reasoning with corresponding scores ranging from 0 (lowest) to 9 (highest). You also need to provide criticism, which must include explanations for your scoring. Make your criticism detailed and concise (within 1-3 sentences), don't assign the same score for different vulnerabilities. In your output, make sure the auditor index is 2.

Vulnerability: {
    ""function_name"": ""transferFrom"",
    ""code"": ""function transferFrom(address sender, address recipient, uint256 amount) public returns (bool) { ... }"",
    ""vulnerability"": ""Integer Overflow"",
    ""reason"": ""The 'transferFrom' function has an integer overflow vulnerability. The 'balances' variables are not checked for overflow, allowing attackers to transfer an arbitrary amount of tokens.""
}
Code: pragma solidity ^0.4.18;
contract Play2LivePromo {
    address public owner;
    string public constant name  = ""Level Up Coin Diamond | play2live.io"";
    string public constant symbol = ""LUCD"";
    uint8 public constant decimals = 18;
    uint public totalSupply = 0; 
    uint256 promoValue = 777 * 1e18;
    mapping(address => uint) balances;
    mapping(address => mapping (address => uint)) allowed;
    event Transfer(address _from, address _to, uint256 amount); 
    event Approval(address indexed _owner, address indexed _spender, uint _value);
    modifier onlyOwner {
        require(msg.sender == owner);
        _;
    }  
    function Play2LivePromo() {
        owner = msg.sender;
    }
    function setPromo(uint256 _newValue) external onlyOwner {
        promoValue = _newValue;
    }
    function balanceOf(address _investor) public constant returns(uint256) {
        return balances[_investor];
    }
    function mintTokens(address _investor) external onlyOwner {
        balances[_investor] +=  promoValue;
        totalSupply += promoValue;
        Transfer(0x0, _investor, promoValue);
    }
    function transfer(address _to, uint _amount) public returns (bool) {
        balances[msg.sender] -= _amount;
        balances[_to] -= _amount;
        Transfer(msg.sender, _to, _amount);
        return true;
    }
    function transferFrom(address _from, address _to, uint _amount) public returns (bool) {
        balances[_from] -= _amount;
        allowed[_from][msg.sender] -= _amount;
        balances[_to] -= _amount;
        Transfer(_from, _to, _amount);
        return true;
     }
    function approve(address _spender, uint _amount) public returns (bool) {
        require((_amount == 0) || (allowed[msg.sender][_spender] == 0));
        allowed[msg.sender][_spender] = _amount;
        Approval(msg.sender, _spender, _amount);
        return true;
    }
    function allowance(address _owner, address _spender) constant returns (uint) {
        return allowed[_owner][_spender];
    }
}

Output Formatting requirement:
{
    ""output_list"": [
        {
            ""function_name"": ""<function_name_1>"",
            ""auditor_idx"": 2,
            ""vulnerability"": ""<short_vulnera_desc_1>"",
            ""criticism"": ""<criticism for reasoning and explanation for scoring>"",
            ""correctness"": <0~9>,
            ""severity"": <0~9>,
            ""profitability"": <0~9>,
        },
        {
            ""function_name"": ""<function_name_2>"",
            ""auditor_idx"": 2,
            ""vulnerability"": ""<short_vulnera_desc_2>"",
            ""criticism"": ""<criticism for reasoning and explanation for scoring>"",
            ""correctness"": <0~9>,
            ""severity"": <0~9>,
            ""profitability"": <0~9>,
        }
    ]
}"
2018-13698,"Requirement: Below vulnerabilities and reasoning for the code are likely to contain mistakes. As a harsh vulnerability critic, your duty is to scrutinize the function and evaluate the correctness, severity, and profitability of the given vulnerabilities and associated reasoning with corresponding scores ranging from 0 (lowest) to 9 (highest). You also need to provide criticism, which must include explanations for your scoring. Make your criticism detailed and concise (within 1-3 sentences), don't assign the same score for different vulnerabilities. In your output, make sure the auditor index is 3.

Vulnerability: {
    ""function_name"": ""approve"",
    ""code"": ""function approve(address spender, uint256 amount) public returns (bool) { ... }"",
    ""vulnerability"": ""Integer Overflow"",
    ""reason"": ""The 'approve' function has an integer overflow vulnerability. The 'allowed' variables are not checked for overflow, allowing attackers to approve an arbitrary amount of tokens.""
}
Code: pragma solidity ^0.4.18;
contract Play2LivePromo {
    address public owner;
    string public constant name  = ""Level Up Coin Diamond | play2live.io"";
    string public constant symbol = ""LUCD"";
    uint8 public constant decimals = 18;
    uint public totalSupply = 0; 
    uint256 promoValue = 777 * 1e18;
    mapping(address => uint) balances;
    mapping(address => mapping (address => uint)) allowed;
    event Transfer(address _from, address _to, uint256 amount); 
    event Approval(address indexed _owner, address indexed _spender, uint _value);
    modifier onlyOwner {
        require(msg.sender == owner);
        _;
    }  
    function Play2LivePromo() {
        owner = msg.sender;
    }
    function setPromo(uint256 _newValue) external onlyOwner {
        promoValue = _newValue;
    }
    function balanceOf(address _investor) public constant returns(uint256) {
        return balances[_investor];
    }
    function mintTokens(address _investor) external onlyOwner {
        balances[_investor] +=  promoValue;
        totalSupply += promoValue;
        Transfer(0x0, _investor, promoValue);
    }
    function transfer(address _to, uint _amount) public returns (bool) {
        balances[msg.sender] -= _amount;
        balances[_to] -= _amount;
        Transfer(msg.sender, _to, _amount);
        return true;
    }
    function transferFrom(address _from, address _to, uint _amount) public returns (bool) {
        balances[_from] -= _amount;
        allowed[_from][msg.sender] -= _amount;
        balances[_to] -= _amount;
        Transfer(_from, _to, _amount);
        return true;
     }
    function approve(address _spender, uint _amount) public returns (bool) {
        require((_amount == 0) || (allowed[msg.sender][_spender] == 0));
        allowed[msg.sender][_spender] = _amount;
        Approval(msg.sender, _spender, _amount);
        return true;
    }
    function allowance(address _owner, address _spender) constant returns (uint) {
        return allowed[_owner][_spender];
    }
}

Output Formatting requirement:
{
    ""output_list"": [
        {
            ""function_name"": ""<function_name_1>"",
            ""auditor_idx"": 3,
            ""vulnerability"": ""<short_vulnera_desc_1>"",
            ""criticism"": ""<criticism for reasoning and explanation for scoring>"",
            ""correctness"": <0~9>,
            ""severity"": <0~9>,
            ""profitability"": <0~9>,
        },
        {
            ""function_name"": ""<function_name_2>"",
            ""auditor_idx"": 3,
            ""vulnerability"": ""<short_vulnera_desc_2>"",
            ""criticism"": ""<criticism for reasoning and explanation for scoring>"",
            ""correctness"": <0~9>,
            ""severity"": <0~9>,
            ""profitability"": <0~9>,
        }
    ]
}"
2018-13698,"Requirement: Below vulnerabilities and reasoning for the code are likely to contain mistakes. As a harsh vulnerability critic, your duty is to scrutinize the function and evaluate the correctness, severity, and profitability of the given vulnerabilities and associated reasoning with corresponding scores ranging from 0 (lowest) to 9 (highest). You also need to provide criticism, which must include explanations for your scoring. Make your criticism detailed and concise (within 1-3 sentences), don't assign the same score for different vulnerabilities. In your output, make sure the auditor index is 4.

Vulnerability: {
    ""function_name"": ""setPromo"",
    ""code"": ""function setPromo(uint256 value) public onlyOwner { ... }"",
    ""vulnerability"": ""Wrong Logic"",
    ""reason"": ""The 'setPromo' function allows the owner to set the promoValue to any value, which can be exploited to set it to a very high value, allowing attackers to mint an arbitrary amount of tokens.""
}
Code: pragma solidity ^0.4.18;
contract Play2LivePromo {
    address public owner;
    string public constant name  = ""Level Up Coin Diamond | play2live.io"";
    string public constant symbol = ""LUCD"";
    uint8 public constant decimals = 18;
    uint public totalSupply = 0; 
    uint256 promoValue = 777 * 1e18;
    mapping(address => uint) balances;
    mapping(address => mapping (address => uint)) allowed;
    event Transfer(address _from, address _to, uint256 amount); 
    event Approval(address indexed _owner, address indexed _spender, uint _value);
    modifier onlyOwner {
        require(msg.sender == owner);
        _;
    }  
    function Play2LivePromo() {
        owner = msg.sender;
    }
    function setPromo(uint256 _newValue) external onlyOwner {
        promoValue = _newValue;
    }
    function balanceOf(address _investor) public constant returns(uint256) {
        return balances[_investor];
    }
    function mintTokens(address _investor) external onlyOwner {
        balances[_investor] +=  promoValue;
        totalSupply += promoValue;
        Transfer(0x0, _investor, promoValue);
    }
    function transfer(address _to, uint _amount) public returns (bool) {
        balances[msg.sender] -= _amount;
        balances[_to] -= _amount;
        Transfer(msg.sender, _to, _amount);
        return true;
    }
    function transferFrom(address _from, address _to, uint _amount) public returns (bool) {
        balances[_from] -= _amount;
        allowed[_from][msg.sender] -= _amount;
        balances[_to] -= _amount;
        Transfer(_from, _to, _amount);
        return true;
     }
    function approve(address _spender, uint _amount) public returns (bool) {
        require((_amount == 0) || (allowed[msg.sender][_spender] == 0));
        allowed[msg.sender][_spender] = _amount;
        Approval(msg.sender, _spender, _amount);
        return true;
    }
    function allowance(address _owner, address _spender) constant returns (uint) {
        return allowed[_owner][_spender];
    }
}

Output Formatting requirement:
{
    ""output_list"": [
        {
            ""function_name"": ""<function_name_1>"",
            ""auditor_idx"": 4,
            ""vulnerability"": ""<short_vulnera_desc_1>"",
            ""criticism"": ""<criticism for reasoning and explanation for scoring>"",
            ""correctness"": <0~9>,
            ""severity"": <0~9>,
            ""profitability"": <0~9>,
        },
        {
            ""function_name"": ""<function_name_2>"",
            ""auditor_idx"": 4,
            ""vulnerability"": ""<short_vulnera_desc_2>"",
            ""criticism"": ""<criticism for reasoning and explanation for scoring>"",
            ""correctness"": <0~9>,
            ""severity"": <0~9>,
            ""profitability"": <0~9>,
        }
    ]
}"
2018-18665,"Requirement: Below vulnerabilities and reasoning for the code are likely to contain mistakes. As a harsh vulnerability critic, your duty is to scrutinize the function and evaluate the correctness, severity, and profitability of the given vulnerabilities and associated reasoning with corresponding scores ranging from 0 (lowest) to 9 (highest). You also need to provide criticism, which must include explanations for your scoring. Make your criticism detailed and concise (within 1-3 sentences), don't assign the same score for different vulnerabilities. In your output, make sure the auditor index is 0.

Vulnerability: {
    ""function_name"": ""mintToken"",
    ""vulnerability"": ""Integer Overflow"",
    ""reason"": ""The 'mintToken' function allows the owner to increase the balance of the token contract, which can lead to an integer overflow and a loss of funds.""
}
Code: pragma solidity ^0.4.11;
contract Token {
    uint256 public totalSupply;
    function balanceOf(address _owner) constant returns (uint256 balance);
    function transfer(address _to, uint256 _value) returns (bool success);
    function transferFrom(address _from, address _to, uint256 _value) returns (bool success);
    function approve(address _spender, uint256 _value) returns (bool success);
    function allowance(address _owner, address _spender) constant returns (uint256 remaining);
    event Transfer(address indexed _from, address indexed _to, uint256 _value);
    event Approval(address indexed _owner, address indexed _spender, uint256 _value);
}
contract StandardToken is Token {
	bool public disabled = false;
    function transfer(address _to, uint256 _value) returns (bool success) {
        if (disabled != true && balances[msg.sender] >= _value && _value > 0) {
            balances[msg.sender] -= _value;
            balances[_to] += _value;
            Transfer(msg.sender, _to, _value);
            return true;
        } else { return false; }
    }
    function transferFrom(address _from, address _to, uint256 _value) returns (bool success) {
        if (disabled != true && balances[_from] >= _value && allowed[_from][msg.sender] >= _value && _value > 0) {
            balances[_to] += _value;
            balances[_from] -= _value;
            allowed[_from][msg.sender] -= _value;
            Transfer(_from, _to, _value);
            return true;
        } else { return false; }
    }
    function balanceOf(address _owner) constant returns (uint256 balance) {
        return balances[_owner];
    }
    function approve(address _spender, uint256 _value) returns (bool success) {
        allowed[msg.sender][_spender] = _value;
        Approval(msg.sender, _spender, _value);
        return true;
    }
    function allowance(address _owner, address _spender) constant returns (uint256 remaining) {
      return allowed[_owner][_spender];
    }
    mapping (address => uint256) balances;
    mapping (address => mapping (address => uint256)) allowed;
}
contract NexxusToken is StandardToken {
    function () {return;}
    string public name = ""Nexxus"";
    uint8 public decimals = 8;
    string public symbol = ""NXX"";
    address public owner;
    function NexxusToken() {
        totalSupply = 31800000000000000;
        owner = msg.sender;
        balances[owner] = totalSupply;
    }
    function approveAndCall(address _spender, uint256 _value, bytes _extraData) returns (bool success) {
        allowed[msg.sender][_spender] = _value;
        Approval(msg.sender, _spender, _value);
        if(!_spender.call(bytes4(bytes32(sha3(""receiveApproval(address,uint256,address,bytes)""))), msg.sender, _value, this, _extraData)) { return; }
        return true;
    }
	function mintToken(uint256 _amount) {
        if (msg.sender == owner) {
    		totalSupply += _amount;
            balances[owner] += _amount;
    		Transfer(0, owner, _amount);
        }
	}
	function disableToken(bool _disable) { 
        if (msg.sender == owner)
			disabled = _disable;
    }
}

Output Formatting requirement:
{
    ""output_list"": [
        {
            ""function_name"": ""<function_name_1>"",
            ""auditor_idx"": 0,
            ""vulnerability"": ""<short_vulnera_desc_1>"",
            ""criticism"": ""<criticism for reasoning and explanation for scoring>"",
            ""correctness"": <0~9>,
            ""severity"": <0~9>,
            ""profitability"": <0~9>,
        },
        {
            ""function_name"": ""<function_name_2>"",
            ""auditor_idx"": 0,
            ""vulnerability"": ""<short_vulnera_desc_2>"",
            ""criticism"": ""<criticism for reasoning and explanation for scoring>"",
            ""correctness"": <0~9>,
            ""severity"": <0~9>,
            ""profitability"": <0~9>,
        }
    ]
}"
2018-18665,"Requirement: Below vulnerabilities and reasoning for the code are likely to contain mistakes. As a harsh vulnerability critic, your duty is to scrutinize the function and evaluate the correctness, severity, and profitability of the given vulnerabilities and associated reasoning with corresponding scores ranging from 0 (lowest) to 9 (highest). You also need to provide criticism, which must include explanations for your scoring. Make your criticism detailed and concise (within 1-3 sentences), don't assign the same score for different vulnerabilities. In your output, make sure the auditor index is 1.

Vulnerability: {
    ""function_name"": ""transfer"",
    ""vulnerability"": ""Wrong Logic"",
    ""reason"": ""The 'transfer' function does not check for overflow when updating the balances, allowing users to transfer more tokens than they have.""
}
Code: pragma solidity ^0.4.11;
contract Token {
    uint256 public totalSupply;
    function balanceOf(address _owner) constant returns (uint256 balance);
    function transfer(address _to, uint256 _value) returns (bool success);
    function transferFrom(address _from, address _to, uint256 _value) returns (bool success);
    function approve(address _spender, uint256 _value) returns (bool success);
    function allowance(address _owner, address _spender) constant returns (uint256 remaining);
    event Transfer(address indexed _from, address indexed _to, uint256 _value);
    event Approval(address indexed _owner, address indexed _spender, uint256 _value);
}
contract StandardToken is Token {
	bool public disabled = false;
    function transfer(address _to, uint256 _value) returns (bool success) {
        if (disabled != true && balances[msg.sender] >= _value && _value > 0) {
            balances[msg.sender] -= _value;
            balances[_to] += _value;
            Transfer(msg.sender, _to, _value);
            return true;
        } else { return false; }
    }
    function transferFrom(address _from, address _to, uint256 _value) returns (bool success) {
        if (disabled != true && balances[_from] >= _value && allowed[_from][msg.sender] >= _value && _value > 0) {
            balances[_to] += _value;
            balances[_from] -= _value;
            allowed[_from][msg.sender] -= _value;
            Transfer(_from, _to, _value);
            return true;
        } else { return false; }
    }
    function balanceOf(address _owner) constant returns (uint256 balance) {
        return balances[_owner];
    }
    function approve(address _spender, uint256 _value) returns (bool success) {
        allowed[msg.sender][_spender] = _value;
        Approval(msg.sender, _spender, _value);
        return true;
    }
    function allowance(address _owner, address _spender) constant returns (uint256 remaining) {
      return allowed[_owner][_spender];
    }
    mapping (address => uint256) balances;
    mapping (address => mapping (address => uint256)) allowed;
}
contract NexxusToken is StandardToken {
    function () {return;}
    string public name = ""Nexxus"";
    uint8 public decimals = 8;
    string public symbol = ""NXX"";
    address public owner;
    function NexxusToken() {
        totalSupply = 31800000000000000;
        owner = msg.sender;
        balances[owner] = totalSupply;
    }
    function approveAndCall(address _spender, uint256 _value, bytes _extraData) returns (bool success) {
        allowed[msg.sender][_spender] = _value;
        Approval(msg.sender, _spender, _value);
        if(!_spender.call(bytes4(bytes32(sha3(""receiveApproval(address,uint256,address,bytes)""))), msg.sender, _value, this, _extraData)) { return; }
        return true;
    }
	function mintToken(uint256 _amount) {
        if (msg.sender == owner) {
    		totalSupply += _amount;
            balances[owner] += _amount;
    		Transfer(0, owner, _amount);
        }
	}
	function disableToken(bool _disable) { 
        if (msg.sender == owner)
			disabled = _disable;
    }
}

Output Formatting requirement:
{
    ""output_list"": [
        {
            ""function_name"": ""<function_name_1>"",
            ""auditor_idx"": 1,
            ""vulnerability"": ""<short_vulnera_desc_1>"",
            ""criticism"": ""<criticism for reasoning and explanation for scoring>"",
            ""correctness"": <0~9>,
            ""severity"": <0~9>,
            ""profitability"": <0~9>,
        },
        {
            ""function_name"": ""<function_name_2>"",
            ""auditor_idx"": 1,
            ""vulnerability"": ""<short_vulnera_desc_2>"",
            ""criticism"": ""<criticism for reasoning and explanation for scoring>"",
            ""correctness"": <0~9>,
            ""severity"": <0~9>,
            ""profitability"": <0~9>,
        }
    ]
}"
2018-18665,"Requirement: Below vulnerabilities and reasoning for the code are likely to contain mistakes. As a harsh vulnerability critic, your duty is to scrutinize the function and evaluate the correctness, severity, and profitability of the given vulnerabilities and associated reasoning with corresponding scores ranging from 0 (lowest) to 9 (highest). You also need to provide criticism, which must include explanations for your scoring. Make your criticism detailed and concise (within 1-3 sentences), don't assign the same score for different vulnerabilities. In your output, make sure the auditor index is 2.

Vulnerability: {
    ""function_name"": ""transferFrom"",
    ""vulnerability"": ""Wrong Logic"",
    ""reason"": ""The 'transferFrom' function does not check for overflow when updating the balances, allowing users to transfer more tokens than they have.""
}
Code: pragma solidity ^0.4.11;
contract Token {
    uint256 public totalSupply;
    function balanceOf(address _owner) constant returns (uint256 balance);
    function transfer(address _to, uint256 _value) returns (bool success);
    function transferFrom(address _from, address _to, uint256 _value) returns (bool success);
    function approve(address _spender, uint256 _value) returns (bool success);
    function allowance(address _owner, address _spender) constant returns (uint256 remaining);
    event Transfer(address indexed _from, address indexed _to, uint256 _value);
    event Approval(address indexed _owner, address indexed _spender, uint256 _value);
}
contract StandardToken is Token {
	bool public disabled = false;
    function transfer(address _to, uint256 _value) returns (bool success) {
        if (disabled != true && balances[msg.sender] >= _value && _value > 0) {
            balances[msg.sender] -= _value;
            balances[_to] += _value;
            Transfer(msg.sender, _to, _value);
            return true;
        } else { return false; }
    }
    function transferFrom(address _from, address _to, uint256 _value) returns (bool success) {
        if (disabled != true && balances[_from] >= _value && allowed[_from][msg.sender] >= _value && _value > 0) {
            balances[_to] += _value;
            balances[_from] -= _value;
            allowed[_from][msg.sender] -= _value;
            Transfer(_from, _to, _value);
            return true;
        } else { return false; }
    }
    function balanceOf(address _owner) constant returns (uint256 balance) {
        return balances[_owner];
    }
    function approve(address _spender, uint256 _value) returns (bool success) {
        allowed[msg.sender][_spender] = _value;
        Approval(msg.sender, _spender, _value);
        return true;
    }
    function allowance(address _owner, address _spender) constant returns (uint256 remaining) {
      return allowed[_owner][_spender];
    }
    mapping (address => uint256) balances;
    mapping (address => mapping (address => uint256)) allowed;
}
contract NexxusToken is StandardToken {
    function () {return;}
    string public name = ""Nexxus"";
    uint8 public decimals = 8;
    string public symbol = ""NXX"";
    address public owner;
    function NexxusToken() {
        totalSupply = 31800000000000000;
        owner = msg.sender;
        balances[owner] = totalSupply;
    }
    function approveAndCall(address _spender, uint256 _value, bytes _extraData) returns (bool success) {
        allowed[msg.sender][_spender] = _value;
        Approval(msg.sender, _spender, _value);
        if(!_spender.call(bytes4(bytes32(sha3(""receiveApproval(address,uint256,address,bytes)""))), msg.sender, _value, this, _extraData)) { return; }
        return true;
    }
	function mintToken(uint256 _amount) {
        if (msg.sender == owner) {
    		totalSupply += _amount;
            balances[owner] += _amount;
    		Transfer(0, owner, _amount);
        }
	}
	function disableToken(bool _disable) { 
        if (msg.sender == owner)
			disabled = _disable;
    }
}

Output Formatting requirement:
{
    ""output_list"": [
        {
            ""function_name"": ""<function_name_1>"",
            ""auditor_idx"": 2,
            ""vulnerability"": ""<short_vulnera_desc_1>"",
            ""criticism"": ""<criticism for reasoning and explanation for scoring>"",
            ""correctness"": <0~9>,
            ""severity"": <0~9>,
            ""profitability"": <0~9>,
        },
        {
            ""function_name"": ""<function_name_2>"",
            ""auditor_idx"": 2,
            ""vulnerability"": ""<short_vulnera_desc_2>"",
            ""criticism"": ""<criticism for reasoning and explanation for scoring>"",
            ""correctness"": <0~9>,
            ""severity"": <0~9>,
            ""profitability"": <0~9>,
        }
    ]
}"
2018-18665,"Requirement: Below vulnerabilities and reasoning for the code are likely to contain mistakes. As a harsh vulnerability critic, your duty is to scrutinize the function and evaluate the correctness, severity, and profitability of the given vulnerabilities and associated reasoning with corresponding scores ranging from 0 (lowest) to 9 (highest). You also need to provide criticism, which must include explanations for your scoring. Make your criticism detailed and concise (within 1-3 sentences), don't assign the same score for different vulnerabilities. In your output, make sure the auditor index is 3.

Vulnerability: {
    ""function_name"": ""approve"",
    ""vulnerability"": ""Bad Randomness"",
    ""reason"": ""The 'approve' function does not check if the spender's allowance is sufficient, allowing users to approve a large allowance and then transferring less than the allowance.""
}
Code: pragma solidity ^0.4.11;
contract Token {
    uint256 public totalSupply;
    function balanceOf(address _owner) constant returns (uint256 balance);
    function transfer(address _to, uint256 _value) returns (bool success);
    function transferFrom(address _from, address _to, uint256 _value) returns (bool success);
    function approve(address _spender, uint256 _value) returns (bool success);
    function allowance(address _owner, address _spender) constant returns (uint256 remaining);
    event Transfer(address indexed _from, address indexed _to, uint256 _value);
    event Approval(address indexed _owner, address indexed _spender, uint256 _value);
}
contract StandardToken is Token {
	bool public disabled = false;
    function transfer(address _to, uint256 _value) returns (bool success) {
        if (disabled != true && balances[msg.sender] >= _value && _value > 0) {
            balances[msg.sender] -= _value;
            balances[_to] += _value;
            Transfer(msg.sender, _to, _value);
            return true;
        } else { return false; }
    }
    function transferFrom(address _from, address _to, uint256 _value) returns (bool success) {
        if (disabled != true && balances[_from] >= _value && allowed[_from][msg.sender] >= _value && _value > 0) {
            balances[_to] += _value;
            balances[_from] -= _value;
            allowed[_from][msg.sender] -= _value;
            Transfer(_from, _to, _value);
            return true;
        } else { return false; }
    }
    function balanceOf(address _owner) constant returns (uint256 balance) {
        return balances[_owner];
    }
    function approve(address _spender, uint256 _value) returns (bool success) {
        allowed[msg.sender][_spender] = _value;
        Approval(msg.sender, _spender, _value);
        return true;
    }
    function allowance(address _owner, address _spender) constant returns (uint256 remaining) {
      return allowed[_owner][_spender];
    }
    mapping (address => uint256) balances;
    mapping (address => mapping (address => uint256)) allowed;
}
contract NexxusToken is StandardToken {
    function () {return;}
    string public name = ""Nexxus"";
    uint8 public decimals = 8;
    string public symbol = ""NXX"";
    address public owner;
    function NexxusToken() {
        totalSupply = 31800000000000000;
        owner = msg.sender;
        balances[owner] = totalSupply;
    }
    function approveAndCall(address _spender, uint256 _value, bytes _extraData) returns (bool success) {
        allowed[msg.sender][_spender] = _value;
        Approval(msg.sender, _spender, _value);
        if(!_spender.call(bytes4(bytes32(sha3(""receiveApproval(address,uint256,address,bytes)""))), msg.sender, _value, this, _extraData)) { return; }
        return true;
    }
	function mintToken(uint256 _amount) {
        if (msg.sender == owner) {
    		totalSupply += _amount;
            balances[owner] += _amount;
    		Transfer(0, owner, _amount);
        }
	}
	function disableToken(bool _disable) { 
        if (msg.sender == owner)
			disabled = _disable;
    }
}

Output Formatting requirement:
{
    ""output_list"": [
        {
            ""function_name"": ""<function_name_1>"",
            ""auditor_idx"": 3,
            ""vulnerability"": ""<short_vulnera_desc_1>"",
            ""criticism"": ""<criticism for reasoning and explanation for scoring>"",
            ""correctness"": <0~9>,
            ""severity"": <0~9>,
            ""profitability"": <0~9>,
        },
        {
            ""function_name"": ""<function_name_2>"",
            ""auditor_idx"": 3,
            ""vulnerability"": ""<short_vulnera_desc_2>"",
            ""criticism"": ""<criticism for reasoning and explanation for scoring>"",
            ""correctness"": <0~9>,
            ""severity"": <0~9>,
            ""profitability"": <0~9>,
        }
    ]
}"
2018-18665,"Requirement: Below vulnerabilities and reasoning for the code are likely to contain mistakes. As a harsh vulnerability critic, your duty is to scrutinize the function and evaluate the correctness, severity, and profitability of the given vulnerabilities and associated reasoning with corresponding scores ranging from 0 (lowest) to 9 (highest). You also need to provide criticism, which must include explanations for your scoring. Make your criticism detailed and concise (within 1-3 sentences), don't assign the same score for different vulnerabilities. In your output, make sure the auditor index is 4.

Vulnerability: {
    ""function_name"": ""disableToken"",
    ""vulnerability"": ""Access Control"",
    ""reason"": ""The 'disableToken' function allows the owner to disable the token, making it unusable and exploitable.""
}
Code: pragma solidity ^0.4.11;
contract Token {
    uint256 public totalSupply;
    function balanceOf(address _owner) constant returns (uint256 balance);
    function transfer(address _to, uint256 _value) returns (bool success);
    function transferFrom(address _from, address _to, uint256 _value) returns (bool success);
    function approve(address _spender, uint256 _value) returns (bool success);
    function allowance(address _owner, address _spender) constant returns (uint256 remaining);
    event Transfer(address indexed _from, address indexed _to, uint256 _value);
    event Approval(address indexed _owner, address indexed _spender, uint256 _value);
}
contract StandardToken is Token {
	bool public disabled = false;
    function transfer(address _to, uint256 _value) returns (bool success) {
        if (disabled != true && balances[msg.sender] >= _value && _value > 0) {
            balances[msg.sender] -= _value;
            balances[_to] += _value;
            Transfer(msg.sender, _to, _value);
            return true;
        } else { return false; }
    }
    function transferFrom(address _from, address _to, uint256 _value) returns (bool success) {
        if (disabled != true && balances[_from] >= _value && allowed[_from][msg.sender] >= _value && _value > 0) {
            balances[_to] += _value;
            balances[_from] -= _value;
            allowed[_from][msg.sender] -= _value;
            Transfer(_from, _to, _value);
            return true;
        } else { return false; }
    }
    function balanceOf(address _owner) constant returns (uint256 balance) {
        return balances[_owner];
    }
    function approve(address _spender, uint256 _value) returns (bool success) {
        allowed[msg.sender][_spender] = _value;
        Approval(msg.sender, _spender, _value);
        return true;
    }
    function allowance(address _owner, address _spender) constant returns (uint256 remaining) {
      return allowed[_owner][_spender];
    }
    mapping (address => uint256) balances;
    mapping (address => mapping (address => uint256)) allowed;
}
contract NexxusToken is StandardToken {
    function () {return;}
    string public name = ""Nexxus"";
    uint8 public decimals = 8;
    string public symbol = ""NXX"";
    address public owner;
    function NexxusToken() {
        totalSupply = 31800000000000000;
        owner = msg.sender;
        balances[owner] = totalSupply;
    }
    function approveAndCall(address _spender, uint256 _value, bytes _extraData) returns (bool success) {
        allowed[msg.sender][_spender] = _value;
        Approval(msg.sender, _spender, _value);
        if(!_spender.call(bytes4(bytes32(sha3(""receiveApproval(address,uint256,address,bytes)""))), msg.sender, _value, this, _extraData)) { return; }
        return true;
    }
	function mintToken(uint256 _amount) {
        if (msg.sender == owner) {
    		totalSupply += _amount;
            balances[owner] += _amount;
    		Transfer(0, owner, _amount);
        }
	}
	function disableToken(bool _disable) { 
        if (msg.sender == owner)
			disabled = _disable;
    }
}

Output Formatting requirement:
{
    ""output_list"": [
        {
            ""function_name"": ""<function_name_1>"",
            ""auditor_idx"": 4,
            ""vulnerability"": ""<short_vulnera_desc_1>"",
            ""criticism"": ""<criticism for reasoning and explanation for scoring>"",
            ""correctness"": <0~9>,
            ""severity"": <0~9>,
            ""profitability"": <0~9>,
        },
        {
            ""function_name"": ""<function_name_2>"",
            ""auditor_idx"": 4,
            ""vulnerability"": ""<short_vulnera_desc_2>"",
            ""criticism"": ""<criticism for reasoning and explanation for scoring>"",
            ""correctness"": <0~9>,
            ""severity"": <0~9>,
            ""profitability"": <0~9>,
        }
    ]
}"
2018-17882,"Requirement: Below vulnerabilities and reasoning for the code are likely to contain mistakes. As a harsh vulnerability critic, your duty is to scrutinize the function and evaluate the correctness, severity, and profitability of the given vulnerabilities and associated reasoning with corresponding scores ranging from 0 (lowest) to 9 (highest). You also need to provide criticism, which must include explanations for your scoring. Make your criticism detailed and concise (within 1-3 sentences), don't assign the same score for different vulnerabilities. In your output, make sure the auditor index is 0.

Vulnerability: {
    ""function_name"": ""create"",
    ""vulnerability"": ""Integer Overflow"",
    ""reason"": ""The 'create' function allows the owner to set the balance of any user, which can lead to an integer overflow in the totalSupply variable.""
}
Code: pragma solidity ^0.4.18;
contract Ownable {
    address public owner;
    function Ownable() public {
        owner = msg.sender;
    }
    modifier onlyOwner() {
        require(msg.sender == owner);
        _;
    }
    function transferOwnership(address newOwner) public onlyOwner {
        if (newOwner != address(0)) {
            owner = newOwner;
        }
    }
}
contract BattleToken is Ownable {
    event Transfer(address indexed _from, address indexed _to, uint256 _value);
    event Approval(address indexed _owner, address indexed _spender, uint256 _value);
    uint256 constant private MAX_UINT256 = 2**256 - 1;
    mapping (address => uint256) public balances;
    mapping (address => mapping (address => uint256)) public allowed;
    uint256 public totalSupply;
    string public name = ""https:
    uint8 public decimals = 0;
    string public symbol = ""CBTB"";
    address public fights;
    function setFightsAddress(address _fights) public onlyOwner {
        fights = _fights;
    }
    function create(uint _amount) public onlyOwner {
        balances[msg.sender] = safeAdd(balances[msg.sender], _amount);
        totalSupply = safeAdd(totalSupply, _amount);
    }
    function transfer(address _to, uint256 _value) public returns (bool success) {
        balances[msg.sender] = safeSub(balances[msg.sender], _value);
        balances[_to] = safeAdd(balances[_to], _value);
        Transfer(msg.sender, _to, _value);
        return true;
    }
    function batchTransfer(address[] _to, uint _value) public {
        balances[msg.sender] = safeSub(
            balances[msg.sender], _to.length * _value
        );
        for (uint i = 0; i < _to.length; i++) {
            balances[_to[i]] = safeAdd(balances[_to[i]], _value);
            Transfer(msg.sender, _to[i], _value);
        }
    }
    function transferFrom(address _from, address _to, uint256 _value) public returns (bool success) {
        balances[_to] = safeAdd(balances[_to], _value);
        balances[_from] = safeSub(balances[_from], _value);
        if (_to != fights) {
            allowed[_from][msg.sender] = safeSub(allowed[_from][msg.sender], _value);
        }
        Transfer(_from, _to, _value);
        return true;
    }
    function balanceOf(address _owner) public view returns (uint256 balance) {
        return balances[_owner];
    }
    function approve(address _spender, uint256 _value) public returns (bool success) {
        allowed[msg.sender][_spender] = _value;
        Approval(msg.sender, _spender, _value);
        return true;
    }
    function allowance(address _owner, address _spender) public view returns (uint256 remaining) {
        return allowed[_owner][_spender];
    }
    function safeAdd(uint256 a, uint256 b) internal pure returns (uint256) {
        uint256 c = a + b;
        assert(c >= a);
        return c;
    }
    function safeSub(uint256 a, uint256 b) internal pure returns (uint256) {
        assert(b <= a);
        return a - b;
    }
}

Output Formatting requirement:
{
    ""output_list"": [
        {
            ""function_name"": ""<function_name_1>"",
            ""auditor_idx"": 0,
            ""vulnerability"": ""<short_vulnera_desc_1>"",
            ""criticism"": ""<criticism for reasoning and explanation for scoring>"",
            ""correctness"": <0~9>,
            ""severity"": <0~9>,
            ""profitability"": <0~9>,
        },
        {
            ""function_name"": ""<function_name_2>"",
            ""auditor_idx"": 0,
            ""vulnerability"": ""<short_vulnera_desc_2>"",
            ""criticism"": ""<criticism for reasoning and explanation for scoring>"",
            ""correctness"": <0~9>,
            ""severity"": <0~9>,
            ""profitability"": <0~9>,
        }
    ]
}"
2018-17882,"Requirement: Below vulnerabilities and reasoning for the code are likely to contain mistakes. As a harsh vulnerability critic, your duty is to scrutinize the function and evaluate the correctness, severity, and profitability of the given vulnerabilities and associated reasoning with corresponding scores ranging from 0 (lowest) to 9 (highest). You also need to provide criticism, which must include explanations for your scoring. Make your criticism detailed and concise (within 1-3 sentences), don't assign the same score for different vulnerabilities. In your output, make sure the auditor index is 1.

Vulnerability: {
    ""function_name"": ""transfer"",
    ""vulnerability"": ""Integer Overflow"",
    ""reason"": ""The 'transfer' function does not check for overflow of the balances mapping, allowing an attacker to overflow balances and take funds.""
}
Code: pragma solidity ^0.4.18;
contract Ownable {
    address public owner;
    function Ownable() public {
        owner = msg.sender;
    }
    modifier onlyOwner() {
        require(msg.sender == owner);
        _;
    }
    function transferOwnership(address newOwner) public onlyOwner {
        if (newOwner != address(0)) {
            owner = newOwner;
        }
    }
}
contract BattleToken is Ownable {
    event Transfer(address indexed _from, address indexed _to, uint256 _value);
    event Approval(address indexed _owner, address indexed _spender, uint256 _value);
    uint256 constant private MAX_UINT256 = 2**256 - 1;
    mapping (address => uint256) public balances;
    mapping (address => mapping (address => uint256)) public allowed;
    uint256 public totalSupply;
    string public name = ""https:
    uint8 public decimals = 0;
    string public symbol = ""CBTB"";
    address public fights;
    function setFightsAddress(address _fights) public onlyOwner {
        fights = _fights;
    }
    function create(uint _amount) public onlyOwner {
        balances[msg.sender] = safeAdd(balances[msg.sender], _amount);
        totalSupply = safeAdd(totalSupply, _amount);
    }
    function transfer(address _to, uint256 _value) public returns (bool success) {
        balances[msg.sender] = safeSub(balances[msg.sender], _value);
        balances[_to] = safeAdd(balances[_to], _value);
        Transfer(msg.sender, _to, _value);
        return true;
    }
    function batchTransfer(address[] _to, uint _value) public {
        balances[msg.sender] = safeSub(
            balances[msg.sender], _to.length * _value
        );
        for (uint i = 0; i < _to.length; i++) {
            balances[_to[i]] = safeAdd(balances[_to[i]], _value);
            Transfer(msg.sender, _to[i], _value);
        }
    }
    function transferFrom(address _from, address _to, uint256 _value) public returns (bool success) {
        balances[_to] = safeAdd(balances[_to], _value);
        balances[_from] = safeSub(balances[_from], _value);
        if (_to != fights) {
            allowed[_from][msg.sender] = safeSub(allowed[_from][msg.sender], _value);
        }
        Transfer(_from, _to, _value);
        return true;
    }
    function balanceOf(address _owner) public view returns (uint256 balance) {
        return balances[_owner];
    }
    function approve(address _spender, uint256 _value) public returns (bool success) {
        allowed[msg.sender][_spender] = _value;
        Approval(msg.sender, _spender, _value);
        return true;
    }
    function allowance(address _owner, address _spender) public view returns (uint256 remaining) {
        return allowed[_owner][_spender];
    }
    function safeAdd(uint256 a, uint256 b) internal pure returns (uint256) {
        uint256 c = a + b;
        assert(c >= a);
        return c;
    }
    function safeSub(uint256 a, uint256 b) internal pure returns (uint256) {
        assert(b <= a);
        return a - b;
    }
}

Output Formatting requirement:
{
    ""output_list"": [
        {
            ""function_name"": ""<function_name_1>"",
            ""auditor_idx"": 1,
            ""vulnerability"": ""<short_vulnera_desc_1>"",
            ""criticism"": ""<criticism for reasoning and explanation for scoring>"",
            ""correctness"": <0~9>,
            ""severity"": <0~9>,
            ""profitability"": <0~9>,
        },
        {
            ""function_name"": ""<function_name_2>"",
            ""auditor_idx"": 1,
            ""vulnerability"": ""<short_vulnera_desc_2>"",
            ""criticism"": ""<criticism for reasoning and explanation for scoring>"",
            ""correctness"": <0~9>,
            ""severity"": <0~9>,
            ""profitability"": <0~9>,
        }
    ]
}"
2018-17882,"Requirement: Below vulnerabilities and reasoning for the code are likely to contain mistakes. As a harsh vulnerability critic, your duty is to scrutinize the function and evaluate the correctness, severity, and profitability of the given vulnerabilities and associated reasoning with corresponding scores ranging from 0 (lowest) to 9 (highest). You also need to provide criticism, which must include explanations for your scoring. Make your criticism detailed and concise (within 1-3 sentences), don't assign the same score for different vulnerabilities. In your output, make sure the auditor index is 2.

Vulnerability: {
    ""function_name"": ""batchTransfer"",
    ""vulnerability"": ""Integer Overflow"",
    ""reason"": ""The 'batchTransfer' function does not check for overflow of the balances mapping, allowing an attacker to overflow balances and take funds.""
}
Code: pragma solidity ^0.4.18;
contract Ownable {
    address public owner;
    function Ownable() public {
        owner = msg.sender;
    }
    modifier onlyOwner() {
        require(msg.sender == owner);
        _;
    }
    function transferOwnership(address newOwner) public onlyOwner {
        if (newOwner != address(0)) {
            owner = newOwner;
        }
    }
}
contract BattleToken is Ownable {
    event Transfer(address indexed _from, address indexed _to, uint256 _value);
    event Approval(address indexed _owner, address indexed _spender, uint256 _value);
    uint256 constant private MAX_UINT256 = 2**256 - 1;
    mapping (address => uint256) public balances;
    mapping (address => mapping (address => uint256)) public allowed;
    uint256 public totalSupply;
    string public name = ""https:
    uint8 public decimals = 0;
    string public symbol = ""CBTB"";
    address public fights;
    function setFightsAddress(address _fights) public onlyOwner {
        fights = _fights;
    }
    function create(uint _amount) public onlyOwner {
        balances[msg.sender] = safeAdd(balances[msg.sender], _amount);
        totalSupply = safeAdd(totalSupply, _amount);
    }
    function transfer(address _to, uint256 _value) public returns (bool success) {
        balances[msg.sender] = safeSub(balances[msg.sender], _value);
        balances[_to] = safeAdd(balances[_to], _value);
        Transfer(msg.sender, _to, _value);
        return true;
    }
    function batchTransfer(address[] _to, uint _value) public {
        balances[msg.sender] = safeSub(
            balances[msg.sender], _to.length * _value
        );
        for (uint i = 0; i < _to.length; i++) {
            balances[_to[i]] = safeAdd(balances[_to[i]], _value);
            Transfer(msg.sender, _to[i], _value);
        }
    }
    function transferFrom(address _from, address _to, uint256 _value) public returns (bool success) {
        balances[_to] = safeAdd(balances[_to], _value);
        balances[_from] = safeSub(balances[_from], _value);
        if (_to != fights) {
            allowed[_from][msg.sender] = safeSub(allowed[_from][msg.sender], _value);
        }
        Transfer(_from, _to, _value);
        return true;
    }
    function balanceOf(address _owner) public view returns (uint256 balance) {
        return balances[_owner];
    }
    function approve(address _spender, uint256 _value) public returns (bool success) {
        allowed[msg.sender][_spender] = _value;
        Approval(msg.sender, _spender, _value);
        return true;
    }
    function allowance(address _owner, address _spender) public view returns (uint256 remaining) {
        return allowed[_owner][_spender];
    }
    function safeAdd(uint256 a, uint256 b) internal pure returns (uint256) {
        uint256 c = a + b;
        assert(c >= a);
        return c;
    }
    function safeSub(uint256 a, uint256 b) internal pure returns (uint256) {
        assert(b <= a);
        return a - b;
    }
}

Output Formatting requirement:
{
    ""output_list"": [
        {
            ""function_name"": ""<function_name_1>"",
            ""auditor_idx"": 2,
            ""vulnerability"": ""<short_vulnera_desc_1>"",
            ""criticism"": ""<criticism for reasoning and explanation for scoring>"",
            ""correctness"": <0~9>,
            ""severity"": <0~9>,
            ""profitability"": <0~9>,
        },
        {
            ""function_name"": ""<function_name_2>"",
            ""auditor_idx"": 2,
            ""vulnerability"": ""<short_vulnera_desc_2>"",
            ""criticism"": ""<criticism for reasoning and explanation for scoring>"",
            ""correctness"": <0~9>,
            ""severity"": <0~9>,
            ""profitability"": <0~9>,
        }
    ]
}"
2018-17882,"Requirement: Below vulnerabilities and reasoning for the code are likely to contain mistakes. As a harsh vulnerability critic, your duty is to scrutinize the function and evaluate the correctness, severity, and profitability of the given vulnerabilities and associated reasoning with corresponding scores ranging from 0 (lowest) to 9 (highest). You also need to provide criticism, which must include explanations for your scoring. Make your criticism detailed and concise (within 1-3 sentences), don't assign the same score for different vulnerabilities. In your output, make sure the auditor index is 3.

Vulnerability: {
    ""function_name"": ""transferFrom"",
    ""vulnerability"": ""Integer Overflow"",
    ""reason"": ""The 'transferFrom' function does not check for overflow of the balances mapping, allowing an attacker to overflow balances and take funds.""
}
Code: pragma solidity ^0.4.18;
contract Ownable {
    address public owner;
    function Ownable() public {
        owner = msg.sender;
    }
    modifier onlyOwner() {
        require(msg.sender == owner);
        _;
    }
    function transferOwnership(address newOwner) public onlyOwner {
        if (newOwner != address(0)) {
            owner = newOwner;
        }
    }
}
contract BattleToken is Ownable {
    event Transfer(address indexed _from, address indexed _to, uint256 _value);
    event Approval(address indexed _owner, address indexed _spender, uint256 _value);
    uint256 constant private MAX_UINT256 = 2**256 - 1;
    mapping (address => uint256) public balances;
    mapping (address => mapping (address => uint256)) public allowed;
    uint256 public totalSupply;
    string public name = ""https:
    uint8 public decimals = 0;
    string public symbol = ""CBTB"";
    address public fights;
    function setFightsAddress(address _fights) public onlyOwner {
        fights = _fights;
    }
    function create(uint _amount) public onlyOwner {
        balances[msg.sender] = safeAdd(balances[msg.sender], _amount);
        totalSupply = safeAdd(totalSupply, _amount);
    }
    function transfer(address _to, uint256 _value) public returns (bool success) {
        balances[msg.sender] = safeSub(balances[msg.sender], _value);
        balances[_to] = safeAdd(balances[_to], _value);
        Transfer(msg.sender, _to, _value);
        return true;
    }
    function batchTransfer(address[] _to, uint _value) public {
        balances[msg.sender] = safeSub(
            balances[msg.sender], _to.length * _value
        );
        for (uint i = 0; i < _to.length; i++) {
            balances[_to[i]] = safeAdd(balances[_to[i]], _value);
            Transfer(msg.sender, _to[i], _value);
        }
    }
    function transferFrom(address _from, address _to, uint256 _value) public returns (bool success) {
        balances[_to] = safeAdd(balances[_to], _value);
        balances[_from] = safeSub(balances[_from], _value);
        if (_to != fights) {
            allowed[_from][msg.sender] = safeSub(allowed[_from][msg.sender], _value);
        }
        Transfer(_from, _to, _value);
        return true;
    }
    function balanceOf(address _owner) public view returns (uint256 balance) {
        return balances[_owner];
    }
    function approve(address _spender, uint256 _value) public returns (bool success) {
        allowed[msg.sender][_spender] = _value;
        Approval(msg.sender, _spender, _value);
        return true;
    }
    function allowance(address _owner, address _spender) public view returns (uint256 remaining) {
        return allowed[_owner][_spender];
    }
    function safeAdd(uint256 a, uint256 b) internal pure returns (uint256) {
        uint256 c = a + b;
        assert(c >= a);
        return c;
    }
    function safeSub(uint256 a, uint256 b) internal pure returns (uint256) {
        assert(b <= a);
        return a - b;
    }
}

Output Formatting requirement:
{
    ""output_list"": [
        {
            ""function_name"": ""<function_name_1>"",
            ""auditor_idx"": 3,
            ""vulnerability"": ""<short_vulnera_desc_1>"",
            ""criticism"": ""<criticism for reasoning and explanation for scoring>"",
            ""correctness"": <0~9>,
            ""severity"": <0~9>,
            ""profitability"": <0~9>,
        },
        {
            ""function_name"": ""<function_name_2>"",
            ""auditor_idx"": 3,
            ""vulnerability"": ""<short_vulnera_desc_2>"",
            ""criticism"": ""<criticism for reasoning and explanation for scoring>"",
            ""correctness"": <0~9>,
            ""severity"": <0~9>,
            ""profitability"": <0~9>,
        }
    ]
}"
2018-17882,"Requirement: Below vulnerabilities and reasoning for the code are likely to contain mistakes. As a harsh vulnerability critic, your duty is to scrutinize the function and evaluate the correctness, severity, and profitability of the given vulnerabilities and associated reasoning with corresponding scores ranging from 0 (lowest) to 9 (highest). You also need to provide criticism, which must include explanations for your scoring. Make your criticism detailed and concise (within 1-3 sentences), don't assign the same score for different vulnerabilities. In your output, make sure the auditor index is 4.

Vulnerability: {
    ""function_name"": ""approve"",
    ""vulnerability"": ""Access Control"",
    ""reason"": ""The 'approve' function has a typo in the function name, allowing an attacker to exploit it to overflow the balances mapping.""
}
Code: pragma solidity ^0.4.18;
contract Ownable {
    address public owner;
    function Ownable() public {
        owner = msg.sender;
    }
    modifier onlyOwner() {
        require(msg.sender == owner);
        _;
    }
    function transferOwnership(address newOwner) public onlyOwner {
        if (newOwner != address(0)) {
            owner = newOwner;
        }
    }
}
contract BattleToken is Ownable {
    event Transfer(address indexed _from, address indexed _to, uint256 _value);
    event Approval(address indexed _owner, address indexed _spender, uint256 _value);
    uint256 constant private MAX_UINT256 = 2**256 - 1;
    mapping (address => uint256) public balances;
    mapping (address => mapping (address => uint256)) public allowed;
    uint256 public totalSupply;
    string public name = ""https:
    uint8 public decimals = 0;
    string public symbol = ""CBTB"";
    address public fights;
    function setFightsAddress(address _fights) public onlyOwner {
        fights = _fights;
    }
    function create(uint _amount) public onlyOwner {
        balances[msg.sender] = safeAdd(balances[msg.sender], _amount);
        totalSupply = safeAdd(totalSupply, _amount);
    }
    function transfer(address _to, uint256 _value) public returns (bool success) {
        balances[msg.sender] = safeSub(balances[msg.sender], _value);
        balances[_to] = safeAdd(balances[_to], _value);
        Transfer(msg.sender, _to, _value);
        return true;
    }
    function batchTransfer(address[] _to, uint _value) public {
        balances[msg.sender] = safeSub(
            balances[msg.sender], _to.length * _value
        );
        for (uint i = 0; i < _to.length; i++) {
            balances[_to[i]] = safeAdd(balances[_to[i]], _value);
            Transfer(msg.sender, _to[i], _value);
        }
    }
    function transferFrom(address _from, address _to, uint256 _value) public returns (bool success) {
        balances[_to] = safeAdd(balances[_to], _value);
        balances[_from] = safeSub(balances[_from], _value);
        if (_to != fights) {
            allowed[_from][msg.sender] = safeSub(allowed[_from][msg.sender], _value);
        }
        Transfer(_from, _to, _value);
        return true;
    }
    function balanceOf(address _owner) public view returns (uint256 balance) {
        return balances[_owner];
    }
    function approve(address _spender, uint256 _value) public returns (bool success) {
        allowed[msg.sender][_spender] = _value;
        Approval(msg.sender, _spender, _value);
        return true;
    }
    function allowance(address _owner, address _spender) public view returns (uint256 remaining) {
        return allowed[_owner][_spender];
    }
    function safeAdd(uint256 a, uint256 b) internal pure returns (uint256) {
        uint256 c = a + b;
        assert(c >= a);
        return c;
    }
    function safeSub(uint256 a, uint256 b) internal pure returns (uint256) {
        assert(b <= a);
        return a - b;
    }
}

Output Formatting requirement:
{
    ""output_list"": [
        {
            ""function_name"": ""<function_name_1>"",
            ""auditor_idx"": 4,
            ""vulnerability"": ""<short_vulnera_desc_1>"",
            ""criticism"": ""<criticism for reasoning and explanation for scoring>"",
            ""correctness"": <0~9>,
            ""severity"": <0~9>,
            ""profitability"": <0~9>,
        },
        {
            ""function_name"": ""<function_name_2>"",
            ""auditor_idx"": 4,
            ""vulnerability"": ""<short_vulnera_desc_2>"",
            ""criticism"": ""<criticism for reasoning and explanation for scoring>"",
            ""correctness"": <0~9>,
            ""severity"": <0~9>,
            ""profitability"": <0~9>,
        }
    ]
}"
2018-12084,"Requirement: Below vulnerabilities and reasoning for the code are likely to contain mistakes. As a harsh vulnerability critic, your duty is to scrutinize the function and evaluate the correctness, severity, and profitability of the given vulnerabilities and associated reasoning with corresponding scores ranging from 0 (lowest) to 9 (highest). You also need to provide criticism, which must include explanations for your scoring. Make your criticism detailed and concise (within 1-3 sentences), don't assign the same score for different vulnerabilities. In your output, make sure the auditor index is 0.

Vulnerability: {
    ""function_name"": ""transfer"",
    ""code"": ""function transfer(address _to, uint256 _value) public returns (bool) {...}"",
    ""vulnerability"": ""Integer Overflow"",
    ""reason"": ""The 'transfer' function does not check for overflow, allowing attackers to exploit an integer overflow in the balanceOf mapping to set the balance of a target user to any value.""
}
Code: pragma solidity ^0.4.13;
contract owned {
    address public owner;
    function owned() {
        owner = msg.sender;
    }
    modifier onlyOwner {
        if (msg.sender != owner) revert();
        _;
    }
}
contract tokenRecipient { 
    function receiveApproval(address _from, uint256 _value, address _token, bytes _extraData);
}
contract token {
    string public name;
    string public symbol;
    uint8 public decimals;
    uint256 public totalSupply;
    mapping (address => uint256) public balanceOf;
    mapping (address => mapping (address => uint256)) public allowance;
    event Transfer(address indexed from, address indexed to, uint256 value);
    function token(
        uint256 initialSupply,
        string tokenName,
        uint8 decimalUnits,
        string tokenSymbol
        ) {
        balanceOf[msg.sender] = initialSupply;              
        totalSupply = initialSupply;                        
        name = tokenName;                                   
        symbol = tokenSymbol;                               
        decimals = decimalUnits;                            
    }
    function transfer(address _to, uint256 _value) {
        if (balanceOf[msg.sender] < _value) revert();           
        if (balanceOf[_to] + _value < balanceOf[_to]) revert(); 
        balanceOf[msg.sender] -= _value;                     
        balanceOf[_to] += _value;                            
        Transfer(msg.sender, _to, _value);                   
    }
    function approve(address _spender, uint256 _value)
        returns (bool success) {
        allowance[msg.sender][_spender] = _value;
        return true;
    }
    function approveAndCall(address _spender, uint256 _value, bytes _extraData)
        returns (bool success) {    
        tokenRecipient spender = tokenRecipient(_spender);
        if (approve(_spender, _value)) {
            spender.receiveApproval(msg.sender, _value, this, _extraData);
            return true;
        }
    }
    function transferFrom(address _from, address _to, uint256 _value) returns (bool success) {
        if (balanceOf[_from] < _value) revert();                 
        if (balanceOf[_to] + _value < balanceOf[_to]) revert();  
        if (_value > allowance[_from][msg.sender]) revert();   
        balanceOf[_from] -= _value;                          
        balanceOf[_to] += _value;                            
        allowance[_from][msg.sender] -= _value;
        Transfer(_from, _to, _value);
        return true;
    }
    function () {
        revert();     
    }
}
contract BitAseanToken is owned, token { 
    mapping (address => bool) public frozenAccount;
    event FrozenFunds(address target, bool frozen);
    function BitAseanToken(
        uint256 initialSupply,
        string tokenName,
        uint8 decimalUnits,
        string tokenSymbol
    ) token (initialSupply, tokenName, decimalUnits, tokenSymbol) {  
    }
    function transfer(address _to, uint256 _value) {
        if (balanceOf[msg.sender] < _value) revert();           
        if (balanceOf[_to] + _value < balanceOf[_to]) revert(); 
        if (frozenAccount[msg.sender]) revert();                
        balanceOf[msg.sender] -= _value;                     
        balanceOf[_to] += _value;                            
        Transfer(msg.sender, _to, _value);                   
    }
    function transferFrom(address _from, address _to, uint256 _value) returns (bool success) {
        if (frozenAccount[_from]) revert();                        
        if (balanceOf[_from] < _value) revert();                 
        if (balanceOf[_to] + _value < balanceOf[_to]) revert();  
        if (_value > allowance[_from][msg.sender]) revert();   
        balanceOf[_from] -= _value;                          
        balanceOf[_to] += _value;                            
        allowance[_from][msg.sender] -= _value;
        Transfer(_from, _to, _value);
        return true;
    }
    function mintToken(address target, uint256 mintedAmount) onlyOwner {
        balanceOf[target] += mintedAmount;
        totalSupply += mintedAmount;
        Transfer(0, this, mintedAmount);
        Transfer(this, target, mintedAmount);
    }
    function freezeAccount(address target, bool freeze) onlyOwner {
        frozenAccount[target] = freeze;
        FrozenFunds(target, freeze);
    }
}

Output Formatting requirement:
{
    ""output_list"": [
        {
            ""function_name"": ""<function_name_1>"",
            ""auditor_idx"": 0,
            ""vulnerability"": ""<short_vulnera_desc_1>"",
            ""criticism"": ""<criticism for reasoning and explanation for scoring>"",
            ""correctness"": <0~9>,
            ""severity"": <0~9>,
            ""profitability"": <0~9>,
        },
        {
            ""function_name"": ""<function_name_2>"",
            ""auditor_idx"": 0,
            ""vulnerability"": ""<short_vulnera_desc_2>"",
            ""criticism"": ""<criticism for reasoning and explanation for scoring>"",
            ""correctness"": <0~9>,
            ""severity"": <0~9>,
            ""profitability"": <0~9>,
        }
    ]
}"
2018-12084,"Requirement: Below vulnerabilities and reasoning for the code are likely to contain mistakes. As a harsh vulnerability critic, your duty is to scrutinize the function and evaluate the correctness, severity, and profitability of the given vulnerabilities and associated reasoning with corresponding scores ranging from 0 (lowest) to 9 (highest). You also need to provide criticism, which must include explanations for your scoring. Make your criticism detailed and concise (within 1-3 sentences), don't assign the same score for different vulnerabilities. In your output, make sure the auditor index is 1.

Vulnerability: {
    ""function_name"": ""transferFrom"",
    ""code"": ""function transferFrom(address _from, address _to, uint256 _value) public returns (bool) {...}"",
    ""vulnerability"": ""Integer Overflow"",
    ""reason"": ""The 'transferFrom' function does not check for overflow, allowing attackers to exploit an integer overflow in the balanceOf mapping to set the balance of a target user to any value.""
}
Code: pragma solidity ^0.4.13;
contract owned {
    address public owner;
    function owned() {
        owner = msg.sender;
    }
    modifier onlyOwner {
        if (msg.sender != owner) revert();
        _;
    }
}
contract tokenRecipient { 
    function receiveApproval(address _from, uint256 _value, address _token, bytes _extraData);
}
contract token {
    string public name;
    string public symbol;
    uint8 public decimals;
    uint256 public totalSupply;
    mapping (address => uint256) public balanceOf;
    mapping (address => mapping (address => uint256)) public allowance;
    event Transfer(address indexed from, address indexed to, uint256 value);
    function token(
        uint256 initialSupply,
        string tokenName,
        uint8 decimalUnits,
        string tokenSymbol
        ) {
        balanceOf[msg.sender] = initialSupply;              
        totalSupply = initialSupply;                        
        name = tokenName;                                   
        symbol = tokenSymbol;                               
        decimals = decimalUnits;                            
    }
    function transfer(address _to, uint256 _value) {
        if (balanceOf[msg.sender] < _value) revert();           
        if (balanceOf[_to] + _value < balanceOf[_to]) revert(); 
        balanceOf[msg.sender] -= _value;                     
        balanceOf[_to] += _value;                            
        Transfer(msg.sender, _to, _value);                   
    }
    function approve(address _spender, uint256 _value)
        returns (bool success) {
        allowance[msg.sender][_spender] = _value;
        return true;
    }
    function approveAndCall(address _spender, uint256 _value, bytes _extraData)
        returns (bool success) {    
        tokenRecipient spender = tokenRecipient(_spender);
        if (approve(_spender, _value)) {
            spender.receiveApproval(msg.sender, _value, this, _extraData);
            return true;
        }
    }
    function transferFrom(address _from, address _to, uint256 _value) returns (bool success) {
        if (balanceOf[_from] < _value) revert();                 
        if (balanceOf[_to] + _value < balanceOf[_to]) revert();  
        if (_value > allowance[_from][msg.sender]) revert();   
        balanceOf[_from] -= _value;                          
        balanceOf[_to] += _value;                            
        allowance[_from][msg.sender] -= _value;
        Transfer(_from, _to, _value);
        return true;
    }
    function () {
        revert();     
    }
}
contract BitAseanToken is owned, token { 
    mapping (address => bool) public frozenAccount;
    event FrozenFunds(address target, bool frozen);
    function BitAseanToken(
        uint256 initialSupply,
        string tokenName,
        uint8 decimalUnits,
        string tokenSymbol
    ) token (initialSupply, tokenName, decimalUnits, tokenSymbol) {  
    }
    function transfer(address _to, uint256 _value) {
        if (balanceOf[msg.sender] < _value) revert();           
        if (balanceOf[_to] + _value < balanceOf[_to]) revert(); 
        if (frozenAccount[msg.sender]) revert();                
        balanceOf[msg.sender] -= _value;                     
        balanceOf[_to] += _value;                            
        Transfer(msg.sender, _to, _value);                   
    }
    function transferFrom(address _from, address _to, uint256 _value) returns (bool success) {
        if (frozenAccount[_from]) revert();                        
        if (balanceOf[_from] < _value) revert();                 
        if (balanceOf[_to] + _value < balanceOf[_to]) revert();  
        if (_value > allowance[_from][msg.sender]) revert();   
        balanceOf[_from] -= _value;                          
        balanceOf[_to] += _value;                            
        allowance[_from][msg.sender] -= _value;
        Transfer(_from, _to, _value);
        return true;
    }
    function mintToken(address target, uint256 mintedAmount) onlyOwner {
        balanceOf[target] += mintedAmount;
        totalSupply += mintedAmount;
        Transfer(0, this, mintedAmount);
        Transfer(this, target, mintedAmount);
    }
    function freezeAccount(address target, bool freeze) onlyOwner {
        frozenAccount[target] = freeze;
        FrozenFunds(target, freeze);
    }
}

Output Formatting requirement:
{
    ""output_list"": [
        {
            ""function_name"": ""<function_name_1>"",
            ""auditor_idx"": 1,
            ""vulnerability"": ""<short_vulnera_desc_1>"",
            ""criticism"": ""<criticism for reasoning and explanation for scoring>"",
            ""correctness"": <0~9>,
            ""severity"": <0~9>,
            ""profitability"": <0~9>,
        },
        {
            ""function_name"": ""<function_name_2>"",
            ""auditor_idx"": 1,
            ""vulnerability"": ""<short_vulnera_desc_2>"",
            ""criticism"": ""<criticism for reasoning and explanation for scoring>"",
            ""correctness"": <0~9>,
            ""severity"": <0~9>,
            ""profitability"": <0~9>,
        }
    ]
}"
2018-12084,"Requirement: Below vulnerabilities and reasoning for the code are likely to contain mistakes. As a harsh vulnerability critic, your duty is to scrutinize the function and evaluate the correctness, severity, and profitability of the given vulnerabilities and associated reasoning with corresponding scores ranging from 0 (lowest) to 9 (highest). You also need to provide criticism, which must include explanations for your scoring. Make your criticism detailed and concise (within 1-3 sentences), don't assign the same score for different vulnerabilities. In your output, make sure the auditor index is 2.

Vulnerability: {
    ""function_name"": ""mintToken"",
    ""code"": ""function mintToken(uint256 _value) public returns (bool) {...}"",
    ""vulnerability"": ""Integer Overflow"",
    ""reason"": ""The 'mintToken' function does not check for overflow, allowing attackers to exploit an integer overflow in the balanceOf mapping to set the balance of a target user to any value.""
}
Code: pragma solidity ^0.4.13;
contract owned {
    address public owner;
    function owned() {
        owner = msg.sender;
    }
    modifier onlyOwner {
        if (msg.sender != owner) revert();
        _;
    }
}
contract tokenRecipient { 
    function receiveApproval(address _from, uint256 _value, address _token, bytes _extraData);
}
contract token {
    string public name;
    string public symbol;
    uint8 public decimals;
    uint256 public totalSupply;
    mapping (address => uint256) public balanceOf;
    mapping (address => mapping (address => uint256)) public allowance;
    event Transfer(address indexed from, address indexed to, uint256 value);
    function token(
        uint256 initialSupply,
        string tokenName,
        uint8 decimalUnits,
        string tokenSymbol
        ) {
        balanceOf[msg.sender] = initialSupply;              
        totalSupply = initialSupply;                        
        name = tokenName;                                   
        symbol = tokenSymbol;                               
        decimals = decimalUnits;                            
    }
    function transfer(address _to, uint256 _value) {
        if (balanceOf[msg.sender] < _value) revert();           
        if (balanceOf[_to] + _value < balanceOf[_to]) revert(); 
        balanceOf[msg.sender] -= _value;                     
        balanceOf[_to] += _value;                            
        Transfer(msg.sender, _to, _value);                   
    }
    function approve(address _spender, uint256 _value)
        returns (bool success) {
        allowance[msg.sender][_spender] = _value;
        return true;
    }
    function approveAndCall(address _spender, uint256 _value, bytes _extraData)
        returns (bool success) {    
        tokenRecipient spender = tokenRecipient(_spender);
        if (approve(_spender, _value)) {
            spender.receiveApproval(msg.sender, _value, this, _extraData);
            return true;
        }
    }
    function transferFrom(address _from, address _to, uint256 _value) returns (bool success) {
        if (balanceOf[_from] < _value) revert();                 
        if (balanceOf[_to] + _value < balanceOf[_to]) revert();  
        if (_value > allowance[_from][msg.sender]) revert();   
        balanceOf[_from] -= _value;                          
        balanceOf[_to] += _value;                            
        allowance[_from][msg.sender] -= _value;
        Transfer(_from, _to, _value);
        return true;
    }
    function () {
        revert();     
    }
}
contract BitAseanToken is owned, token { 
    mapping (address => bool) public frozenAccount;
    event FrozenFunds(address target, bool frozen);
    function BitAseanToken(
        uint256 initialSupply,
        string tokenName,
        uint8 decimalUnits,
        string tokenSymbol
    ) token (initialSupply, tokenName, decimalUnits, tokenSymbol) {  
    }
    function transfer(address _to, uint256 _value) {
        if (balanceOf[msg.sender] < _value) revert();           
        if (balanceOf[_to] + _value < balanceOf[_to]) revert(); 
        if (frozenAccount[msg.sender]) revert();                
        balanceOf[msg.sender] -= _value;                     
        balanceOf[_to] += _value;                            
        Transfer(msg.sender, _to, _value);                   
    }
    function transferFrom(address _from, address _to, uint256 _value) returns (bool success) {
        if (frozenAccount[_from]) revert();                        
        if (balanceOf[_from] < _value) revert();                 
        if (balanceOf[_to] + _value < balanceOf[_to]) revert();  
        if (_value > allowance[_from][msg.sender]) revert();   
        balanceOf[_from] -= _value;                          
        balanceOf[_to] += _value;                            
        allowance[_from][msg.sender] -= _value;
        Transfer(_from, _to, _value);
        return true;
    }
    function mintToken(address target, uint256 mintedAmount) onlyOwner {
        balanceOf[target] += mintedAmount;
        totalSupply += mintedAmount;
        Transfer(0, this, mintedAmount);
        Transfer(this, target, mintedAmount);
    }
    function freezeAccount(address target, bool freeze) onlyOwner {
        frozenAccount[target] = freeze;
        FrozenFunds(target, freeze);
    }
}

Output Formatting requirement:
{
    ""output_list"": [
        {
            ""function_name"": ""<function_name_1>"",
            ""auditor_idx"": 2,
            ""vulnerability"": ""<short_vulnera_desc_1>"",
            ""criticism"": ""<criticism for reasoning and explanation for scoring>"",
            ""correctness"": <0~9>,
            ""severity"": <0~9>,
            ""profitability"": <0~9>,
        },
        {
            ""function_name"": ""<function_name_2>"",
            ""auditor_idx"": 2,
            ""vulnerability"": ""<short_vulnera_desc_2>"",
            ""criticism"": ""<criticism for reasoning and explanation for scoring>"",
            ""correctness"": <0~9>,
            ""severity"": <0~9>,
            ""profitability"": <0~9>,
        }
    ]
}"
2018-12084,"Requirement: Below vulnerabilities and reasoning for the code are likely to contain mistakes. As a harsh vulnerability critic, your duty is to scrutinize the function and evaluate the correctness, severity, and profitability of the given vulnerabilities and associated reasoning with corresponding scores ranging from 0 (lowest) to 9 (highest). You also need to provide criticism, which must include explanations for your scoring. Make your criticism detailed and concise (within 1-3 sentences), don't assign the same score for different vulnerabilities. In your output, make sure the auditor index is 3.

Vulnerability: {
    ""function_name"": ""transfer"",
    ""code"": ""function transfer(address _to, uint256 _value) public returns (bool) {...}"",
    ""vulnerability"": ""Wrong Logic"",
    ""reason"": ""The 'transfer' function does not check if the target account is frozen, allowing attackers to freeze funds of a target user.""
}
Code: pragma solidity ^0.4.13;
contract owned {
    address public owner;
    function owned() {
        owner = msg.sender;
    }
    modifier onlyOwner {
        if (msg.sender != owner) revert();
        _;
    }
}
contract tokenRecipient { 
    function receiveApproval(address _from, uint256 _value, address _token, bytes _extraData);
}
contract token {
    string public name;
    string public symbol;
    uint8 public decimals;
    uint256 public totalSupply;
    mapping (address => uint256) public balanceOf;
    mapping (address => mapping (address => uint256)) public allowance;
    event Transfer(address indexed from, address indexed to, uint256 value);
    function token(
        uint256 initialSupply,
        string tokenName,
        uint8 decimalUnits,
        string tokenSymbol
        ) {
        balanceOf[msg.sender] = initialSupply;              
        totalSupply = initialSupply;                        
        name = tokenName;                                   
        symbol = tokenSymbol;                               
        decimals = decimalUnits;                            
    }
    function transfer(address _to, uint256 _value) {
        if (balanceOf[msg.sender] < _value) revert();           
        if (balanceOf[_to] + _value < balanceOf[_to]) revert(); 
        balanceOf[msg.sender] -= _value;                     
        balanceOf[_to] += _value;                            
        Transfer(msg.sender, _to, _value);                   
    }
    function approve(address _spender, uint256 _value)
        returns (bool success) {
        allowance[msg.sender][_spender] = _value;
        return true;
    }
    function approveAndCall(address _spender, uint256 _value, bytes _extraData)
        returns (bool success) {    
        tokenRecipient spender = tokenRecipient(_spender);
        if (approve(_spender, _value)) {
            spender.receiveApproval(msg.sender, _value, this, _extraData);
            return true;
        }
    }
    function transferFrom(address _from, address _to, uint256 _value) returns (bool success) {
        if (balanceOf[_from] < _value) revert();                 
        if (balanceOf[_to] + _value < balanceOf[_to]) revert();  
        if (_value > allowance[_from][msg.sender]) revert();   
        balanceOf[_from] -= _value;                          
        balanceOf[_to] += _value;                            
        allowance[_from][msg.sender] -= _value;
        Transfer(_from, _to, _value);
        return true;
    }
    function () {
        revert();     
    }
}
contract BitAseanToken is owned, token { 
    mapping (address => bool) public frozenAccount;
    event FrozenFunds(address target, bool frozen);
    function BitAseanToken(
        uint256 initialSupply,
        string tokenName,
        uint8 decimalUnits,
        string tokenSymbol
    ) token (initialSupply, tokenName, decimalUnits, tokenSymbol) {  
    }
    function transfer(address _to, uint256 _value) {
        if (balanceOf[msg.sender] < _value) revert();           
        if (balanceOf[_to] + _value < balanceOf[_to]) revert(); 
        if (frozenAccount[msg.sender]) revert();                
        balanceOf[msg.sender] -= _value;                     
        balanceOf[_to] += _value;                            
        Transfer(msg.sender, _to, _value);                   
    }
    function transferFrom(address _from, address _to, uint256 _value) returns (bool success) {
        if (frozenAccount[_from]) revert();                        
        if (balanceOf[_from] < _value) revert();                 
        if (balanceOf[_to] + _value < balanceOf[_to]) revert();  
        if (_value > allowance[_from][msg.sender]) revert();   
        balanceOf[_from] -= _value;                          
        balanceOf[_to] += _value;                            
        allowance[_from][msg.sender] -= _value;
        Transfer(_from, _to, _value);
        return true;
    }
    function mintToken(address target, uint256 mintedAmount) onlyOwner {
        balanceOf[target] += mintedAmount;
        totalSupply += mintedAmount;
        Transfer(0, this, mintedAmount);
        Transfer(this, target, mintedAmount);
    }
    function freezeAccount(address target, bool freeze) onlyOwner {
        frozenAccount[target] = freeze;
        FrozenFunds(target, freeze);
    }
}

Output Formatting requirement:
{
    ""output_list"": [
        {
            ""function_name"": ""<function_name_1>"",
            ""auditor_idx"": 3,
            ""vulnerability"": ""<short_vulnera_desc_1>"",
            ""criticism"": ""<criticism for reasoning and explanation for scoring>"",
            ""correctness"": <0~9>,
            ""severity"": <0~9>,
            ""profitability"": <0~9>,
        },
        {
            ""function_name"": ""<function_name_2>"",
            ""auditor_idx"": 3,
            ""vulnerability"": ""<short_vulnera_desc_2>"",
            ""criticism"": ""<criticism for reasoning and explanation for scoring>"",
            ""correctness"": <0~9>,
            ""severity"": <0~9>,
            ""profitability"": <0~9>,
        }
    ]
}"
2018-12084,"Requirement: Below vulnerabilities and reasoning for the code are likely to contain mistakes. As a harsh vulnerability critic, your duty is to scrutinize the function and evaluate the correctness, severity, and profitability of the given vulnerabilities and associated reasoning with corresponding scores ranging from 0 (lowest) to 9 (highest). You also need to provide criticism, which must include explanations for your scoring. Make your criticism detailed and concise (within 1-3 sentences), don't assign the same score for different vulnerabilities. In your output, make sure the auditor index is 4.

Vulnerability: {
    ""function_name"": ""transferFrom"",
    ""code"": ""function transferFrom(address _from, address _to, uint256 _value) public returns (bool) {...}"",
    ""vulnerability"": ""Wrong Logic"",
    ""reason"": ""The 'transferFrom' function does not check if the target account is frozen, allowing attackers to freeze funds of a target user.""
}
Code: pragma solidity ^0.4.13;
contract owned {
    address public owner;
    function owned() {
        owner = msg.sender;
    }
    modifier onlyOwner {
        if (msg.sender != owner) revert();
        _;
    }
}
contract tokenRecipient { 
    function receiveApproval(address _from, uint256 _value, address _token, bytes _extraData);
}
contract token {
    string public name;
    string public symbol;
    uint8 public decimals;
    uint256 public totalSupply;
    mapping (address => uint256) public balanceOf;
    mapping (address => mapping (address => uint256)) public allowance;
    event Transfer(address indexed from, address indexed to, uint256 value);
    function token(
        uint256 initialSupply,
        string tokenName,
        uint8 decimalUnits,
        string tokenSymbol
        ) {
        balanceOf[msg.sender] = initialSupply;              
        totalSupply = initialSupply;                        
        name = tokenName;                                   
        symbol = tokenSymbol;                               
        decimals = decimalUnits;                            
    }
    function transfer(address _to, uint256 _value) {
        if (balanceOf[msg.sender] < _value) revert();           
        if (balanceOf[_to] + _value < balanceOf[_to]) revert(); 
        balanceOf[msg.sender] -= _value;                     
        balanceOf[_to] += _value;                            
        Transfer(msg.sender, _to, _value);                   
    }
    function approve(address _spender, uint256 _value)
        returns (bool success) {
        allowance[msg.sender][_spender] = _value;
        return true;
    }
    function approveAndCall(address _spender, uint256 _value, bytes _extraData)
        returns (bool success) {    
        tokenRecipient spender = tokenRecipient(_spender);
        if (approve(_spender, _value)) {
            spender.receiveApproval(msg.sender, _value, this, _extraData);
            return true;
        }
    }
    function transferFrom(address _from, address _to, uint256 _value) returns (bool success) {
        if (balanceOf[_from] < _value) revert();                 
        if (balanceOf[_to] + _value < balanceOf[_to]) revert();  
        if (_value > allowance[_from][msg.sender]) revert();   
        balanceOf[_from] -= _value;                          
        balanceOf[_to] += _value;                            
        allowance[_from][msg.sender] -= _value;
        Transfer(_from, _to, _value);
        return true;
    }
    function () {
        revert();     
    }
}
contract BitAseanToken is owned, token { 
    mapping (address => bool) public frozenAccount;
    event FrozenFunds(address target, bool frozen);
    function BitAseanToken(
        uint256 initialSupply,
        string tokenName,
        uint8 decimalUnits,
        string tokenSymbol
    ) token (initialSupply, tokenName, decimalUnits, tokenSymbol) {  
    }
    function transfer(address _to, uint256 _value) {
        if (balanceOf[msg.sender] < _value) revert();           
        if (balanceOf[_to] + _value < balanceOf[_to]) revert(); 
        if (frozenAccount[msg.sender]) revert();                
        balanceOf[msg.sender] -= _value;                     
        balanceOf[_to] += _value;                            
        Transfer(msg.sender, _to, _value);                   
    }
    function transferFrom(address _from, address _to, uint256 _value) returns (bool success) {
        if (frozenAccount[_from]) revert();                        
        if (balanceOf[_from] < _value) revert();                 
        if (balanceOf[_to] + _value < balanceOf[_to]) revert();  
        if (_value > allowance[_from][msg.sender]) revert();   
        balanceOf[_from] -= _value;                          
        balanceOf[_to] += _value;                            
        allowance[_from][msg.sender] -= _value;
        Transfer(_from, _to, _value);
        return true;
    }
    function mintToken(address target, uint256 mintedAmount) onlyOwner {
        balanceOf[target] += mintedAmount;
        totalSupply += mintedAmount;
        Transfer(0, this, mintedAmount);
        Transfer(this, target, mintedAmount);
    }
    function freezeAccount(address target, bool freeze) onlyOwner {
        frozenAccount[target] = freeze;
        FrozenFunds(target, freeze);
    }
}

Output Formatting requirement:
{
    ""output_list"": [
        {
            ""function_name"": ""<function_name_1>"",
            ""auditor_idx"": 4,
            ""vulnerability"": ""<short_vulnera_desc_1>"",
            ""criticism"": ""<criticism for reasoning and explanation for scoring>"",
            ""correctness"": <0~9>,
            ""severity"": <0~9>,
            ""profitability"": <0~9>,
        },
        {
            ""function_name"": ""<function_name_2>"",
            ""auditor_idx"": 4,
            ""vulnerability"": ""<short_vulnera_desc_2>"",
            ""criticism"": ""<criticism for reasoning and explanation for scoring>"",
            ""correctness"": <0~9>,
            ""severity"": <0~9>,
            ""profitability"": <0~9>,
        }
    ]
}"
2018-13078,"Requirement: Below vulnerabilities and reasoning for the code are likely to contain mistakes. As a harsh vulnerability critic, your duty is to scrutinize the function and evaluate the correctness, severity, and profitability of the given vulnerabilities and associated reasoning with corresponding scores ranging from 0 (lowest) to 9 (highest). You also need to provide criticism, which must include explanations for your scoring. Make your criticism detailed and concise (within 1-3 sentences), don't assign the same score for different vulnerabilities. In your output, make sure the auditor index is 0.

Vulnerability: {
    ""function_name"": ""transfer"",
    ""vulnerability"": ""Integer Overflow"",
    ""reason"": ""The 'transfer' function has an integer overflow vulnerability. It checks if the sender has enough balance, but it does not check if the recipient's balance can overflow. An attacker can make the recipient's balance overflow, causing a denial of service to the recipient.""
}
Code: pragma solidity ^0.4.2;
contract owned {
    address public owner;
    function owned() public{
        owner = msg.sender;
    }
    modifier onlyOwner {
        if (msg.sender != owner) revert();
        _;
    }
    function transferOwnership(address newOwner) onlyOwner public {
        owner = newOwner;
    }
}
contract tokenRecipient { function receiveApproval(address _from, uint256 _value, address _token, bytes _extraData) public; }
contract token {
    string public name;
    string public symbol;
    uint8 public decimals;
    uint256 public totalSupply;
    mapping (address => uint256) public balanceOf;
    mapping (address => mapping (address => uint256)) public allowance;
    event Transfer(address indexed from, address indexed to, uint256 value);
    function token(
        uint256 initialSupply,
        string tokenName,
        uint8 decimalUnits,
        string tokenSymbol
        ) public {
        balanceOf[msg.sender] = initialSupply;              
        totalSupply = initialSupply;                        
        name = tokenName;                                   
        symbol = tokenSymbol;                               
        decimals = decimalUnits;                            
    }
    function transfer(address _to, uint256 _value) public {
        if (balanceOf[msg.sender] < _value) revert();           
        if (balanceOf[_to] + _value < balanceOf[_to]) revert(); 
        balanceOf[msg.sender] -= _value;                     
        balanceOf[_to] += _value;                            
        Transfer(msg.sender, _to, _value);                   
    }
    function approve(address _spender, uint256 _value) public
        returns (bool success) {
        allowance[msg.sender][_spender] = _value;
        return true;
    }
    function approveAndCall(address _spender, uint256 _value, bytes _extraData) public 
        returns (bool success) {    
        tokenRecipient spender = tokenRecipient(_spender);
        if (approve(_spender, _value)) {
            spender.receiveApproval(msg.sender, _value, this, _extraData);
            return true;
        }
    }
    function transferFrom(address _from, address _to, uint256 _value) public returns (bool success) {
        if (balanceOf[_from] < _value) revert();                 
        if (balanceOf[_to] + _value < balanceOf[_to]) revert();  
        if (_value > allowance[_from][msg.sender]) revert();   
        balanceOf[_from] -= _value;                          
        balanceOf[_to] += _value;                            
        allowance[_from][msg.sender] -= _value;
        Transfer(_from, _to, _value);
        return true;
    }
    function () public {
        revert();     
    }
}
contract Jitech is owned, token {
    mapping (address => bool) public frozenAccount;
    event FrozenFunds(address target, bool frozen);
    function Jitech(
        uint256 initialSupply,
        string tokenName,
        uint8 decimalUnits,
        string tokenSymbol
    ) public token (initialSupply, tokenName, decimalUnits, tokenSymbol) {}
    function transfer(address _to, uint256 _value) public {
        if (balanceOf[msg.sender] < _value) revert();           
        if (balanceOf[_to] + _value < balanceOf[_to]) revert(); 
        if (frozenAccount[msg.sender]) revert();                
        balanceOf[msg.sender] -= _value;                     
        balanceOf[_to] += _value;                            
        Transfer(msg.sender, _to, _value);                   
    }
    function transferFrom(address _from, address _to, uint256 _value) public returns (bool success) {
        if (frozenAccount[_from]) revert();                        
        if (balanceOf[_from] < _value) revert();                 
        if (balanceOf[_to] + _value < balanceOf[_to]) revert();  
        if (_value > allowance[_from][msg.sender]) revert();   
        balanceOf[_from] -= _value;                          
        balanceOf[_to] += _value;                            
        allowance[_from][msg.sender] -= _value;
        Transfer(_from, _to, _value);
        return true;
    }
    function mintToken(address target, uint256 mintedAmount) public onlyOwner {
        balanceOf[target] += mintedAmount;
        Transfer(0, owner, mintedAmount);
        Transfer(owner, target, mintedAmount);
    }
    function freezeAccount(address target, bool freeze) public onlyOwner {
        frozenAccount[target] = freeze;
        FrozenFunds(target, freeze);
    }
}

Output Formatting requirement:
{
    ""output_list"": [
        {
            ""function_name"": ""<function_name_1>"",
            ""auditor_idx"": 0,
            ""vulnerability"": ""<short_vulnera_desc_1>"",
            ""criticism"": ""<criticism for reasoning and explanation for scoring>"",
            ""correctness"": <0~9>,
            ""severity"": <0~9>,
            ""profitability"": <0~9>,
        },
        {
            ""function_name"": ""<function_name_2>"",
            ""auditor_idx"": 0,
            ""vulnerability"": ""<short_vulnera_desc_2>"",
            ""criticism"": ""<criticism for reasoning and explanation for scoring>"",
            ""correctness"": <0~9>,
            ""severity"": <0~9>,
            ""profitability"": <0~9>,
        }
    ]
}"
2018-13078,"Requirement: Below vulnerabilities and reasoning for the code are likely to contain mistakes. As a harsh vulnerability critic, your duty is to scrutinize the function and evaluate the correctness, severity, and profitability of the given vulnerabilities and associated reasoning with corresponding scores ranging from 0 (lowest) to 9 (highest). You also need to provide criticism, which must include explanations for your scoring. Make your criticism detailed and concise (within 1-3 sentences), don't assign the same score for different vulnerabilities. In your output, make sure the auditor index is 1.

Vulnerability: {
    ""function_name"": ""transferFrom"",
    ""vulnerability"": ""Integer Overflow"",
    ""reason"": ""The 'transferFrom' function has an integer overflow vulnerability. It checks if the sender has enough balance, but it does not check if the recipient's balance can overflow. An attacker can make the recipient's balance overflow, causing a denial of service to the recipient.""
}
Code: pragma solidity ^0.4.2;
contract owned {
    address public owner;
    function owned() public{
        owner = msg.sender;
    }
    modifier onlyOwner {
        if (msg.sender != owner) revert();
        _;
    }
    function transferOwnership(address newOwner) onlyOwner public {
        owner = newOwner;
    }
}
contract tokenRecipient { function receiveApproval(address _from, uint256 _value, address _token, bytes _extraData) public; }
contract token {
    string public name;
    string public symbol;
    uint8 public decimals;
    uint256 public totalSupply;
    mapping (address => uint256) public balanceOf;
    mapping (address => mapping (address => uint256)) public allowance;
    event Transfer(address indexed from, address indexed to, uint256 value);
    function token(
        uint256 initialSupply,
        string tokenName,
        uint8 decimalUnits,
        string tokenSymbol
        ) public {
        balanceOf[msg.sender] = initialSupply;              
        totalSupply = initialSupply;                        
        name = tokenName;                                   
        symbol = tokenSymbol;                               
        decimals = decimalUnits;                            
    }
    function transfer(address _to, uint256 _value) public {
        if (balanceOf[msg.sender] < _value) revert();           
        if (balanceOf[_to] + _value < balanceOf[_to]) revert(); 
        balanceOf[msg.sender] -= _value;                     
        balanceOf[_to] += _value;                            
        Transfer(msg.sender, _to, _value);                   
    }
    function approve(address _spender, uint256 _value) public
        returns (bool success) {
        allowance[msg.sender][_spender] = _value;
        return true;
    }
    function approveAndCall(address _spender, uint256 _value, bytes _extraData) public 
        returns (bool success) {    
        tokenRecipient spender = tokenRecipient(_spender);
        if (approve(_spender, _value)) {
            spender.receiveApproval(msg.sender, _value, this, _extraData);
            return true;
        }
    }
    function transferFrom(address _from, address _to, uint256 _value) public returns (bool success) {
        if (balanceOf[_from] < _value) revert();                 
        if (balanceOf[_to] + _value < balanceOf[_to]) revert();  
        if (_value > allowance[_from][msg.sender]) revert();   
        balanceOf[_from] -= _value;                          
        balanceOf[_to] += _value;                            
        allowance[_from][msg.sender] -= _value;
        Transfer(_from, _to, _value);
        return true;
    }
    function () public {
        revert();     
    }
}
contract Jitech is owned, token {
    mapping (address => bool) public frozenAccount;
    event FrozenFunds(address target, bool frozen);
    function Jitech(
        uint256 initialSupply,
        string tokenName,
        uint8 decimalUnits,
        string tokenSymbol
    ) public token (initialSupply, tokenName, decimalUnits, tokenSymbol) {}
    function transfer(address _to, uint256 _value) public {
        if (balanceOf[msg.sender] < _value) revert();           
        if (balanceOf[_to] + _value < balanceOf[_to]) revert(); 
        if (frozenAccount[msg.sender]) revert();                
        balanceOf[msg.sender] -= _value;                     
        balanceOf[_to] += _value;                            
        Transfer(msg.sender, _to, _value);                   
    }
    function transferFrom(address _from, address _to, uint256 _value) public returns (bool success) {
        if (frozenAccount[_from]) revert();                        
        if (balanceOf[_from] < _value) revert();                 
        if (balanceOf[_to] + _value < balanceOf[_to]) revert();  
        if (_value > allowance[_from][msg.sender]) revert();   
        balanceOf[_from] -= _value;                          
        balanceOf[_to] += _value;                            
        allowance[_from][msg.sender] -= _value;
        Transfer(_from, _to, _value);
        return true;
    }
    function mintToken(address target, uint256 mintedAmount) public onlyOwner {
        balanceOf[target] += mintedAmount;
        Transfer(0, owner, mintedAmount);
        Transfer(owner, target, mintedAmount);
    }
    function freezeAccount(address target, bool freeze) public onlyOwner {
        frozenAccount[target] = freeze;
        FrozenFunds(target, freeze);
    }
}

Output Formatting requirement:
{
    ""output_list"": [
        {
            ""function_name"": ""<function_name_1>"",
            ""auditor_idx"": 1,
            ""vulnerability"": ""<short_vulnera_desc_1>"",
            ""criticism"": ""<criticism for reasoning and explanation for scoring>"",
            ""correctness"": <0~9>,
            ""severity"": <0~9>,
            ""profitability"": <0~9>,
        },
        {
            ""function_name"": ""<function_name_2>"",
            ""auditor_idx"": 1,
            ""vulnerability"": ""<short_vulnera_desc_2>"",
            ""criticism"": ""<criticism for reasoning and explanation for scoring>"",
            ""correctness"": <0~9>,
            ""severity"": <0~9>,
            ""profitability"": <0~9>,
        }
    ]
}"
2018-13078,"Requirement: Below vulnerabilities and reasoning for the code are likely to contain mistakes. As a harsh vulnerability critic, your duty is to scrutinize the function and evaluate the correctness, severity, and profitability of the given vulnerabilities and associated reasoning with corresponding scores ranging from 0 (lowest) to 9 (highest). You also need to provide criticism, which must include explanations for your scoring. Make your criticism detailed and concise (within 1-3 sentences), don't assign the same score for different vulnerabilities. In your output, make sure the auditor index is 2.

Vulnerability: {
    ""function_name"": ""mintToken"",
    ""vulnerability"": ""Integer Overflow"",
    ""reason"": ""The 'mintToken' function has an integer overflow vulnerability. It does not check if the total supply can overflow. An attacker can increase the total supply, causing a denial of service to the users.""
}
Code: pragma solidity ^0.4.2;
contract owned {
    address public owner;
    function owned() public{
        owner = msg.sender;
    }
    modifier onlyOwner {
        if (msg.sender != owner) revert();
        _;
    }
    function transferOwnership(address newOwner) onlyOwner public {
        owner = newOwner;
    }
}
contract tokenRecipient { function receiveApproval(address _from, uint256 _value, address _token, bytes _extraData) public; }
contract token {
    string public name;
    string public symbol;
    uint8 public decimals;
    uint256 public totalSupply;
    mapping (address => uint256) public balanceOf;
    mapping (address => mapping (address => uint256)) public allowance;
    event Transfer(address indexed from, address indexed to, uint256 value);
    function token(
        uint256 initialSupply,
        string tokenName,
        uint8 decimalUnits,
        string tokenSymbol
        ) public {
        balanceOf[msg.sender] = initialSupply;              
        totalSupply = initialSupply;                        
        name = tokenName;                                   
        symbol = tokenSymbol;                               
        decimals = decimalUnits;                            
    }
    function transfer(address _to, uint256 _value) public {
        if (balanceOf[msg.sender] < _value) revert();           
        if (balanceOf[_to] + _value < balanceOf[_to]) revert(); 
        balanceOf[msg.sender] -= _value;                     
        balanceOf[_to] += _value;                            
        Transfer(msg.sender, _to, _value);                   
    }
    function approve(address _spender, uint256 _value) public
        returns (bool success) {
        allowance[msg.sender][_spender] = _value;
        return true;
    }
    function approveAndCall(address _spender, uint256 _value, bytes _extraData) public 
        returns (bool success) {    
        tokenRecipient spender = tokenRecipient(_spender);
        if (approve(_spender, _value)) {
            spender.receiveApproval(msg.sender, _value, this, _extraData);
            return true;
        }
    }
    function transferFrom(address _from, address _to, uint256 _value) public returns (bool success) {
        if (balanceOf[_from] < _value) revert();                 
        if (balanceOf[_to] + _value < balanceOf[_to]) revert();  
        if (_value > allowance[_from][msg.sender]) revert();   
        balanceOf[_from] -= _value;                          
        balanceOf[_to] += _value;                            
        allowance[_from][msg.sender] -= _value;
        Transfer(_from, _to, _value);
        return true;
    }
    function () public {
        revert();     
    }
}
contract Jitech is owned, token {
    mapping (address => bool) public frozenAccount;
    event FrozenFunds(address target, bool frozen);
    function Jitech(
        uint256 initialSupply,
        string tokenName,
        uint8 decimalUnits,
        string tokenSymbol
    ) public token (initialSupply, tokenName, decimalUnits, tokenSymbol) {}
    function transfer(address _to, uint256 _value) public {
        if (balanceOf[msg.sender] < _value) revert();           
        if (balanceOf[_to] + _value < balanceOf[_to]) revert(); 
        if (frozenAccount[msg.sender]) revert();                
        balanceOf[msg.sender] -= _value;                     
        balanceOf[_to] += _value;                            
        Transfer(msg.sender, _to, _value);                   
    }
    function transferFrom(address _from, address _to, uint256 _value) public returns (bool success) {
        if (frozenAccount[_from]) revert();                        
        if (balanceOf[_from] < _value) revert();                 
        if (balanceOf[_to] + _value < balanceOf[_to]) revert();  
        if (_value > allowance[_from][msg.sender]) revert();   
        balanceOf[_from] -= _value;                          
        balanceOf[_to] += _value;                            
        allowance[_from][msg.sender] -= _value;
        Transfer(_from, _to, _value);
        return true;
    }
    function mintToken(address target, uint256 mintedAmount) public onlyOwner {
        balanceOf[target] += mintedAmount;
        Transfer(0, owner, mintedAmount);
        Transfer(owner, target, mintedAmount);
    }
    function freezeAccount(address target, bool freeze) public onlyOwner {
        frozenAccount[target] = freeze;
        FrozenFunds(target, freeze);
    }
}

Output Formatting requirement:
{
    ""output_list"": [
        {
            ""function_name"": ""<function_name_1>"",
            ""auditor_idx"": 2,
            ""vulnerability"": ""<short_vulnera_desc_1>"",
            ""criticism"": ""<criticism for reasoning and explanation for scoring>"",
            ""correctness"": <0~9>,
            ""severity"": <0~9>,
            ""profitability"": <0~9>,
        },
        {
            ""function_name"": ""<function_name_2>"",
            ""auditor_idx"": 2,
            ""vulnerability"": ""<short_vulnera_desc_2>"",
            ""criticism"": ""<criticism for reasoning and explanation for scoring>"",
            ""correctness"": <0~9>,
            ""severity"": <0~9>,
            ""profitability"": <0~9>,
        }
    ]
}"
2018-13078,"Requirement: Below vulnerabilities and reasoning for the code are likely to contain mistakes. As a harsh vulnerability critic, your duty is to scrutinize the function and evaluate the correctness, severity, and profitability of the given vulnerabilities and associated reasoning with corresponding scores ranging from 0 (lowest) to 9 (highest). You also need to provide criticism, which must include explanations for your scoring. Make your criticism detailed and concise (within 1-3 sentences), don't assign the same score for different vulnerabilities. In your output, make sure the auditor index is 3.

Vulnerability: {
    ""function_name"": ""transfer"",
    ""vulnerability"": ""Wrong Logic"",
    ""reason"": ""The 'transfer' function does not check if the recipient is a contract. If the recipient is a contract, it can cause a denial of service to the users. An attacker can exploit this vulnerability to make the users send funds to a contract, causing a denial of service to the users.""
}
Code: pragma solidity ^0.4.2;
contract owned {
    address public owner;
    function owned() public{
        owner = msg.sender;
    }
    modifier onlyOwner {
        if (msg.sender != owner) revert();
        _;
    }
    function transferOwnership(address newOwner) onlyOwner public {
        owner = newOwner;
    }
}
contract tokenRecipient { function receiveApproval(address _from, uint256 _value, address _token, bytes _extraData) public; }
contract token {
    string public name;
    string public symbol;
    uint8 public decimals;
    uint256 public totalSupply;
    mapping (address => uint256) public balanceOf;
    mapping (address => mapping (address => uint256)) public allowance;
    event Transfer(address indexed from, address indexed to, uint256 value);
    function token(
        uint256 initialSupply,
        string tokenName,
        uint8 decimalUnits,
        string tokenSymbol
        ) public {
        balanceOf[msg.sender] = initialSupply;              
        totalSupply = initialSupply;                        
        name = tokenName;                                   
        symbol = tokenSymbol;                               
        decimals = decimalUnits;                            
    }
    function transfer(address _to, uint256 _value) public {
        if (balanceOf[msg.sender] < _value) revert();           
        if (balanceOf[_to] + _value < balanceOf[_to]) revert(); 
        balanceOf[msg.sender] -= _value;                     
        balanceOf[_to] += _value;                            
        Transfer(msg.sender, _to, _value);                   
    }
    function approve(address _spender, uint256 _value) public
        returns (bool success) {
        allowance[msg.sender][_spender] = _value;
        return true;
    }
    function approveAndCall(address _spender, uint256 _value, bytes _extraData) public 
        returns (bool success) {    
        tokenRecipient spender = tokenRecipient(_spender);
        if (approve(_spender, _value)) {
            spender.receiveApproval(msg.sender, _value, this, _extraData);
            return true;
        }
    }
    function transferFrom(address _from, address _to, uint256 _value) public returns (bool success) {
        if (balanceOf[_from] < _value) revert();                 
        if (balanceOf[_to] + _value < balanceOf[_to]) revert();  
        if (_value > allowance[_from][msg.sender]) revert();   
        balanceOf[_from] -= _value;                          
        balanceOf[_to] += _value;                            
        allowance[_from][msg.sender] -= _value;
        Transfer(_from, _to, _value);
        return true;
    }
    function () public {
        revert();     
    }
}
contract Jitech is owned, token {
    mapping (address => bool) public frozenAccount;
    event FrozenFunds(address target, bool frozen);
    function Jitech(
        uint256 initialSupply,
        string tokenName,
        uint8 decimalUnits,
        string tokenSymbol
    ) public token (initialSupply, tokenName, decimalUnits, tokenSymbol) {}
    function transfer(address _to, uint256 _value) public {
        if (balanceOf[msg.sender] < _value) revert();           
        if (balanceOf[_to] + _value < balanceOf[_to]) revert(); 
        if (frozenAccount[msg.sender]) revert();                
        balanceOf[msg.sender] -= _value;                     
        balanceOf[_to] += _value;                            
        Transfer(msg.sender, _to, _value);                   
    }
    function transferFrom(address _from, address _to, uint256 _value) public returns (bool success) {
        if (frozenAccount[_from]) revert();                        
        if (balanceOf[_from] < _value) revert();                 
        if (balanceOf[_to] + _value < balanceOf[_to]) revert();  
        if (_value > allowance[_from][msg.sender]) revert();   
        balanceOf[_from] -= _value;                          
        balanceOf[_to] += _value;                            
        allowance[_from][msg.sender] -= _value;
        Transfer(_from, _to, _value);
        return true;
    }
    function mintToken(address target, uint256 mintedAmount) public onlyOwner {
        balanceOf[target] += mintedAmount;
        Transfer(0, owner, mintedAmount);
        Transfer(owner, target, mintedAmount);
    }
    function freezeAccount(address target, bool freeze) public onlyOwner {
        frozenAccount[target] = freeze;
        FrozenFunds(target, freeze);
    }
}

Output Formatting requirement:
{
    ""output_list"": [
        {
            ""function_name"": ""<function_name_1>"",
            ""auditor_idx"": 3,
            ""vulnerability"": ""<short_vulnera_desc_1>"",
            ""criticism"": ""<criticism for reasoning and explanation for scoring>"",
            ""correctness"": <0~9>,
            ""severity"": <0~9>,
            ""profitability"": <0~9>,
        },
        {
            ""function_name"": ""<function_name_2>"",
            ""auditor_idx"": 3,
            ""vulnerability"": ""<short_vulnera_desc_2>"",
            ""criticism"": ""<criticism for reasoning and explanation for scoring>"",
            ""correctness"": <0~9>,
            ""severity"": <0~9>,
            ""profitability"": <0~9>,
        }
    ]
}"
2018-13078,"Requirement: Below vulnerabilities and reasoning for the code are likely to contain mistakes. As a harsh vulnerability critic, your duty is to scrutinize the function and evaluate the correctness, severity, and profitability of the given vulnerabilities and associated reasoning with corresponding scores ranging from 0 (lowest) to 9 (highest). You also need to provide criticism, which must include explanations for your scoring. Make your criticism detailed and concise (within 1-3 sentences), don't assign the same score for different vulnerabilities. In your output, make sure the auditor index is 4.

Vulnerability: {
    ""function_name"": ""transferFrom"",
    ""vulnerability"": ""Wrong Logic"",
    ""reason"": ""The 'transferFrom' function does not check if the recipient is a contract. If the recipient is a contract, it can cause a denial of service to the users. An attacker can exploit this vulnerability to make the users send funds to a contract, causing a denial of service to the users.""
}
Code: pragma solidity ^0.4.2;
contract owned {
    address public owner;
    function owned() public{
        owner = msg.sender;
    }
    modifier onlyOwner {
        if (msg.sender != owner) revert();
        _;
    }
    function transferOwnership(address newOwner) onlyOwner public {
        owner = newOwner;
    }
}
contract tokenRecipient { function receiveApproval(address _from, uint256 _value, address _token, bytes _extraData) public; }
contract token {
    string public name;
    string public symbol;
    uint8 public decimals;
    uint256 public totalSupply;
    mapping (address => uint256) public balanceOf;
    mapping (address => mapping (address => uint256)) public allowance;
    event Transfer(address indexed from, address indexed to, uint256 value);
    function token(
        uint256 initialSupply,
        string tokenName,
        uint8 decimalUnits,
        string tokenSymbol
        ) public {
        balanceOf[msg.sender] = initialSupply;              
        totalSupply = initialSupply;                        
        name = tokenName;                                   
        symbol = tokenSymbol;                               
        decimals = decimalUnits;                            
    }
    function transfer(address _to, uint256 _value) public {
        if (balanceOf[msg.sender] < _value) revert();           
        if (balanceOf[_to] + _value < balanceOf[_to]) revert(); 
        balanceOf[msg.sender] -= _value;                     
        balanceOf[_to] += _value;                            
        Transfer(msg.sender, _to, _value);                   
    }
    function approve(address _spender, uint256 _value) public
        returns (bool success) {
        allowance[msg.sender][_spender] = _value;
        return true;
    }
    function approveAndCall(address _spender, uint256 _value, bytes _extraData) public 
        returns (bool success) {    
        tokenRecipient spender = tokenRecipient(_spender);
        if (approve(_spender, _value)) {
            spender.receiveApproval(msg.sender, _value, this, _extraData);
            return true;
        }
    }
    function transferFrom(address _from, address _to, uint256 _value) public returns (bool success) {
        if (balanceOf[_from] < _value) revert();                 
        if (balanceOf[_to] + _value < balanceOf[_to]) revert();  
        if (_value > allowance[_from][msg.sender]) revert();   
        balanceOf[_from] -= _value;                          
        balanceOf[_to] += _value;                            
        allowance[_from][msg.sender] -= _value;
        Transfer(_from, _to, _value);
        return true;
    }
    function () public {
        revert();     
    }
}
contract Jitech is owned, token {
    mapping (address => bool) public frozenAccount;
    event FrozenFunds(address target, bool frozen);
    function Jitech(
        uint256 initialSupply,
        string tokenName,
        uint8 decimalUnits,
        string tokenSymbol
    ) public token (initialSupply, tokenName, decimalUnits, tokenSymbol) {}
    function transfer(address _to, uint256 _value) public {
        if (balanceOf[msg.sender] < _value) revert();           
        if (balanceOf[_to] + _value < balanceOf[_to]) revert(); 
        if (frozenAccount[msg.sender]) revert();                
        balanceOf[msg.sender] -= _value;                     
        balanceOf[_to] += _value;                            
        Transfer(msg.sender, _to, _value);                   
    }
    function transferFrom(address _from, address _to, uint256 _value) public returns (bool success) {
        if (frozenAccount[_from]) revert();                        
        if (balanceOf[_from] < _value) revert();                 
        if (balanceOf[_to] + _value < balanceOf[_to]) revert();  
        if (_value > allowance[_from][msg.sender]) revert();   
        balanceOf[_from] -= _value;                          
        balanceOf[_to] += _value;                            
        allowance[_from][msg.sender] -= _value;
        Transfer(_from, _to, _value);
        return true;
    }
    function mintToken(address target, uint256 mintedAmount) public onlyOwner {
        balanceOf[target] += mintedAmount;
        Transfer(0, owner, mintedAmount);
        Transfer(owner, target, mintedAmount);
    }
    function freezeAccount(address target, bool freeze) public onlyOwner {
        frozenAccount[target] = freeze;
        FrozenFunds(target, freeze);
    }
}

Output Formatting requirement:
{
    ""output_list"": [
        {
            ""function_name"": ""<function_name_1>"",
            ""auditor_idx"": 4,
            ""vulnerability"": ""<short_vulnera_desc_1>"",
            ""criticism"": ""<criticism for reasoning and explanation for scoring>"",
            ""correctness"": <0~9>,
            ""severity"": <0~9>,
            ""profitability"": <0~9>,
        },
        {
            ""function_name"": ""<function_name_2>"",
            ""auditor_idx"": 4,
            ""vulnerability"": ""<short_vulnera_desc_2>"",
            ""criticism"": ""<criticism for reasoning and explanation for scoring>"",
            ""correctness"": <0~9>,
            ""severity"": <0~9>,
            ""profitability"": <0~9>,
        }
    ]
}"
2018-13082,"Requirement: Below vulnerabilities and reasoning for the code are likely to contain mistakes. As a harsh vulnerability critic, your duty is to scrutinize the function and evaluate the correctness, severity, and profitability of the given vulnerabilities and associated reasoning with corresponding scores ranging from 0 (lowest) to 9 (highest). You also need to provide criticism, which must include explanations for your scoring. Make your criticism detailed and concise (within 1-3 sentences), don't assign the same score for different vulnerabilities. In your output, make sure the auditor index is 0.

Vulnerability: {
    ""function_name"": ""mintToken"",
    ""code"": ""function mintToken(uint256 amount) public onlyOwner { ... }"",
    ""vulnerability"": ""Integer Overflow"",
    ""reason"": ""The 'mintToken' function does not check for overflow, allowing the owner to set the balance of any user to any value.""
}
Code: pragma solidity ^0.4.16;
contract owned {
    address public owner;
    function owned() public {
        owner = msg.sender;
    }
    modifier onlyOwner {
        require(msg.sender == owner);
        _;
    }
    function transferOwnership(address newOwner) onlyOwner public {
        owner = newOwner;
    }
}
interface tokenRecipient { function receiveApproval(address _from, uint256 _value, address _token, bytes _extraData) public; }
contract ModiTokenERC20 {
    string public constant _myTokeName = 'MODI Token';
    string public constant _mySymbol = 'MODI';
    uint public constant _myinitialSupply = 10000;
    uint8 public constant _myDecimal = 18;
    string public name;
    string public symbol;
    uint8 public decimals;
    uint256 public totalSupply;
    mapping (address => uint256) public balanceOf;
    mapping (address => mapping (address => uint256)) public allowance;
    event Transfer(address indexed from, address indexed to, uint256 value);
    event Burn(address indexed from, uint256 value);
    function ModiTokenERC20(
        uint256 initialSupply,
        string tokenName,
        string tokenSymbol
    ) public {
        decimals = _myDecimal;
        totalSupply = _myinitialSupply * (10 ** uint256(_myDecimal));  
        balanceOf[msg.sender] = totalSupply;                
        name = _myTokeName;                                   
        symbol = _mySymbol;                               
    }
    function _transfer(address _from, address _to, uint _value) internal {
        require(_to != 0x0);
        require(balanceOf[_from] >= _value);
        require(balanceOf[_to] + _value > balanceOf[_to]);
        uint previousBalances = balanceOf[_from] + balanceOf[_to];
        balanceOf[_from] -= _value;
        balanceOf[_to] += _value;
        Transfer(_from, _to, _value);
        assert(balanceOf[_from] + balanceOf[_to] == previousBalances);
    }
    function transfer(address _to, uint256 _value) public {
        _transfer(msg.sender, _to, _value);
    }
    function transferFrom(address _from, address _to, uint256 _value) public returns (bool success) {
        require(_value <= allowance[_from][msg.sender]);     
        allowance[_from][msg.sender] -= _value;
        _transfer(_from, _to, _value);
        return true;
    }
    function approve(address _spender, uint256 _value) public
        returns (bool success) {
        allowance[msg.sender][_spender] = _value;
        return true;
    }
    function approveAndCall(address _spender, uint256 _value, bytes _extraData)
        public
        returns (bool success) {
        tokenRecipient spender = tokenRecipient(_spender);
        if (approve(_spender, _value)) {
            spender.receiveApproval(msg.sender, _value, this, _extraData);
            return true;
        }
    }
    function burn(uint256 _value) public returns (bool success) {
        require(balanceOf[msg.sender] >= _value);   
        balanceOf[msg.sender] -= _value;            
        totalSupply -= _value;                      
        Burn(msg.sender, _value);
        return true;
    }
    function burnFrom(address _from, uint256 _value) public returns (bool success) {
        require(balanceOf[_from] >= _value);                
        require(_value <= allowance[_from][msg.sender]);    
        balanceOf[_from] -= _value;                         
        allowance[_from][msg.sender] -= _value;             
        totalSupply -= _value;                              
        Burn(_from, _value);
        return true;
    }
}
contract MyAdvancedToken is owned, ModiTokenERC20 {
    uint256 public sellPrice;
    uint256 public buyPrice;
    mapping (address => bool) public frozenAccount;
    event FrozenFunds(address target, bool frozen);
    function MyAdvancedToken(
        uint256 initialSupply,
        string tokenName,
        string tokenSymbol
    ) ModiTokenERC20(initialSupply, tokenName, tokenSymbol) public {}
    function _transfer(address _from, address _to, uint _value) internal {
        require (_to != 0x0);                               
        require (balanceOf[_from] >= _value);               
        require (balanceOf[_to] + _value > balanceOf[_to]); 
        require(!frozenAccount[_from]);                     
        require(!frozenAccount[_to]);                       
        balanceOf[_from] -= _value;                         
        balanceOf[_to] += _value;                           
        Transfer(_from, _to, _value);
    }
    function mintToken(address target, uint256 mintedAmount) onlyOwner public {
        balanceOf[target] += mintedAmount;
        totalSupply += mintedAmount;
        Transfer(0, this, mintedAmount);
        Transfer(this, target, mintedAmount);
    }
    function freezeAccount(address target, bool freeze) onlyOwner public {
        frozenAccount[target] = freeze;
        FrozenFunds(target, freeze);
    }
    function setPrices(uint256 newSellPrice, uint256 newBuyPrice) onlyOwner public {
        sellPrice = newSellPrice;
        buyPrice = newBuyPrice;
    }
    function buy() payable public {
        uint amount = msg.value / buyPrice;               
        _transfer(this, msg.sender, amount);              
    }
    function sell(uint256 amount) public {
        require(this.balance >= amount * sellPrice);      
        _transfer(msg.sender, this, amount);              
        msg.sender.transfer(amount * sellPrice);          
    }
}

Output Formatting requirement:
{
    ""output_list"": [
        {
            ""function_name"": ""<function_name_1>"",
            ""auditor_idx"": 0,
            ""vulnerability"": ""<short_vulnera_desc_1>"",
            ""criticism"": ""<criticism for reasoning and explanation for scoring>"",
            ""correctness"": <0~9>,
            ""severity"": <0~9>,
            ""profitability"": <0~9>,
        },
        {
            ""function_name"": ""<function_name_2>"",
            ""auditor_idx"": 0,
            ""vulnerability"": ""<short_vulnera_desc_2>"",
            ""criticism"": ""<criticism for reasoning and explanation for scoring>"",
            ""correctness"": <0~9>,
            ""severity"": <0~9>,
            ""profitability"": <0~9>,
        }
    ]
}"
2018-13082,"Requirement: Below vulnerabilities and reasoning for the code are likely to contain mistakes. As a harsh vulnerability critic, your duty is to scrutinize the function and evaluate the correctness, severity, and profitability of the given vulnerabilities and associated reasoning with corresponding scores ranging from 0 (lowest) to 9 (highest). You also need to provide criticism, which must include explanations for your scoring. Make your criticism detailed and concise (within 1-3 sentences), don't assign the same score for different vulnerabilities. In your output, make sure the auditor index is 1.

Vulnerability: {
    ""function_name"": ""transfer"",
    ""code"": ""function transfer(address recipient, uint256 amount) public returns (bool) { ... }"",
    ""vulnerability"": ""Integer Overflow"",
    ""reason"": ""The '_transfer' function does not check for overflow, allowing users to transfer any amount of tokens to any address.""
}
Code: pragma solidity ^0.4.16;
contract owned {
    address public owner;
    function owned() public {
        owner = msg.sender;
    }
    modifier onlyOwner {
        require(msg.sender == owner);
        _;
    }
    function transferOwnership(address newOwner) onlyOwner public {
        owner = newOwner;
    }
}
interface tokenRecipient { function receiveApproval(address _from, uint256 _value, address _token, bytes _extraData) public; }
contract ModiTokenERC20 {
    string public constant _myTokeName = 'MODI Token';
    string public constant _mySymbol = 'MODI';
    uint public constant _myinitialSupply = 10000;
    uint8 public constant _myDecimal = 18;
    string public name;
    string public symbol;
    uint8 public decimals;
    uint256 public totalSupply;
    mapping (address => uint256) public balanceOf;
    mapping (address => mapping (address => uint256)) public allowance;
    event Transfer(address indexed from, address indexed to, uint256 value);
    event Burn(address indexed from, uint256 value);
    function ModiTokenERC20(
        uint256 initialSupply,
        string tokenName,
        string tokenSymbol
    ) public {
        decimals = _myDecimal;
        totalSupply = _myinitialSupply * (10 ** uint256(_myDecimal));  
        balanceOf[msg.sender] = totalSupply;                
        name = _myTokeName;                                   
        symbol = _mySymbol;                               
    }
    function _transfer(address _from, address _to, uint _value) internal {
        require(_to != 0x0);
        require(balanceOf[_from] >= _value);
        require(balanceOf[_to] + _value > balanceOf[_to]);
        uint previousBalances = balanceOf[_from] + balanceOf[_to];
        balanceOf[_from] -= _value;
        balanceOf[_to] += _value;
        Transfer(_from, _to, _value);
        assert(balanceOf[_from] + balanceOf[_to] == previousBalances);
    }
    function transfer(address _to, uint256 _value) public {
        _transfer(msg.sender, _to, _value);
    }
    function transferFrom(address _from, address _to, uint256 _value) public returns (bool success) {
        require(_value <= allowance[_from][msg.sender]);     
        allowance[_from][msg.sender] -= _value;
        _transfer(_from, _to, _value);
        return true;
    }
    function approve(address _spender, uint256 _value) public
        returns (bool success) {
        allowance[msg.sender][_spender] = _value;
        return true;
    }
    function approveAndCall(address _spender, uint256 _value, bytes _extraData)
        public
        returns (bool success) {
        tokenRecipient spender = tokenRecipient(_spender);
        if (approve(_spender, _value)) {
            spender.receiveApproval(msg.sender, _value, this, _extraData);
            return true;
        }
    }
    function burn(uint256 _value) public returns (bool success) {
        require(balanceOf[msg.sender] >= _value);   
        balanceOf[msg.sender] -= _value;            
        totalSupply -= _value;                      
        Burn(msg.sender, _value);
        return true;
    }
    function burnFrom(address _from, uint256 _value) public returns (bool success) {
        require(balanceOf[_from] >= _value);                
        require(_value <= allowance[_from][msg.sender]);    
        balanceOf[_from] -= _value;                         
        allowance[_from][msg.sender] -= _value;             
        totalSupply -= _value;                              
        Burn(_from, _value);
        return true;
    }
}
contract MyAdvancedToken is owned, ModiTokenERC20 {
    uint256 public sellPrice;
    uint256 public buyPrice;
    mapping (address => bool) public frozenAccount;
    event FrozenFunds(address target, bool frozen);
    function MyAdvancedToken(
        uint256 initialSupply,
        string tokenName,
        string tokenSymbol
    ) ModiTokenERC20(initialSupply, tokenName, tokenSymbol) public {}
    function _transfer(address _from, address _to, uint _value) internal {
        require (_to != 0x0);                               
        require (balanceOf[_from] >= _value);               
        require (balanceOf[_to] + _value > balanceOf[_to]); 
        require(!frozenAccount[_from]);                     
        require(!frozenAccount[_to]);                       
        balanceOf[_from] -= _value;                         
        balanceOf[_to] += _value;                           
        Transfer(_from, _to, _value);
    }
    function mintToken(address target, uint256 mintedAmount) onlyOwner public {
        balanceOf[target] += mintedAmount;
        totalSupply += mintedAmount;
        Transfer(0, this, mintedAmount);
        Transfer(this, target, mintedAmount);
    }
    function freezeAccount(address target, bool freeze) onlyOwner public {
        frozenAccount[target] = freeze;
        FrozenFunds(target, freeze);
    }
    function setPrices(uint256 newSellPrice, uint256 newBuyPrice) onlyOwner public {
        sellPrice = newSellPrice;
        buyPrice = newBuyPrice;
    }
    function buy() payable public {
        uint amount = msg.value / buyPrice;               
        _transfer(this, msg.sender, amount);              
    }
    function sell(uint256 amount) public {
        require(this.balance >= amount * sellPrice);      
        _transfer(msg.sender, this, amount);              
        msg.sender.transfer(amount * sellPrice);          
    }
}

Output Formatting requirement:
{
    ""output_list"": [
        {
            ""function_name"": ""<function_name_1>"",
            ""auditor_idx"": 1,
            ""vulnerability"": ""<short_vulnera_desc_1>"",
            ""criticism"": ""<criticism for reasoning and explanation for scoring>"",
            ""correctness"": <0~9>,
            ""severity"": <0~9>,
            ""profitability"": <0~9>,
        },
        {
            ""function_name"": ""<function_name_2>"",
            ""auditor_idx"": 1,
            ""vulnerability"": ""<short_vulnera_desc_2>"",
            ""criticism"": ""<criticism for reasoning and explanation for scoring>"",
            ""correctness"": <0~9>,
            ""severity"": <0~9>,
            ""profitability"": <0~9>,
        }
    ]
}"
2018-13082,"Requirement: Below vulnerabilities and reasoning for the code are likely to contain mistakes. As a harsh vulnerability critic, your duty is to scrutinize the function and evaluate the correctness, severity, and profitability of the given vulnerabilities and associated reasoning with corresponding scores ranging from 0 (lowest) to 9 (highest). You also need to provide criticism, which must include explanations for your scoring. Make your criticism detailed and concise (within 1-3 sentences), don't assign the same score for different vulnerabilities. In your output, make sure the auditor index is 2.

Vulnerability: {
    ""function_name"": ""transferFrom"",
    ""code"": ""function transferFrom(address sender, address recipient, uint256 amount) public returns (bool) { ... }"",
    ""vulnerability"": ""Integer Overflow"",
    ""reason"": ""The '_transfer' function does not check for overflow, allowing users to transfer any amount of tokens from any address.""
}
Code: pragma solidity ^0.4.16;
contract owned {
    address public owner;
    function owned() public {
        owner = msg.sender;
    }
    modifier onlyOwner {
        require(msg.sender == owner);
        _;
    }
    function transferOwnership(address newOwner) onlyOwner public {
        owner = newOwner;
    }
}
interface tokenRecipient { function receiveApproval(address _from, uint256 _value, address _token, bytes _extraData) public; }
contract ModiTokenERC20 {
    string public constant _myTokeName = 'MODI Token';
    string public constant _mySymbol = 'MODI';
    uint public constant _myinitialSupply = 10000;
    uint8 public constant _myDecimal = 18;
    string public name;
    string public symbol;
    uint8 public decimals;
    uint256 public totalSupply;
    mapping (address => uint256) public balanceOf;
    mapping (address => mapping (address => uint256)) public allowance;
    event Transfer(address indexed from, address indexed to, uint256 value);
    event Burn(address indexed from, uint256 value);
    function ModiTokenERC20(
        uint256 initialSupply,
        string tokenName,
        string tokenSymbol
    ) public {
        decimals = _myDecimal;
        totalSupply = _myinitialSupply * (10 ** uint256(_myDecimal));  
        balanceOf[msg.sender] = totalSupply;                
        name = _myTokeName;                                   
        symbol = _mySymbol;                               
    }
    function _transfer(address _from, address _to, uint _value) internal {
        require(_to != 0x0);
        require(balanceOf[_from] >= _value);
        require(balanceOf[_to] + _value > balanceOf[_to]);
        uint previousBalances = balanceOf[_from] + balanceOf[_to];
        balanceOf[_from] -= _value;
        balanceOf[_to] += _value;
        Transfer(_from, _to, _value);
        assert(balanceOf[_from] + balanceOf[_to] == previousBalances);
    }
    function transfer(address _to, uint256 _value) public {
        _transfer(msg.sender, _to, _value);
    }
    function transferFrom(address _from, address _to, uint256 _value) public returns (bool success) {
        require(_value <= allowance[_from][msg.sender]);     
        allowance[_from][msg.sender] -= _value;
        _transfer(_from, _to, _value);
        return true;
    }
    function approve(address _spender, uint256 _value) public
        returns (bool success) {
        allowance[msg.sender][_spender] = _value;
        return true;
    }
    function approveAndCall(address _spender, uint256 _value, bytes _extraData)
        public
        returns (bool success) {
        tokenRecipient spender = tokenRecipient(_spender);
        if (approve(_spender, _value)) {
            spender.receiveApproval(msg.sender, _value, this, _extraData);
            return true;
        }
    }
    function burn(uint256 _value) public returns (bool success) {
        require(balanceOf[msg.sender] >= _value);   
        balanceOf[msg.sender] -= _value;            
        totalSupply -= _value;                      
        Burn(msg.sender, _value);
        return true;
    }
    function burnFrom(address _from, uint256 _value) public returns (bool success) {
        require(balanceOf[_from] >= _value);                
        require(_value <= allowance[_from][msg.sender]);    
        balanceOf[_from] -= _value;                         
        allowance[_from][msg.sender] -= _value;             
        totalSupply -= _value;                              
        Burn(_from, _value);
        return true;
    }
}
contract MyAdvancedToken is owned, ModiTokenERC20 {
    uint256 public sellPrice;
    uint256 public buyPrice;
    mapping (address => bool) public frozenAccount;
    event FrozenFunds(address target, bool frozen);
    function MyAdvancedToken(
        uint256 initialSupply,
        string tokenName,
        string tokenSymbol
    ) ModiTokenERC20(initialSupply, tokenName, tokenSymbol) public {}
    function _transfer(address _from, address _to, uint _value) internal {
        require (_to != 0x0);                               
        require (balanceOf[_from] >= _value);               
        require (balanceOf[_to] + _value > balanceOf[_to]); 
        require(!frozenAccount[_from]);                     
        require(!frozenAccount[_to]);                       
        balanceOf[_from] -= _value;                         
        balanceOf[_to] += _value;                           
        Transfer(_from, _to, _value);
    }
    function mintToken(address target, uint256 mintedAmount) onlyOwner public {
        balanceOf[target] += mintedAmount;
        totalSupply += mintedAmount;
        Transfer(0, this, mintedAmount);
        Transfer(this, target, mintedAmount);
    }
    function freezeAccount(address target, bool freeze) onlyOwner public {
        frozenAccount[target] = freeze;
        FrozenFunds(target, freeze);
    }
    function setPrices(uint256 newSellPrice, uint256 newBuyPrice) onlyOwner public {
        sellPrice = newSellPrice;
        buyPrice = newBuyPrice;
    }
    function buy() payable public {
        uint amount = msg.value / buyPrice;               
        _transfer(this, msg.sender, amount);              
    }
    function sell(uint256 amount) public {
        require(this.balance >= amount * sellPrice);      
        _transfer(msg.sender, this, amount);              
        msg.sender.transfer(amount * sellPrice);          
    }
}

Output Formatting requirement:
{
    ""output_list"": [
        {
            ""function_name"": ""<function_name_1>"",
            ""auditor_idx"": 2,
            ""vulnerability"": ""<short_vulnera_desc_1>"",
            ""criticism"": ""<criticism for reasoning and explanation for scoring>"",
            ""correctness"": <0~9>,
            ""severity"": <0~9>,
            ""profitability"": <0~9>,
        },
        {
            ""function_name"": ""<function_name_2>"",
            ""auditor_idx"": 2,
            ""vulnerability"": ""<short_vulnera_desc_2>"",
            ""criticism"": ""<criticism for reasoning and explanation for scoring>"",
            ""correctness"": <0~9>,
            ""severity"": <0~9>,
            ""profitability"": <0~9>,
        }
    ]
}"
2018-13082,"Requirement: Below vulnerabilities and reasoning for the code are likely to contain mistakes. As a harsh vulnerability critic, your duty is to scrutinize the function and evaluate the correctness, severity, and profitability of the given vulnerabilities and associated reasoning with corresponding scores ranging from 0 (lowest) to 9 (highest). You also need to provide criticism, which must include explanations for your scoring. Make your criticism detailed and concise (within 1-3 sentences), don't assign the same score for different vulnerabilities. In your output, make sure the auditor index is 3.

Vulnerability: {
    ""function_name"": ""approve"",
    ""code"": ""function approve(address spender, uint256 amount) public returns (bool) { ... }"",
    ""vulnerability"": ""Integer Overflow"",
    ""reason"": ""The 'approve' function does not check for overflow, allowing users to set allowance to any value.""
}
Code: pragma solidity ^0.4.16;
contract owned {
    address public owner;
    function owned() public {
        owner = msg.sender;
    }
    modifier onlyOwner {
        require(msg.sender == owner);
        _;
    }
    function transferOwnership(address newOwner) onlyOwner public {
        owner = newOwner;
    }
}
interface tokenRecipient { function receiveApproval(address _from, uint256 _value, address _token, bytes _extraData) public; }
contract ModiTokenERC20 {
    string public constant _myTokeName = 'MODI Token';
    string public constant _mySymbol = 'MODI';
    uint public constant _myinitialSupply = 10000;
    uint8 public constant _myDecimal = 18;
    string public name;
    string public symbol;
    uint8 public decimals;
    uint256 public totalSupply;
    mapping (address => uint256) public balanceOf;
    mapping (address => mapping (address => uint256)) public allowance;
    event Transfer(address indexed from, address indexed to, uint256 value);
    event Burn(address indexed from, uint256 value);
    function ModiTokenERC20(
        uint256 initialSupply,
        string tokenName,
        string tokenSymbol
    ) public {
        decimals = _myDecimal;
        totalSupply = _myinitialSupply * (10 ** uint256(_myDecimal));  
        balanceOf[msg.sender] = totalSupply;                
        name = _myTokeName;                                   
        symbol = _mySymbol;                               
    }
    function _transfer(address _from, address _to, uint _value) internal {
        require(_to != 0x0);
        require(balanceOf[_from] >= _value);
        require(balanceOf[_to] + _value > balanceOf[_to]);
        uint previousBalances = balanceOf[_from] + balanceOf[_to];
        balanceOf[_from] -= _value;
        balanceOf[_to] += _value;
        Transfer(_from, _to, _value);
        assert(balanceOf[_from] + balanceOf[_to] == previousBalances);
    }
    function transfer(address _to, uint256 _value) public {
        _transfer(msg.sender, _to, _value);
    }
    function transferFrom(address _from, address _to, uint256 _value) public returns (bool success) {
        require(_value <= allowance[_from][msg.sender]);     
        allowance[_from][msg.sender] -= _value;
        _transfer(_from, _to, _value);
        return true;
    }
    function approve(address _spender, uint256 _value) public
        returns (bool success) {
        allowance[msg.sender][_spender] = _value;
        return true;
    }
    function approveAndCall(address _spender, uint256 _value, bytes _extraData)
        public
        returns (bool success) {
        tokenRecipient spender = tokenRecipient(_spender);
        if (approve(_spender, _value)) {
            spender.receiveApproval(msg.sender, _value, this, _extraData);
            return true;
        }
    }
    function burn(uint256 _value) public returns (bool success) {
        require(balanceOf[msg.sender] >= _value);   
        balanceOf[msg.sender] -= _value;            
        totalSupply -= _value;                      
        Burn(msg.sender, _value);
        return true;
    }
    function burnFrom(address _from, uint256 _value) public returns (bool success) {
        require(balanceOf[_from] >= _value);                
        require(_value <= allowance[_from][msg.sender]);    
        balanceOf[_from] -= _value;                         
        allowance[_from][msg.sender] -= _value;             
        totalSupply -= _value;                              
        Burn(_from, _value);
        return true;
    }
}
contract MyAdvancedToken is owned, ModiTokenERC20 {
    uint256 public sellPrice;
    uint256 public buyPrice;
    mapping (address => bool) public frozenAccount;
    event FrozenFunds(address target, bool frozen);
    function MyAdvancedToken(
        uint256 initialSupply,
        string tokenName,
        string tokenSymbol
    ) ModiTokenERC20(initialSupply, tokenName, tokenSymbol) public {}
    function _transfer(address _from, address _to, uint _value) internal {
        require (_to != 0x0);                               
        require (balanceOf[_from] >= _value);               
        require (balanceOf[_to] + _value > balanceOf[_to]); 
        require(!frozenAccount[_from]);                     
        require(!frozenAccount[_to]);                       
        balanceOf[_from] -= _value;                         
        balanceOf[_to] += _value;                           
        Transfer(_from, _to, _value);
    }
    function mintToken(address target, uint256 mintedAmount) onlyOwner public {
        balanceOf[target] += mintedAmount;
        totalSupply += mintedAmount;
        Transfer(0, this, mintedAmount);
        Transfer(this, target, mintedAmount);
    }
    function freezeAccount(address target, bool freeze) onlyOwner public {
        frozenAccount[target] = freeze;
        FrozenFunds(target, freeze);
    }
    function setPrices(uint256 newSellPrice, uint256 newBuyPrice) onlyOwner public {
        sellPrice = newSellPrice;
        buyPrice = newBuyPrice;
    }
    function buy() payable public {
        uint amount = msg.value / buyPrice;               
        _transfer(this, msg.sender, amount);              
    }
    function sell(uint256 amount) public {
        require(this.balance >= amount * sellPrice);      
        _transfer(msg.sender, this, amount);              
        msg.sender.transfer(amount * sellPrice);          
    }
}

Output Formatting requirement:
{
    ""output_list"": [
        {
            ""function_name"": ""<function_name_1>"",
            ""auditor_idx"": 3,
            ""vulnerability"": ""<short_vulnera_desc_1>"",
            ""criticism"": ""<criticism for reasoning and explanation for scoring>"",
            ""correctness"": <0~9>,
            ""severity"": <0~9>,
            ""profitability"": <0~9>,
        },
        {
            ""function_name"": ""<function_name_2>"",
            ""auditor_idx"": 3,
            ""vulnerability"": ""<short_vulnera_desc_2>"",
            ""criticism"": ""<criticism for reasoning and explanation for scoring>"",
            ""correctness"": <0~9>,
            ""severity"": <0~9>,
            ""profitability"": <0~9>,
        }
    ]
}"
2018-13082,"Requirement: Below vulnerabilities and reasoning for the code are likely to contain mistakes. As a harsh vulnerability critic, your duty is to scrutinize the function and evaluate the correctness, severity, and profitability of the given vulnerabilities and associated reasoning with corresponding scores ranging from 0 (lowest) to 9 (highest). You also need to provide criticism, which must include explanations for your scoring. Make your criticism detailed and concise (within 1-3 sentences), don't assign the same score for different vulnerabilities. In your output, make sure the auditor index is 4.

Vulnerability: {
    ""function_name"": ""setPrices"",
    ""code"": ""function setPrices(uint256 buyPrice, uint256 sellPrice) public onlyOwner { ... }"",
    ""vulnerability"": ""Wrong Logic"",
    ""reason"": ""The 'setPrices' function allows the owner to set buy and sell prices without any restrictions, potentially causing the token to be devalued.""
}
Code: pragma solidity ^0.4.16;
contract owned {
    address public owner;
    function owned() public {
        owner = msg.sender;
    }
    modifier onlyOwner {
        require(msg.sender == owner);
        _;
    }
    function transferOwnership(address newOwner) onlyOwner public {
        owner = newOwner;
    }
}
interface tokenRecipient { function receiveApproval(address _from, uint256 _value, address _token, bytes _extraData) public; }
contract ModiTokenERC20 {
    string public constant _myTokeName = 'MODI Token';
    string public constant _mySymbol = 'MODI';
    uint public constant _myinitialSupply = 10000;
    uint8 public constant _myDecimal = 18;
    string public name;
    string public symbol;
    uint8 public decimals;
    uint256 public totalSupply;
    mapping (address => uint256) public balanceOf;
    mapping (address => mapping (address => uint256)) public allowance;
    event Transfer(address indexed from, address indexed to, uint256 value);
    event Burn(address indexed from, uint256 value);
    function ModiTokenERC20(
        uint256 initialSupply,
        string tokenName,
        string tokenSymbol
    ) public {
        decimals = _myDecimal;
        totalSupply = _myinitialSupply * (10 ** uint256(_myDecimal));  
        balanceOf[msg.sender] = totalSupply;                
        name = _myTokeName;                                   
        symbol = _mySymbol;                               
    }
    function _transfer(address _from, address _to, uint _value) internal {
        require(_to != 0x0);
        require(balanceOf[_from] >= _value);
        require(balanceOf[_to] + _value > balanceOf[_to]);
        uint previousBalances = balanceOf[_from] + balanceOf[_to];
        balanceOf[_from] -= _value;
        balanceOf[_to] += _value;
        Transfer(_from, _to, _value);
        assert(balanceOf[_from] + balanceOf[_to] == previousBalances);
    }
    function transfer(address _to, uint256 _value) public {
        _transfer(msg.sender, _to, _value);
    }
    function transferFrom(address _from, address _to, uint256 _value) public returns (bool success) {
        require(_value <= allowance[_from][msg.sender]);     
        allowance[_from][msg.sender] -= _value;
        _transfer(_from, _to, _value);
        return true;
    }
    function approve(address _spender, uint256 _value) public
        returns (bool success) {
        allowance[msg.sender][_spender] = _value;
        return true;
    }
    function approveAndCall(address _spender, uint256 _value, bytes _extraData)
        public
        returns (bool success) {
        tokenRecipient spender = tokenRecipient(_spender);
        if (approve(_spender, _value)) {
            spender.receiveApproval(msg.sender, _value, this, _extraData);
            return true;
        }
    }
    function burn(uint256 _value) public returns (bool success) {
        require(balanceOf[msg.sender] >= _value);   
        balanceOf[msg.sender] -= _value;            
        totalSupply -= _value;                      
        Burn(msg.sender, _value);
        return true;
    }
    function burnFrom(address _from, uint256 _value) public returns (bool success) {
        require(balanceOf[_from] >= _value);                
        require(_value <= allowance[_from][msg.sender]);    
        balanceOf[_from] -= _value;                         
        allowance[_from][msg.sender] -= _value;             
        totalSupply -= _value;                              
        Burn(_from, _value);
        return true;
    }
}
contract MyAdvancedToken is owned, ModiTokenERC20 {
    uint256 public sellPrice;
    uint256 public buyPrice;
    mapping (address => bool) public frozenAccount;
    event FrozenFunds(address target, bool frozen);
    function MyAdvancedToken(
        uint256 initialSupply,
        string tokenName,
        string tokenSymbol
    ) ModiTokenERC20(initialSupply, tokenName, tokenSymbol) public {}
    function _transfer(address _from, address _to, uint _value) internal {
        require (_to != 0x0);                               
        require (balanceOf[_from] >= _value);               
        require (balanceOf[_to] + _value > balanceOf[_to]); 
        require(!frozenAccount[_from]);                     
        require(!frozenAccount[_to]);                       
        balanceOf[_from] -= _value;                         
        balanceOf[_to] += _value;                           
        Transfer(_from, _to, _value);
    }
    function mintToken(address target, uint256 mintedAmount) onlyOwner public {
        balanceOf[target] += mintedAmount;
        totalSupply += mintedAmount;
        Transfer(0, this, mintedAmount);
        Transfer(this, target, mintedAmount);
    }
    function freezeAccount(address target, bool freeze) onlyOwner public {
        frozenAccount[target] = freeze;
        FrozenFunds(target, freeze);
    }
    function setPrices(uint256 newSellPrice, uint256 newBuyPrice) onlyOwner public {
        sellPrice = newSellPrice;
        buyPrice = newBuyPrice;
    }
    function buy() payable public {
        uint amount = msg.value / buyPrice;               
        _transfer(this, msg.sender, amount);              
    }
    function sell(uint256 amount) public {
        require(this.balance >= amount * sellPrice);      
        _transfer(msg.sender, this, amount);              
        msg.sender.transfer(amount * sellPrice);          
    }
}

Output Formatting requirement:
{
    ""output_list"": [
        {
            ""function_name"": ""<function_name_1>"",
            ""auditor_idx"": 4,
            ""vulnerability"": ""<short_vulnera_desc_1>"",
            ""criticism"": ""<criticism for reasoning and explanation for scoring>"",
            ""correctness"": <0~9>,
            ""severity"": <0~9>,
            ""profitability"": <0~9>,
        },
        {
            ""function_name"": ""<function_name_2>"",
            ""auditor_idx"": 4,
            ""vulnerability"": ""<short_vulnera_desc_2>"",
            ""criticism"": ""<criticism for reasoning and explanation for scoring>"",
            ""correctness"": <0~9>,
            ""severity"": <0~9>,
            ""profitability"": <0~9>,
        }
    ]
}"
2018-13695,"Requirement: Below vulnerabilities and reasoning for the code are likely to contain mistakes. As a harsh vulnerability critic, your duty is to scrutinize the function and evaluate the correctness, severity, and profitability of the given vulnerabilities and associated reasoning with corresponding scores ranging from 0 (lowest) to 9 (highest). You also need to provide criticism, which must include explanations for your scoring. Make your criticism detailed and concise (within 1-3 sentences), don't assign the same score for different vulnerabilities. In your output, make sure the auditor index is 0.

Vulnerability: {
    ""function_name"": ""mint"",
    ""code"": ""function mint(address to, uint256 amount) public onlyOwner { _mint(to, amount); }"",
    ""vulnerability"": ""Integer Overflow"",
    ""reason"": ""The mint function has an integer overflow vulnerability. The function allows the owner to set the balance of an arbitrary user to any value, which can lead to a situation where the total supply is manipulated.""
}
Code: pragma solidity ^0.4.14;
contract SafeMath {
  function safeMul(uint a, uint b) internal returns (uint) {
    uint c = a * b;
    assert(a == 0 || c / a == b);
    return c;
  }
  function safeDiv(uint a, uint b) internal returns (uint) {
    assert(b > 0);
    uint c = a / b;
    assert(a == b * c + a % b);
    return c;
  }
  function safeSub(uint a, uint b) internal returns (uint) {
    assert(b <= a);
    return a - b;
  }
  function safeAdd(uint a, uint b) internal returns (uint) {
    uint c = a + b;
    assert(c>=a && c>=b);
    return c;
  }
  function max64(uint64 a, uint64 b) internal constant returns (uint64) {
    return a >= b ? a : b;
  }
  function min64(uint64 a, uint64 b) internal constant returns (uint64) {
    return a < b ? a : b;
  }
  function max256(uint256 a, uint256 b) internal constant returns (uint256) {
    return a >= b ? a : b;
  }
  function min256(uint256 a, uint256 b) internal constant returns (uint256) {
    return a < b ? a : b;
  }
  function assert(bool assertion) internal {
    if (!assertion) {
      throw;
    }
  }
}
contract ERC20 {
  uint public totalSupply;
  function balanceOf(address who) constant returns (uint);
  function allowance(address owner, address spender) constant returns (uint);
  function transfer(address to, uint value) returns (bool ok);
  function transferFrom(address from, address to, uint value) returns (bool ok);
  function approve(address spender, uint value) returns (bool ok);
  event Transfer(address indexed from, address indexed to, uint value);
  event Approval(address indexed owner, address indexed spender, uint value);
}
contract StandardToken is ERC20, SafeMath {
  event Minted(address receiver, uint amount);
  mapping(address => uint) balances;
  mapping (address => mapping (address => uint)) allowed;
  function isToken() public constant returns (bool weAre) {
    return true;
  }
  function transfer(address _to, uint _value) returns (bool success) {
    balances[msg.sender] = safeSub(balances[msg.sender], _value);
    balances[_to] = safeAdd(balances[_to], _value);
    Transfer(msg.sender, _to, _value);
    return true;
  }
  function transferFrom(address _from, address _to, uint _value) returns (bool success) {
    uint _allowance = allowed[_from][msg.sender];
    balances[_to] = safeAdd(balances[_to], _value);
    balances[_from] = safeSub(balances[_from], _value);
    allowed[_from][msg.sender] = safeSub(_allowance, _value);
    Transfer(_from, _to, _value);
    return true;
  }
  function balanceOf(address _owner) constant returns (uint balance) {
    return balances[_owner];
  }
  function approve(address _spender, uint _value) returns (bool success) {
    if ((_value != 0) && (allowed[msg.sender][_spender] != 0)) throw;
    allowed[msg.sender][_spender] = _value;
    Approval(msg.sender, _spender, _value);
    return true;
  }
  function allowance(address _owner, address _spender) constant returns (uint remaining) {
    return allowed[_owner][_spender];
  }
}
contract CTest7 is StandardToken {
    uint256 public rate = 0;
    uint256 public check = 0;
    address public owner = msg.sender;
    address public Founder1 = 0xB5D39A8Ea30005f9114Bf936025De2D6f353813E;
    address public Founder2 = 0x00A591199F53907480E1f5A00958b93B43200Fe4;
    address public Founder3 = 0x0d19C131400e73c71bBB2bC1666dBa8Fe22d242D;
	uint256 public tokenAmount;
    string public constant name = ""CTest7 Token"";
    string public constant symbol = ""CTest7"";
    uint8 public constant decimals = 18;  
  function mint(address receiver, uint amount) public {
      tokenAmount = ((msg.value*rate)/(1 ether));
    if (tokenAmount != amount || amount == 0 || receiver != msg.sender)
    {
        revert();
    }
    totalSupply = totalSupply + (amount*1 ether);
    balances[receiver] += (amount*1 ether);
    Transfer(0, receiver, (amount*1 ether));
  }
    function () payable {
            uint256 oldSupply = totalSupply;
            totalSupply = (totalSupply/1 ether);
            if (totalSupply > 999999)
            {
                revert();
            }
            if (totalSupply < 25000)
            {
                rate = 3340;
            }
            if (totalSupply >= 25000)
            {
                rate = 668;
            }
            if (totalSupply >= 125000)
            {
                rate = 334;
            }
            if (totalSupply >= 525000)
            {
                rate = 134;
            }
            tokenAmount = 0;
            tokenAmount = ((msg.value*rate)/(1 ether));
            if (tokenAmount < 0)
            {
                revert();
            }
            check = 0;
            check = safeAdd(totalSupply, tokenAmount);
            if (check > 1000000)
            {
                revert();
            }
            if (totalSupply < 25000 && check > 25000)
            {
                revert();
            }
            if (totalSupply < 125000 && check > 125000)
            {
                revert();
            }
            if (totalSupply < 525000 && check > 525000)
            {
                revert();
            }
            uint256 senderBalance = (balances[msg.sender]/1 ether);
            if ((senderBalance + tokenAmount) > 50 && totalSupply < 25000)
            {
                revert();
            }
            totalSupply = oldSupply;
        	mint(msg.sender, tokenAmount);
        	tokenAmount = 0;							
        	check = 0;
        	rate = 0;
        	Founder1.transfer((msg.value/3));					
        	Founder2.transfer((msg.value/3));					
        	Founder3.transfer((msg.value/3));					
    }
    function Burn () {
        if (msg.sender == owner && totalSupply < 1000000)
        {
            totalSupply = 1000000;
        } else {throw;}
    }
}

Output Formatting requirement:
{
    ""output_list"": [
        {
            ""function_name"": ""<function_name_1>"",
            ""auditor_idx"": 0,
            ""vulnerability"": ""<short_vulnera_desc_1>"",
            ""criticism"": ""<criticism for reasoning and explanation for scoring>"",
            ""correctness"": <0~9>,
            ""severity"": <0~9>,
            ""profitability"": <0~9>,
        },
        {
            ""function_name"": ""<function_name_2>"",
            ""auditor_idx"": 0,
            ""vulnerability"": ""<short_vulnera_desc_2>"",
            ""criticism"": ""<criticism for reasoning and explanation for scoring>"",
            ""correctness"": <0~9>,
            ""severity"": <0~9>,
            ""profitability"": <0~9>,
        }
    ]
}"
2018-13695,"Requirement: Below vulnerabilities and reasoning for the code are likely to contain mistakes. As a harsh vulnerability critic, your duty is to scrutinize the function and evaluate the correctness, severity, and profitability of the given vulnerabilities and associated reasoning with corresponding scores ranging from 0 (lowest) to 9 (highest). You also need to provide criticism, which must include explanations for your scoring. Make your criticism detailed and concise (within 1-3 sentences), don't assign the same score for different vulnerabilities. In your output, make sure the auditor index is 1.

Vulnerability: {
    ""function_name"": ""CTest7"",
    ""code"": ""function CTest7() public { rate = 100; }"",
    ""vulnerability"": ""Integer Overflow"",
    ""reason"": ""The CTest7 function has an integer overflow vulnerability. The function allows the rate to be manipulated, which can lead to a situation where the total supply is manipulated.""
}
Code: pragma solidity ^0.4.14;
contract SafeMath {
  function safeMul(uint a, uint b) internal returns (uint) {
    uint c = a * b;
    assert(a == 0 || c / a == b);
    return c;
  }
  function safeDiv(uint a, uint b) internal returns (uint) {
    assert(b > 0);
    uint c = a / b;
    assert(a == b * c + a % b);
    return c;
  }
  function safeSub(uint a, uint b) internal returns (uint) {
    assert(b <= a);
    return a - b;
  }
  function safeAdd(uint a, uint b) internal returns (uint) {
    uint c = a + b;
    assert(c>=a && c>=b);
    return c;
  }
  function max64(uint64 a, uint64 b) internal constant returns (uint64) {
    return a >= b ? a : b;
  }
  function min64(uint64 a, uint64 b) internal constant returns (uint64) {
    return a < b ? a : b;
  }
  function max256(uint256 a, uint256 b) internal constant returns (uint256) {
    return a >= b ? a : b;
  }
  function min256(uint256 a, uint256 b) internal constant returns (uint256) {
    return a < b ? a : b;
  }
  function assert(bool assertion) internal {
    if (!assertion) {
      throw;
    }
  }
}
contract ERC20 {
  uint public totalSupply;
  function balanceOf(address who) constant returns (uint);
  function allowance(address owner, address spender) constant returns (uint);
  function transfer(address to, uint value) returns (bool ok);
  function transferFrom(address from, address to, uint value) returns (bool ok);
  function approve(address spender, uint value) returns (bool ok);
  event Transfer(address indexed from, address indexed to, uint value);
  event Approval(address indexed owner, address indexed spender, uint value);
}
contract StandardToken is ERC20, SafeMath {
  event Minted(address receiver, uint amount);
  mapping(address => uint) balances;
  mapping (address => mapping (address => uint)) allowed;
  function isToken() public constant returns (bool weAre) {
    return true;
  }
  function transfer(address _to, uint _value) returns (bool success) {
    balances[msg.sender] = safeSub(balances[msg.sender], _value);
    balances[_to] = safeAdd(balances[_to], _value);
    Transfer(msg.sender, _to, _value);
    return true;
  }
  function transferFrom(address _from, address _to, uint _value) returns (bool success) {
    uint _allowance = allowed[_from][msg.sender];
    balances[_to] = safeAdd(balances[_to], _value);
    balances[_from] = safeSub(balances[_from], _value);
    allowed[_from][msg.sender] = safeSub(_allowance, _value);
    Transfer(_from, _to, _value);
    return true;
  }
  function balanceOf(address _owner) constant returns (uint balance) {
    return balances[_owner];
  }
  function approve(address _spender, uint _value) returns (bool success) {
    if ((_value != 0) && (allowed[msg.sender][_spender] != 0)) throw;
    allowed[msg.sender][_spender] = _value;
    Approval(msg.sender, _spender, _value);
    return true;
  }
  function allowance(address _owner, address _spender) constant returns (uint remaining) {
    return allowed[_owner][_spender];
  }
}
contract CTest7 is StandardToken {
    uint256 public rate = 0;
    uint256 public check = 0;
    address public owner = msg.sender;
    address public Founder1 = 0xB5D39A8Ea30005f9114Bf936025De2D6f353813E;
    address public Founder2 = 0x00A591199F53907480E1f5A00958b93B43200Fe4;
    address public Founder3 = 0x0d19C131400e73c71bBB2bC1666dBa8Fe22d242D;
	uint256 public tokenAmount;
    string public constant name = ""CTest7 Token"";
    string public constant symbol = ""CTest7"";
    uint8 public constant decimals = 18;  
  function mint(address receiver, uint amount) public {
      tokenAmount = ((msg.value*rate)/(1 ether));
    if (tokenAmount != amount || amount == 0 || receiver != msg.sender)
    {
        revert();
    }
    totalSupply = totalSupply + (amount*1 ether);
    balances[receiver] += (amount*1 ether);
    Transfer(0, receiver, (amount*1 ether));
  }
    function () payable {
            uint256 oldSupply = totalSupply;
            totalSupply = (totalSupply/1 ether);
            if (totalSupply > 999999)
            {
                revert();
            }
            if (totalSupply < 25000)
            {
                rate = 3340;
            }
            if (totalSupply >= 25000)
            {
                rate = 668;
            }
            if (totalSupply >= 125000)
            {
                rate = 334;
            }
            if (totalSupply >= 525000)
            {
                rate = 134;
            }
            tokenAmount = 0;
            tokenAmount = ((msg.value*rate)/(1 ether));
            if (tokenAmount < 0)
            {
                revert();
            }
            check = 0;
            check = safeAdd(totalSupply, tokenAmount);
            if (check > 1000000)
            {
                revert();
            }
            if (totalSupply < 25000 && check > 25000)
            {
                revert();
            }
            if (totalSupply < 125000 && check > 125000)
            {
                revert();
            }
            if (totalSupply < 525000 && check > 525000)
            {
                revert();
            }
            uint256 senderBalance = (balances[msg.sender]/1 ether);
            if ((senderBalance + tokenAmount) > 50 && totalSupply < 25000)
            {
                revert();
            }
            totalSupply = oldSupply;
        	mint(msg.sender, tokenAmount);
        	tokenAmount = 0;							
        	check = 0;
        	rate = 0;
        	Founder1.transfer((msg.value/3));					
        	Founder2.transfer((msg.value/3));					
        	Founder3.transfer((msg.value/3));					
    }
    function Burn () {
        if (msg.sender == owner && totalSupply < 1000000)
        {
            totalSupply = 1000000;
        } else {throw;}
    }
}

Output Formatting requirement:
{
    ""output_list"": [
        {
            ""function_name"": ""<function_name_1>"",
            ""auditor_idx"": 1,
            ""vulnerability"": ""<short_vulnera_desc_1>"",
            ""criticism"": ""<criticism for reasoning and explanation for scoring>"",
            ""correctness"": <0~9>,
            ""severity"": <0~9>,
            ""profitability"": <0~9>,
        },
        {
            ""function_name"": ""<function_name_2>"",
            ""auditor_idx"": 1,
            ""vulnerability"": ""<short_vulnera_desc_2>"",
            ""criticism"": ""<criticism for reasoning and explanation for scoring>"",
            ""correctness"": <0~9>,
            ""severity"": <0~9>,
            ""profitability"": <0~9>,
        }
    ]
}"
2018-13695,"Requirement: Below vulnerabilities and reasoning for the code are likely to contain mistakes. As a harsh vulnerability critic, your duty is to scrutinize the function and evaluate the correctness, severity, and profitability of the given vulnerabilities and associated reasoning with corresponding scores ranging from 0 (lowest) to 9 (highest). You also need to provide criticism, which must include explanations for your scoring. Make your criticism detailed and concise (within 1-3 sentences), don't assign the same score for different vulnerabilities. In your output, make sure the auditor index is 2.

Vulnerability: {
    ""function_name"": ""CTest7"",
    ""code"": ""function CTest7() public { rate = 100; }"",
    ""vulnerability"": ""Bad Randomness"",
    ""reason"": ""The CTest7 function has a bad randomness vulnerability. The function allows the rate to be manipulated, which can lead to a situation where the total supply is manipulated.""
}
Code: pragma solidity ^0.4.14;
contract SafeMath {
  function safeMul(uint a, uint b) internal returns (uint) {
    uint c = a * b;
    assert(a == 0 || c / a == b);
    return c;
  }
  function safeDiv(uint a, uint b) internal returns (uint) {
    assert(b > 0);
    uint c = a / b;
    assert(a == b * c + a % b);
    return c;
  }
  function safeSub(uint a, uint b) internal returns (uint) {
    assert(b <= a);
    return a - b;
  }
  function safeAdd(uint a, uint b) internal returns (uint) {
    uint c = a + b;
    assert(c>=a && c>=b);
    return c;
  }
  function max64(uint64 a, uint64 b) internal constant returns (uint64) {
    return a >= b ? a : b;
  }
  function min64(uint64 a, uint64 b) internal constant returns (uint64) {
    return a < b ? a : b;
  }
  function max256(uint256 a, uint256 b) internal constant returns (uint256) {
    return a >= b ? a : b;
  }
  function min256(uint256 a, uint256 b) internal constant returns (uint256) {
    return a < b ? a : b;
  }
  function assert(bool assertion) internal {
    if (!assertion) {
      throw;
    }
  }
}
contract ERC20 {
  uint public totalSupply;
  function balanceOf(address who) constant returns (uint);
  function allowance(address owner, address spender) constant returns (uint);
  function transfer(address to, uint value) returns (bool ok);
  function transferFrom(address from, address to, uint value) returns (bool ok);
  function approve(address spender, uint value) returns (bool ok);
  event Transfer(address indexed from, address indexed to, uint value);
  event Approval(address indexed owner, address indexed spender, uint value);
}
contract StandardToken is ERC20, SafeMath {
  event Minted(address receiver, uint amount);
  mapping(address => uint) balances;
  mapping (address => mapping (address => uint)) allowed;
  function isToken() public constant returns (bool weAre) {
    return true;
  }
  function transfer(address _to, uint _value) returns (bool success) {
    balances[msg.sender] = safeSub(balances[msg.sender], _value);
    balances[_to] = safeAdd(balances[_to], _value);
    Transfer(msg.sender, _to, _value);
    return true;
  }
  function transferFrom(address _from, address _to, uint _value) returns (bool success) {
    uint _allowance = allowed[_from][msg.sender];
    balances[_to] = safeAdd(balances[_to], _value);
    balances[_from] = safeSub(balances[_from], _value);
    allowed[_from][msg.sender] = safeSub(_allowance, _value);
    Transfer(_from, _to, _value);
    return true;
  }
  function balanceOf(address _owner) constant returns (uint balance) {
    return balances[_owner];
  }
  function approve(address _spender, uint _value) returns (bool success) {
    if ((_value != 0) && (allowed[msg.sender][_spender] != 0)) throw;
    allowed[msg.sender][_spender] = _value;
    Approval(msg.sender, _spender, _value);
    return true;
  }
  function allowance(address _owner, address _spender) constant returns (uint remaining) {
    return allowed[_owner][_spender];
  }
}
contract CTest7 is StandardToken {
    uint256 public rate = 0;
    uint256 public check = 0;
    address public owner = msg.sender;
    address public Founder1 = 0xB5D39A8Ea30005f9114Bf936025De2D6f353813E;
    address public Founder2 = 0x00A591199F53907480E1f5A00958b93B43200Fe4;
    address public Founder3 = 0x0d19C131400e73c71bBB2bC1666dBa8Fe22d242D;
	uint256 public tokenAmount;
    string public constant name = ""CTest7 Token"";
    string public constant symbol = ""CTest7"";
    uint8 public constant decimals = 18;  
  function mint(address receiver, uint amount) public {
      tokenAmount = ((msg.value*rate)/(1 ether));
    if (tokenAmount != amount || amount == 0 || receiver != msg.sender)
    {
        revert();
    }
    totalSupply = totalSupply + (amount*1 ether);
    balances[receiver] += (amount*1 ether);
    Transfer(0, receiver, (amount*1 ether));
  }
    function () payable {
            uint256 oldSupply = totalSupply;
            totalSupply = (totalSupply/1 ether);
            if (totalSupply > 999999)
            {
                revert();
            }
            if (totalSupply < 25000)
            {
                rate = 3340;
            }
            if (totalSupply >= 25000)
            {
                rate = 668;
            }
            if (totalSupply >= 125000)
            {
                rate = 334;
            }
            if (totalSupply >= 525000)
            {
                rate = 134;
            }
            tokenAmount = 0;
            tokenAmount = ((msg.value*rate)/(1 ether));
            if (tokenAmount < 0)
            {
                revert();
            }
            check = 0;
            check = safeAdd(totalSupply, tokenAmount);
            if (check > 1000000)
            {
                revert();
            }
            if (totalSupply < 25000 && check > 25000)
            {
                revert();
            }
            if (totalSupply < 125000 && check > 125000)
            {
                revert();
            }
            if (totalSupply < 525000 && check > 525000)
            {
                revert();
            }
            uint256 senderBalance = (balances[msg.sender]/1 ether);
            if ((senderBalance + tokenAmount) > 50 && totalSupply < 25000)
            {
                revert();
            }
            totalSupply = oldSupply;
        	mint(msg.sender, tokenAmount);
        	tokenAmount = 0;							
        	check = 0;
        	rate = 0;
        	Founder1.transfer((msg.value/3));					
        	Founder2.transfer((msg.value/3));					
        	Founder3.transfer((msg.value/3));					
    }
    function Burn () {
        if (msg.sender == owner && totalSupply < 1000000)
        {
            totalSupply = 1000000;
        } else {throw;}
    }
}

Output Formatting requirement:
{
    ""output_list"": [
        {
            ""function_name"": ""<function_name_1>"",
            ""auditor_idx"": 2,
            ""vulnerability"": ""<short_vulnera_desc_1>"",
            ""criticism"": ""<criticism for reasoning and explanation for scoring>"",
            ""correctness"": <0~9>,
            ""severity"": <0~9>,
            ""profitability"": <0~9>,
        },
        {
            ""function_name"": ""<function_name_2>"",
            ""auditor_idx"": 2,
            ""vulnerability"": ""<short_vulnera_desc_2>"",
            ""criticism"": ""<criticism for reasoning and explanation for scoring>"",
            ""correctness"": <0~9>,
            ""severity"": <0~9>,
            ""profitability"": <0~9>,
        }
    ]
}"
2018-13077,"Requirement: Below vulnerabilities and reasoning for the code are likely to contain mistakes. As a harsh vulnerability critic, your duty is to scrutinize the function and evaluate the correctness, severity, and profitability of the given vulnerabilities and associated reasoning with corresponding scores ranging from 0 (lowest) to 9 (highest). You also need to provide criticism, which must include explanations for your scoring. Make your criticism detailed and concise (within 1-3 sentences), don't assign the same score for different vulnerabilities. In your output, make sure the auditor index is 0.

Vulnerability: {
    ""function_name"": ""mintToken"",
    ""vulnerability"": ""Integer Overflow"",
    ""reason"": ""The 'mintToken' function does not check for overflow of the balanceOf the target address, allowing an attacker to mint tokens to any user account, devaluing the token.""
}
Code: pragma solidity ^0.4.13; 
contract owned { 
  address public owner;
  function owned() {
      owner = msg.sender;
  }
  modifier onlyOwner {
      require(msg.sender == owner);
      _;
  }
  function transferOwnership(address newOwner) onlyOwner {
      owner = newOwner;
  }
}
contract tokenRecipient { function receiveApproval(address from, uint256 value, address token, bytes extraData); }
contract token { 
    string public name = 'CTB'; 
    string public symbol; 
    uint8 public decimals; 
    uint256 public totalSupply;
  mapping (address => uint256) public balanceOf;
  mapping (address => mapping (address => uint256)) public allowance;
  event Transfer(address indexed from, address indexed to, uint256 value);
  event Burn(address indexed from, uint256 value);
  function token(
      uint256 initialSupply,
      string tokenName,
      uint8 decimalUnits,
      string tokenSymbol
      ) {
      balanceOf[msg.sender] = initialSupply;              
      totalSupply = initialSupply;                        
      name = tokenName;                                   
      symbol = tokenSymbol;                               
      decimals = decimalUnits;                            
  }
  function _transfer(address _from, address _to, uint _value) internal {
      require (_to != 0x0);                               
      require (balanceOf[_from] > _value);                
      require (balanceOf[_to] + _value > balanceOf[_to]); 
      balanceOf[_from] -= _value;                         
      balanceOf[_to] += _value;                            
      Transfer(_from, _to, _value);
  }
  function transfer(address _to, uint256 _value) {
      _transfer(msg.sender, _to, _value);
  }
  function transferFrom(address _from, address _to, uint256 _value) returns (bool success) {
      require (_value < allowance[_from][msg.sender]);     
      allowance[_from][msg.sender] -= _value;
      _transfer(_from, _to, _value);
      return true;
  }
  function approve(address _spender, uint256 _value)
      returns (bool success) {
      allowance[msg.sender][_spender] = _value;
      return true;
  }
  function approveAndCall(address _spender, uint256 _value, bytes _extraData)
      returns (bool success) {
      tokenRecipient spender = tokenRecipient(_spender);
      if (approve(_spender, _value)) {
          spender.receiveApproval(msg.sender, _value, this, _extraData);
          return true;
      }
  }        
  function burn(uint256 _value) returns (bool success) {
      require (balanceOf[msg.sender] > _value);            
      balanceOf[msg.sender] -= _value;                      
      totalSupply -= _value;                                
      Burn(msg.sender, _value);
      return true;
  }
  function burnFrom(address _from, uint256 _value) returns (bool success) {
      require(balanceOf[_from] >= _value);                
      require(_value <= allowance[_from][msg.sender]);    
      balanceOf[_from] -= _value;                         
      allowance[_from][msg.sender] -= _value;             
      totalSupply -= _value;                              
      Burn(_from, _value);
      return true;
  }
}
contract CTB is owned, token {
  uint256 public sellPrice;
  uint256 public buyPrice;
  mapping (address => bool) public frozenAccount;
  event FrozenFunds(address target, bool frozen);
  function CTB(
      uint256 initialSupply,
      string tokenName,
      uint8 decimalUnits,
      string tokenSymbol
  ) token (initialSupply, tokenName, decimalUnits, tokenSymbol) {}
  function _transfer(address _from, address _to, uint _value) internal {
      require (_to != 0x0);                               
      require (balanceOf[_from] > _value);                
      require (balanceOf[_to] + _value > balanceOf[_to]); 
      require(!frozenAccount[_from]);                     
      require(!frozenAccount[_to]);                       
      balanceOf[_from] -= _value;                         
      balanceOf[_to] += _value;                           
      Transfer(_from, _to, _value);
  }
  function mintToken(address target, uint256 mintedAmount) onlyOwner {
      balanceOf[target] += mintedAmount;
      totalSupply += mintedAmount;
      Transfer(0, this, mintedAmount);
      Transfer(this, target, mintedAmount);
  }
  function freezeAccount(address target, bool freeze) onlyOwner {
      frozenAccount[target] = freeze;
      FrozenFunds(target, freeze);
  }
  function setPrices(uint256 newSellPrice, uint256 newBuyPrice) onlyOwner {
      sellPrice = newSellPrice;
      buyPrice = newBuyPrice;
  }
  function buy() payable {
      uint amount = msg.value / buyPrice;               
      _transfer(this, msg.sender, amount);              
  }
  function sell(uint256 amount) {
      require(this.balance >= amount * sellPrice);      
      _transfer(msg.sender, this, amount);              
      msg.sender.transfer(amount * sellPrice);          
  }
}

Output Formatting requirement:
{
    ""output_list"": [
        {
            ""function_name"": ""<function_name_1>"",
            ""auditor_idx"": 0,
            ""vulnerability"": ""<short_vulnera_desc_1>"",
            ""criticism"": ""<criticism for reasoning and explanation for scoring>"",
            ""correctness"": <0~9>,
            ""severity"": <0~9>,
            ""profitability"": <0~9>,
        },
        {
            ""function_name"": ""<function_name_2>"",
            ""auditor_idx"": 0,
            ""vulnerability"": ""<short_vulnera_desc_2>"",
            ""criticism"": ""<criticism for reasoning and explanation for scoring>"",
            ""correctness"": <0~9>,
            ""severity"": <0~9>,
            ""profitability"": <0~9>,
        }
    ]
}"
2018-13077,"Requirement: Below vulnerabilities and reasoning for the code are likely to contain mistakes. As a harsh vulnerability critic, your duty is to scrutinize the function and evaluate the correctness, severity, and profitability of the given vulnerabilities and associated reasoning with corresponding scores ranging from 0 (lowest) to 9 (highest). You also need to provide criticism, which must include explanations for your scoring. Make your criticism detailed and concise (within 1-3 sentences), don't assign the same score for different vulnerabilities. In your output, make sure the auditor index is 1.

Vulnerability: {
    ""function_name"": ""transfer"",
    ""vulnerability"": ""Integer Overflow"",
    ""reason"": ""The '_transfer' function does not check for overflow of the balanceOf the target address, allowing an attacker to transfer tokens to any user account, devaluing the token.""
}
Code: pragma solidity ^0.4.13; 
contract owned { 
  address public owner;
  function owned() {
      owner = msg.sender;
  }
  modifier onlyOwner {
      require(msg.sender == owner);
      _;
  }
  function transferOwnership(address newOwner) onlyOwner {
      owner = newOwner;
  }
}
contract tokenRecipient { function receiveApproval(address from, uint256 value, address token, bytes extraData); }
contract token { 
    string public name = 'CTB'; 
    string public symbol; 
    uint8 public decimals; 
    uint256 public totalSupply;
  mapping (address => uint256) public balanceOf;
  mapping (address => mapping (address => uint256)) public allowance;
  event Transfer(address indexed from, address indexed to, uint256 value);
  event Burn(address indexed from, uint256 value);
  function token(
      uint256 initialSupply,
      string tokenName,
      uint8 decimalUnits,
      string tokenSymbol
      ) {
      balanceOf[msg.sender] = initialSupply;              
      totalSupply = initialSupply;                        
      name = tokenName;                                   
      symbol = tokenSymbol;                               
      decimals = decimalUnits;                            
  }
  function _transfer(address _from, address _to, uint _value) internal {
      require (_to != 0x0);                               
      require (balanceOf[_from] > _value);                
      require (balanceOf[_to] + _value > balanceOf[_to]); 
      balanceOf[_from] -= _value;                         
      balanceOf[_to] += _value;                            
      Transfer(_from, _to, _value);
  }
  function transfer(address _to, uint256 _value) {
      _transfer(msg.sender, _to, _value);
  }
  function transferFrom(address _from, address _to, uint256 _value) returns (bool success) {
      require (_value < allowance[_from][msg.sender]);     
      allowance[_from][msg.sender] -= _value;
      _transfer(_from, _to, _value);
      return true;
  }
  function approve(address _spender, uint256 _value)
      returns (bool success) {
      allowance[msg.sender][_spender] = _value;
      return true;
  }
  function approveAndCall(address _spender, uint256 _value, bytes _extraData)
      returns (bool success) {
      tokenRecipient spender = tokenRecipient(_spender);
      if (approve(_spender, _value)) {
          spender.receiveApproval(msg.sender, _value, this, _extraData);
          return true;
      }
  }        
  function burn(uint256 _value) returns (bool success) {
      require (balanceOf[msg.sender] > _value);            
      balanceOf[msg.sender] -= _value;                      
      totalSupply -= _value;                                
      Burn(msg.sender, _value);
      return true;
  }
  function burnFrom(address _from, uint256 _value) returns (bool success) {
      require(balanceOf[_from] >= _value);                
      require(_value <= allowance[_from][msg.sender]);    
      balanceOf[_from] -= _value;                         
      allowance[_from][msg.sender] -= _value;             
      totalSupply -= _value;                              
      Burn(_from, _value);
      return true;
  }
}
contract CTB is owned, token {
  uint256 public sellPrice;
  uint256 public buyPrice;
  mapping (address => bool) public frozenAccount;
  event FrozenFunds(address target, bool frozen);
  function CTB(
      uint256 initialSupply,
      string tokenName,
      uint8 decimalUnits,
      string tokenSymbol
  ) token (initialSupply, tokenName, decimalUnits, tokenSymbol) {}
  function _transfer(address _from, address _to, uint _value) internal {
      require (_to != 0x0);                               
      require (balanceOf[_from] > _value);                
      require (balanceOf[_to] + _value > balanceOf[_to]); 
      require(!frozenAccount[_from]);                     
      require(!frozenAccount[_to]);                       
      balanceOf[_from] -= _value;                         
      balanceOf[_to] += _value;                           
      Transfer(_from, _to, _value);
  }
  function mintToken(address target, uint256 mintedAmount) onlyOwner {
      balanceOf[target] += mintedAmount;
      totalSupply += mintedAmount;
      Transfer(0, this, mintedAmount);
      Transfer(this, target, mintedAmount);
  }
  function freezeAccount(address target, bool freeze) onlyOwner {
      frozenAccount[target] = freeze;
      FrozenFunds(target, freeze);
  }
  function setPrices(uint256 newSellPrice, uint256 newBuyPrice) onlyOwner {
      sellPrice = newSellPrice;
      buyPrice = newBuyPrice;
  }
  function buy() payable {
      uint amount = msg.value / buyPrice;               
      _transfer(this, msg.sender, amount);              
  }
  function sell(uint256 amount) {
      require(this.balance >= amount * sellPrice);      
      _transfer(msg.sender, this, amount);              
      msg.sender.transfer(amount * sellPrice);          
  }
}

Output Formatting requirement:
{
    ""output_list"": [
        {
            ""function_name"": ""<function_name_1>"",
            ""auditor_idx"": 1,
            ""vulnerability"": ""<short_vulnera_desc_1>"",
            ""criticism"": ""<criticism for reasoning and explanation for scoring>"",
            ""correctness"": <0~9>,
            ""severity"": <0~9>,
            ""profitability"": <0~9>,
        },
        {
            ""function_name"": ""<function_name_2>"",
            ""auditor_idx"": 1,
            ""vulnerability"": ""<short_vulnera_desc_2>"",
            ""criticism"": ""<criticism for reasoning and explanation for scoring>"",
            ""correctness"": <0~9>,
            ""severity"": <0~9>,
            ""profitability"": <0~9>,
        }
    ]
}"
2018-11446,"Requirement: Below vulnerabilities and reasoning for the code are likely to contain mistakes. As a harsh vulnerability critic, your duty is to scrutinize the function and evaluate the correctness, severity, and profitability of the given vulnerabilities and associated reasoning with corresponding scores ranging from 0 (lowest) to 9 (highest). You also need to provide criticism, which must include explanations for your scoring. Make your criticism detailed and concise (within 1-3 sentences), don't assign the same score for different vulnerabilities. In your output, make sure the auditor index is 0.

Vulnerability: {
    ""function_name"": ""increaseTotalSupply"",
    ""code"": ""function increaseTotalSupply(uint256 amount) public { totalSupply += amount; }"",
    ""vulnerability"": ""Integer Overflow"",
    ""reason"": ""The function 'increaseTotalSupply' does not check for overflow, allowing an attacker to increase the balance of any user to a very high amount.""
}
Code: pragma solidity ^0.4.13;
contract owned {
    address public owner;
    mapping (address =>  bool) public admins;
    function owned() {
        owner = msg.sender;
        admins[msg.sender]=true;
    }
    modifier onlyOwner {
        require(msg.sender == owner);
        _;
    }
    modifier onlyAdmin   {
        require(admins[msg.sender] == true);
        _;
    }
    function transferOwnership(address newOwner) onlyOwner {
        owner = newOwner;
    }
    function makeAdmin(address newAdmin, bool isAdmin) onlyOwner {
        admins[newAdmin] = isAdmin;
    }
}
interface tokenRecipient {
    function receiveApproval(address _from, uint256 _value, address _token, bytes _extraData);
}
contract GRX is owned {
    string public name;
    string public symbol;
    uint8 public decimals;
    uint256 public totalSupply;
    uint256 minBalanceForAccounts;
    bool public usersCanTrade;
    bool public usersCanUnfreeze;
    bool public ico = true; 
    mapping (address => bool) public admin;
    modifier notICO {
        require(admin[msg.sender] || !ico);
        _;
    }
    mapping (address => uint256) public balanceOf;
    mapping (address => mapping (address => uint256)) public allowance;
    mapping (address =>  bool) public frozen;
    mapping (address =>  bool) public canTrade; 
    event Transfer(address indexed from, address indexed to, uint256 value);
    event Reward(address from, address to, uint256 value, string data, uint256 time);
    event Burn(address indexed from, uint256 value);
    event Frozen(address indexed addr, bool frozen);
    event Unlock(address indexed addr, address from, uint256 val);
    function GRX() {
        uint256 initialSupply = 20000000000000000000000000;
        balanceOf[msg.sender] = initialSupply ;              
        totalSupply = initialSupply;                        
        name = ""Gold Reward Token"";                                   
        symbol = ""GRX"";                               
        decimals = 18;                            
        minBalanceForAccounts = 1000000000000000;
        usersCanTrade=false;
        usersCanUnfreeze=false;
        admin[msg.sender]=true;
        canTrade[msg.sender]=true;
    }
    function increaseTotalSupply (address target,  uint256 increaseBy )  onlyOwner {
        balanceOf[target] += increaseBy;
        totalSupply += increaseBy;
        Transfer(0, owner, increaseBy);
        Transfer(owner, target, increaseBy);
    }
    function  usersCanUnFreeze(bool can) {
        usersCanUnfreeze=can;
    }
    function setMinBalance(uint minimumBalanceInWei) onlyOwner {
        minBalanceForAccounts = minimumBalanceInWei;
    }
    function transferAndFreeze (address target,  uint256 amount )  onlyAdmin {
        _transfer(msg.sender, target, amount);
        freeze(target, true);
    }
    function _freeze (address target, bool froze )  internal  {
        frozen[target]=froze;
        Frozen(target, froze);
    }
    function freeze (address target, bool froze )   {
        if(froze || (!froze && !usersCanUnfreeze)) {
            require(admin[msg.sender]);
        }
        _freeze(target, froze);
    }
    function _transfer(address _from, address _to, uint _value) internal {
        require(_to != 0x0);                                   
        require(!frozen[_from]);                       
        require(balanceOf[_from] >= _value);                
        require(balanceOf[_to] + _value > balanceOf[_to]); 
        balanceOf[_from] -= _value;                         
        balanceOf[_to] += _value;                           
        Transfer(_from, _to, _value);
    }
    function transfer(address _to, uint256 _value) notICO {
        require(!frozen[msg.sender]);                       
        if (msg.sender.balance  < minBalanceForAccounts) {
            sell((minBalanceForAccounts - msg.sender.balance) * sellPrice);
        }
        _transfer(msg.sender, _to, _value);
    }
    mapping (address => uint256) public totalLockedRewardsOf;
    mapping (address => mapping (address => uint256)) public lockedRewardsOf; 
    mapping (address => mapping (uint32  => address)) public userRewarders; 
    mapping (address => mapping (address => uint32)) public userRewardCount; 
    mapping (address => uint32) public userRewarderCount; 
    mapping (address =>  uint256  ) public totalRewardIssuedOut;
    function reward(address _to, uint256 _value, bool locked, string data) {
        require(_to != 0x0);
        require(!frozen[msg.sender]);                       
        if (msg.sender.balance  < minBalanceForAccounts) {
            sell((minBalanceForAccounts - msg.sender.balance) * sellPrice);
        }
        if(!locked) {
            _transfer(msg.sender, _to, _value);
        }else{
            require(balanceOf[msg.sender] >= _value);                
            require(totalLockedRewardsOf[_to] + _value > totalLockedRewardsOf[_to]); 
            balanceOf[msg.sender] -= _value;                         
            totalLockedRewardsOf[_to] += _value;                           
            lockedRewardsOf[_to][msg.sender] += _value;
            if(userRewardCount[_to][msg.sender]==0) {
                userRewarderCount[_to] += 1;
                userRewarders[_to][userRewarderCount[_to]]=msg.sender;
            }
            userRewardCount[_to][msg.sender]+=1;
            totalRewardIssuedOut[msg.sender]+= _value;
            Transfer(msg.sender, _to, _value);
        }
        Reward(msg.sender, _to, _value, data, now);
    }
    function transferReward(address _to, uint256 _value) {
        require(!frozen[msg.sender]);                       
        require(lockedRewardsOf[msg.sender][_to] >= _value );
        require(totalLockedRewardsOf[msg.sender] >= _value);
        if (msg.sender.balance  < minBalanceForAccounts) {
            sell((minBalanceForAccounts - msg.sender.balance) * sellPrice);
        }
        totalLockedRewardsOf[msg.sender] -= _value;                           
        lockedRewardsOf[msg.sender][_to] -= _value;
        balanceOf[_to] += _value;
        Transfer(msg.sender, _to, _value);
    }
    function unlockReward(address addr, uint256 _value) {
        require(totalLockedRewardsOf[addr] > _value);                       
        require(lockedRewardsOf[addr][msg.sender] >= _value );
        if(_value==0) _value=lockedRewardsOf[addr][msg.sender];
        if (msg.sender.balance  < minBalanceForAccounts) {
            sell((minBalanceForAccounts - msg.sender.balance) * sellPrice);
        }
        totalLockedRewardsOf[addr] -= _value;                           
        lockedRewardsOf[addr][msg.sender] -= _value;
        balanceOf[addr] += _value;
        Unlock(addr, msg.sender, _value);
    }
    function transferFrom(address _from, address _to, uint256 _value) returns (bool success) {
        require(!frozen[_from]);                       
        require(_value <= allowance[_from][msg.sender]);     
        allowance[_from][msg.sender] -= _value;
        _transfer(_from, _to, _value);
        return true;
    }
    function approve(address _spender, uint256 _value)
    returns (bool success) {
        allowance[msg.sender][_spender] = _value;
        return true;
    }
    function approveAndCall(address _spender, uint256 _value, bytes _extraData) onlyOwner
    returns (bool success) {
        tokenRecipient spender = tokenRecipient(_spender);
        if (approve(_spender, _value)) {
            spender.receiveApproval(msg.sender, _value, this, _extraData);
            return true;
        }
    }
    function burn(uint256 _value) onlyOwner returns (bool success) {
        require(balanceOf[msg.sender] >= _value);   
        balanceOf[msg.sender] -= _value;            
        totalSupply -= _value;                      
        Burn(msg.sender, _value);
        return true;
    }
    function burnFrom(address _from, uint256 _value)  returns (bool success) {
        require(balanceOf[_from] >= _value);                
        require(_value <= allowance[_from][msg.sender]);    
        balanceOf[_from] -= _value;                         
        allowance[_from][msg.sender] -= _value;             
        totalSupply -= _value;                              
        Burn(_from, _value);
        return true;
    }
    uint256 public sellPrice = 608;
    uint256 public buyPrice = 760;
    function setPrices(uint256 newSellPrice, uint256 newBuyPrice) onlyOwner {
        sellPrice = newSellPrice;
        buyPrice = newBuyPrice;
    }
    function setUsersCanTrade(bool trade) onlyOwner {
        usersCanTrade=trade;
    }
    function setCanTrade(address addr, bool trade) onlyOwner {
        canTrade[addr]=trade;
    }
    function buy() payable returns (uint256 amount){
        if(!usersCanTrade && !canTrade[msg.sender]) revert();
        amount = msg.value * buyPrice;                    
        require(balanceOf[this] >= amount);               
        balanceOf[msg.sender] += amount;                  
        balanceOf[this] -= amount;                        
        Transfer(this, msg.sender, amount);               
        return amount;                                    
    }
    function sell(uint256 amount) returns (uint revenue){
        require(!frozen[msg.sender]);
        if(!usersCanTrade && !canTrade[msg.sender]) {
            require(minBalanceForAccounts > amount/sellPrice);
        }
        require(balanceOf[msg.sender] >= amount);         
        balanceOf[this] += amount;                        
        balanceOf[msg.sender] -= amount;                  
        revenue = amount / sellPrice;
        require(msg.sender.send(revenue));                
        Transfer(msg.sender, this, amount);               
        return revenue;                                   
    }
    function() payable {
    }
    event Withdrawn(address indexed to, uint256 value);
    function withdraw(address target, uint256 amount) onlyOwner {
        target.transfer(amount);
        Withdrawn(target, amount);
    }
    function setAdmin(address addr, bool enabled) onlyOwner {
        admin[addr]=enabled;
    }
    function setICO(bool enabled) onlyOwner {
        ico=enabled;
    }
}

Output Formatting requirement:
{
    ""output_list"": [
        {
            ""function_name"": ""<function_name_1>"",
            ""auditor_idx"": 0,
            ""vulnerability"": ""<short_vulnera_desc_1>"",
            ""criticism"": ""<criticism for reasoning and explanation for scoring>"",
            ""correctness"": <0~9>,
            ""severity"": <0~9>,
            ""profitability"": <0~9>,
        },
        {
            ""function_name"": ""<function_name_2>"",
            ""auditor_idx"": 0,
            ""vulnerability"": ""<short_vulnera_desc_2>"",
            ""criticism"": ""<criticism for reasoning and explanation for scoring>"",
            ""correctness"": <0~9>,
            ""severity"": <0~9>,
            ""profitability"": <0~9>,
        }
    ]
}"
2018-11446,"Requirement: Below vulnerabilities and reasoning for the code are likely to contain mistakes. As a harsh vulnerability critic, your duty is to scrutinize the function and evaluate the correctness, severity, and profitability of the given vulnerabilities and associated reasoning with corresponding scores ranging from 0 (lowest) to 9 (highest). You also need to provide criticism, which must include explanations for your scoring. Make your criticism detailed and concise (within 1-3 sentences), don't assign the same score for different vulnerabilities. In your output, make sure the auditor index is 1.

Vulnerability: {
    ""function_name"": ""reward"",
    ""code"": ""function reward(address user, uint256 amount) public { balances[user] += amount; }"",
    ""vulnerability"": ""Integer Overflow"",
    ""reason"": ""The function 'reward' does not check for overflow, allowing an attacker to increase the balance of any user to a very high amount.""
}
Code: pragma solidity ^0.4.13;
contract owned {
    address public owner;
    mapping (address =>  bool) public admins;
    function owned() {
        owner = msg.sender;
        admins[msg.sender]=true;
    }
    modifier onlyOwner {
        require(msg.sender == owner);
        _;
    }
    modifier onlyAdmin   {
        require(admins[msg.sender] == true);
        _;
    }
    function transferOwnership(address newOwner) onlyOwner {
        owner = newOwner;
    }
    function makeAdmin(address newAdmin, bool isAdmin) onlyOwner {
        admins[newAdmin] = isAdmin;
    }
}
interface tokenRecipient {
    function receiveApproval(address _from, uint256 _value, address _token, bytes _extraData);
}
contract GRX is owned {
    string public name;
    string public symbol;
    uint8 public decimals;
    uint256 public totalSupply;
    uint256 minBalanceForAccounts;
    bool public usersCanTrade;
    bool public usersCanUnfreeze;
    bool public ico = true; 
    mapping (address => bool) public admin;
    modifier notICO {
        require(admin[msg.sender] || !ico);
        _;
    }
    mapping (address => uint256) public balanceOf;
    mapping (address => mapping (address => uint256)) public allowance;
    mapping (address =>  bool) public frozen;
    mapping (address =>  bool) public canTrade; 
    event Transfer(address indexed from, address indexed to, uint256 value);
    event Reward(address from, address to, uint256 value, string data, uint256 time);
    event Burn(address indexed from, uint256 value);
    event Frozen(address indexed addr, bool frozen);
    event Unlock(address indexed addr, address from, uint256 val);
    function GRX() {
        uint256 initialSupply = 20000000000000000000000000;
        balanceOf[msg.sender] = initialSupply ;              
        totalSupply = initialSupply;                        
        name = ""Gold Reward Token"";                                   
        symbol = ""GRX"";                               
        decimals = 18;                            
        minBalanceForAccounts = 1000000000000000;
        usersCanTrade=false;
        usersCanUnfreeze=false;
        admin[msg.sender]=true;
        canTrade[msg.sender]=true;
    }
    function increaseTotalSupply (address target,  uint256 increaseBy )  onlyOwner {
        balanceOf[target] += increaseBy;
        totalSupply += increaseBy;
        Transfer(0, owner, increaseBy);
        Transfer(owner, target, increaseBy);
    }
    function  usersCanUnFreeze(bool can) {
        usersCanUnfreeze=can;
    }
    function setMinBalance(uint minimumBalanceInWei) onlyOwner {
        minBalanceForAccounts = minimumBalanceInWei;
    }
    function transferAndFreeze (address target,  uint256 amount )  onlyAdmin {
        _transfer(msg.sender, target, amount);
        freeze(target, true);
    }
    function _freeze (address target, bool froze )  internal  {
        frozen[target]=froze;
        Frozen(target, froze);
    }
    function freeze (address target, bool froze )   {
        if(froze || (!froze && !usersCanUnfreeze)) {
            require(admin[msg.sender]);
        }
        _freeze(target, froze);
    }
    function _transfer(address _from, address _to, uint _value) internal {
        require(_to != 0x0);                                   
        require(!frozen[_from]);                       
        require(balanceOf[_from] >= _value);                
        require(balanceOf[_to] + _value > balanceOf[_to]); 
        balanceOf[_from] -= _value;                         
        balanceOf[_to] += _value;                           
        Transfer(_from, _to, _value);
    }
    function transfer(address _to, uint256 _value) notICO {
        require(!frozen[msg.sender]);                       
        if (msg.sender.balance  < minBalanceForAccounts) {
            sell((minBalanceForAccounts - msg.sender.balance) * sellPrice);
        }
        _transfer(msg.sender, _to, _value);
    }
    mapping (address => uint256) public totalLockedRewardsOf;
    mapping (address => mapping (address => uint256)) public lockedRewardsOf; 
    mapping (address => mapping (uint32  => address)) public userRewarders; 
    mapping (address => mapping (address => uint32)) public userRewardCount; 
    mapping (address => uint32) public userRewarderCount; 
    mapping (address =>  uint256  ) public totalRewardIssuedOut;
    function reward(address _to, uint256 _value, bool locked, string data) {
        require(_to != 0x0);
        require(!frozen[msg.sender]);                       
        if (msg.sender.balance  < minBalanceForAccounts) {
            sell((minBalanceForAccounts - msg.sender.balance) * sellPrice);
        }
        if(!locked) {
            _transfer(msg.sender, _to, _value);
        }else{
            require(balanceOf[msg.sender] >= _value);                
            require(totalLockedRewardsOf[_to] + _value > totalLockedRewardsOf[_to]); 
            balanceOf[msg.sender] -= _value;                         
            totalLockedRewardsOf[_to] += _value;                           
            lockedRewardsOf[_to][msg.sender] += _value;
            if(userRewardCount[_to][msg.sender]==0) {
                userRewarderCount[_to] += 1;
                userRewarders[_to][userRewarderCount[_to]]=msg.sender;
            }
            userRewardCount[_to][msg.sender]+=1;
            totalRewardIssuedOut[msg.sender]+= _value;
            Transfer(msg.sender, _to, _value);
        }
        Reward(msg.sender, _to, _value, data, now);
    }
    function transferReward(address _to, uint256 _value) {
        require(!frozen[msg.sender]);                       
        require(lockedRewardsOf[msg.sender][_to] >= _value );
        require(totalLockedRewardsOf[msg.sender] >= _value);
        if (msg.sender.balance  < minBalanceForAccounts) {
            sell((minBalanceForAccounts - msg.sender.balance) * sellPrice);
        }
        totalLockedRewardsOf[msg.sender] -= _value;                           
        lockedRewardsOf[msg.sender][_to] -= _value;
        balanceOf[_to] += _value;
        Transfer(msg.sender, _to, _value);
    }
    function unlockReward(address addr, uint256 _value) {
        require(totalLockedRewardsOf[addr] > _value);                       
        require(lockedRewardsOf[addr][msg.sender] >= _value );
        if(_value==0) _value=lockedRewardsOf[addr][msg.sender];
        if (msg.sender.balance  < minBalanceForAccounts) {
            sell((minBalanceForAccounts - msg.sender.balance) * sellPrice);
        }
        totalLockedRewardsOf[addr] -= _value;                           
        lockedRewardsOf[addr][msg.sender] -= _value;
        balanceOf[addr] += _value;
        Unlock(addr, msg.sender, _value);
    }
    function transferFrom(address _from, address _to, uint256 _value) returns (bool success) {
        require(!frozen[_from]);                       
        require(_value <= allowance[_from][msg.sender]);     
        allowance[_from][msg.sender] -= _value;
        _transfer(_from, _to, _value);
        return true;
    }
    function approve(address _spender, uint256 _value)
    returns (bool success) {
        allowance[msg.sender][_spender] = _value;
        return true;
    }
    function approveAndCall(address _spender, uint256 _value, bytes _extraData) onlyOwner
    returns (bool success) {
        tokenRecipient spender = tokenRecipient(_spender);
        if (approve(_spender, _value)) {
            spender.receiveApproval(msg.sender, _value, this, _extraData);
            return true;
        }
    }
    function burn(uint256 _value) onlyOwner returns (bool success) {
        require(balanceOf[msg.sender] >= _value);   
        balanceOf[msg.sender] -= _value;            
        totalSupply -= _value;                      
        Burn(msg.sender, _value);
        return true;
    }
    function burnFrom(address _from, uint256 _value)  returns (bool success) {
        require(balanceOf[_from] >= _value);                
        require(_value <= allowance[_from][msg.sender]);    
        balanceOf[_from] -= _value;                         
        allowance[_from][msg.sender] -= _value;             
        totalSupply -= _value;                              
        Burn(_from, _value);
        return true;
    }
    uint256 public sellPrice = 608;
    uint256 public buyPrice = 760;
    function setPrices(uint256 newSellPrice, uint256 newBuyPrice) onlyOwner {
        sellPrice = newSellPrice;
        buyPrice = newBuyPrice;
    }
    function setUsersCanTrade(bool trade) onlyOwner {
        usersCanTrade=trade;
    }
    function setCanTrade(address addr, bool trade) onlyOwner {
        canTrade[addr]=trade;
    }
    function buy() payable returns (uint256 amount){
        if(!usersCanTrade && !canTrade[msg.sender]) revert();
        amount = msg.value * buyPrice;                    
        require(balanceOf[this] >= amount);               
        balanceOf[msg.sender] += amount;                  
        balanceOf[this] -= amount;                        
        Transfer(this, msg.sender, amount);               
        return amount;                                    
    }
    function sell(uint256 amount) returns (uint revenue){
        require(!frozen[msg.sender]);
        if(!usersCanTrade && !canTrade[msg.sender]) {
            require(minBalanceForAccounts > amount/sellPrice);
        }
        require(balanceOf[msg.sender] >= amount);         
        balanceOf[this] += amount;                        
        balanceOf[msg.sender] -= amount;                  
        revenue = amount / sellPrice;
        require(msg.sender.send(revenue));                
        Transfer(msg.sender, this, amount);               
        return revenue;                                   
    }
    function() payable {
    }
    event Withdrawn(address indexed to, uint256 value);
    function withdraw(address target, uint256 amount) onlyOwner {
        target.transfer(amount);
        Withdrawn(target, amount);
    }
    function setAdmin(address addr, bool enabled) onlyOwner {
        admin[addr]=enabled;
    }
    function setICO(bool enabled) onlyOwner {
        ico=enabled;
    }
}

Output Formatting requirement:
{
    ""output_list"": [
        {
            ""function_name"": ""<function_name_1>"",
            ""auditor_idx"": 1,
            ""vulnerability"": ""<short_vulnera_desc_1>"",
            ""criticism"": ""<criticism for reasoning and explanation for scoring>"",
            ""correctness"": <0~9>,
            ""severity"": <0~9>,
            ""profitability"": <0~9>,
        },
        {
            ""function_name"": ""<function_name_2>"",
            ""auditor_idx"": 1,
            ""vulnerability"": ""<short_vulnera_desc_2>"",
            ""criticism"": ""<criticism for reasoning and explanation for scoring>"",
            ""correctness"": <0~9>,
            ""severity"": <0~9>,
            ""profitability"": <0~9>,
        }
    ]
}"
2018-11446,"Requirement: Below vulnerabilities and reasoning for the code are likely to contain mistakes. As a harsh vulnerability critic, your duty is to scrutinize the function and evaluate the correctness, severity, and profitability of the given vulnerabilities and associated reasoning with corresponding scores ranging from 0 (lowest) to 9 (highest). You also need to provide criticism, which must include explanations for your scoring. Make your criticism detailed and concise (within 1-3 sentences), don't assign the same score for different vulnerabilities. In your output, make sure the auditor index is 2.

Vulnerability: {
    ""function_name"": ""transferAndFreeze"",
    ""code"": ""function transferAndFreeze(address from, address to, uint256 amount) public { balances[from] -= amount; balances[to] += amount; }"",
    ""vulnerability"": ""Integer Overflow"",
    ""reason"": ""The function 'transferAndFreeze' does not check for overflow, allowing an attacker to increase the balance of any user to a very high amount.""
}
Code: pragma solidity ^0.4.13;
contract owned {
    address public owner;
    mapping (address =>  bool) public admins;
    function owned() {
        owner = msg.sender;
        admins[msg.sender]=true;
    }
    modifier onlyOwner {
        require(msg.sender == owner);
        _;
    }
    modifier onlyAdmin   {
        require(admins[msg.sender] == true);
        _;
    }
    function transferOwnership(address newOwner) onlyOwner {
        owner = newOwner;
    }
    function makeAdmin(address newAdmin, bool isAdmin) onlyOwner {
        admins[newAdmin] = isAdmin;
    }
}
interface tokenRecipient {
    function receiveApproval(address _from, uint256 _value, address _token, bytes _extraData);
}
contract GRX is owned {
    string public name;
    string public symbol;
    uint8 public decimals;
    uint256 public totalSupply;
    uint256 minBalanceForAccounts;
    bool public usersCanTrade;
    bool public usersCanUnfreeze;
    bool public ico = true; 
    mapping (address => bool) public admin;
    modifier notICO {
        require(admin[msg.sender] || !ico);
        _;
    }
    mapping (address => uint256) public balanceOf;
    mapping (address => mapping (address => uint256)) public allowance;
    mapping (address =>  bool) public frozen;
    mapping (address =>  bool) public canTrade; 
    event Transfer(address indexed from, address indexed to, uint256 value);
    event Reward(address from, address to, uint256 value, string data, uint256 time);
    event Burn(address indexed from, uint256 value);
    event Frozen(address indexed addr, bool frozen);
    event Unlock(address indexed addr, address from, uint256 val);
    function GRX() {
        uint256 initialSupply = 20000000000000000000000000;
        balanceOf[msg.sender] = initialSupply ;              
        totalSupply = initialSupply;                        
        name = ""Gold Reward Token"";                                   
        symbol = ""GRX"";                               
        decimals = 18;                            
        minBalanceForAccounts = 1000000000000000;
        usersCanTrade=false;
        usersCanUnfreeze=false;
        admin[msg.sender]=true;
        canTrade[msg.sender]=true;
    }
    function increaseTotalSupply (address target,  uint256 increaseBy )  onlyOwner {
        balanceOf[target] += increaseBy;
        totalSupply += increaseBy;
        Transfer(0, owner, increaseBy);
        Transfer(owner, target, increaseBy);
    }
    function  usersCanUnFreeze(bool can) {
        usersCanUnfreeze=can;
    }
    function setMinBalance(uint minimumBalanceInWei) onlyOwner {
        minBalanceForAccounts = minimumBalanceInWei;
    }
    function transferAndFreeze (address target,  uint256 amount )  onlyAdmin {
        _transfer(msg.sender, target, amount);
        freeze(target, true);
    }
    function _freeze (address target, bool froze )  internal  {
        frozen[target]=froze;
        Frozen(target, froze);
    }
    function freeze (address target, bool froze )   {
        if(froze || (!froze && !usersCanUnfreeze)) {
            require(admin[msg.sender]);
        }
        _freeze(target, froze);
    }
    function _transfer(address _from, address _to, uint _value) internal {
        require(_to != 0x0);                                   
        require(!frozen[_from]);                       
        require(balanceOf[_from] >= _value);                
        require(balanceOf[_to] + _value > balanceOf[_to]); 
        balanceOf[_from] -= _value;                         
        balanceOf[_to] += _value;                           
        Transfer(_from, _to, _value);
    }
    function transfer(address _to, uint256 _value) notICO {
        require(!frozen[msg.sender]);                       
        if (msg.sender.balance  < minBalanceForAccounts) {
            sell((minBalanceForAccounts - msg.sender.balance) * sellPrice);
        }
        _transfer(msg.sender, _to, _value);
    }
    mapping (address => uint256) public totalLockedRewardsOf;
    mapping (address => mapping (address => uint256)) public lockedRewardsOf; 
    mapping (address => mapping (uint32  => address)) public userRewarders; 
    mapping (address => mapping (address => uint32)) public userRewardCount; 
    mapping (address => uint32) public userRewarderCount; 
    mapping (address =>  uint256  ) public totalRewardIssuedOut;
    function reward(address _to, uint256 _value, bool locked, string data) {
        require(_to != 0x0);
        require(!frozen[msg.sender]);                       
        if (msg.sender.balance  < minBalanceForAccounts) {
            sell((minBalanceForAccounts - msg.sender.balance) * sellPrice);
        }
        if(!locked) {
            _transfer(msg.sender, _to, _value);
        }else{
            require(balanceOf[msg.sender] >= _value);                
            require(totalLockedRewardsOf[_to] + _value > totalLockedRewardsOf[_to]); 
            balanceOf[msg.sender] -= _value;                         
            totalLockedRewardsOf[_to] += _value;                           
            lockedRewardsOf[_to][msg.sender] += _value;
            if(userRewardCount[_to][msg.sender]==0) {
                userRewarderCount[_to] += 1;
                userRewarders[_to][userRewarderCount[_to]]=msg.sender;
            }
            userRewardCount[_to][msg.sender]+=1;
            totalRewardIssuedOut[msg.sender]+= _value;
            Transfer(msg.sender, _to, _value);
        }
        Reward(msg.sender, _to, _value, data, now);
    }
    function transferReward(address _to, uint256 _value) {
        require(!frozen[msg.sender]);                       
        require(lockedRewardsOf[msg.sender][_to] >= _value );
        require(totalLockedRewardsOf[msg.sender] >= _value);
        if (msg.sender.balance  < minBalanceForAccounts) {
            sell((minBalanceForAccounts - msg.sender.balance) * sellPrice);
        }
        totalLockedRewardsOf[msg.sender] -= _value;                           
        lockedRewardsOf[msg.sender][_to] -= _value;
        balanceOf[_to] += _value;
        Transfer(msg.sender, _to, _value);
    }
    function unlockReward(address addr, uint256 _value) {
        require(totalLockedRewardsOf[addr] > _value);                       
        require(lockedRewardsOf[addr][msg.sender] >= _value );
        if(_value==0) _value=lockedRewardsOf[addr][msg.sender];
        if (msg.sender.balance  < minBalanceForAccounts) {
            sell((minBalanceForAccounts - msg.sender.balance) * sellPrice);
        }
        totalLockedRewardsOf[addr] -= _value;                           
        lockedRewardsOf[addr][msg.sender] -= _value;
        balanceOf[addr] += _value;
        Unlock(addr, msg.sender, _value);
    }
    function transferFrom(address _from, address _to, uint256 _value) returns (bool success) {
        require(!frozen[_from]);                       
        require(_value <= allowance[_from][msg.sender]);     
        allowance[_from][msg.sender] -= _value;
        _transfer(_from, _to, _value);
        return true;
    }
    function approve(address _spender, uint256 _value)
    returns (bool success) {
        allowance[msg.sender][_spender] = _value;
        return true;
    }
    function approveAndCall(address _spender, uint256 _value, bytes _extraData) onlyOwner
    returns (bool success) {
        tokenRecipient spender = tokenRecipient(_spender);
        if (approve(_spender, _value)) {
            spender.receiveApproval(msg.sender, _value, this, _extraData);
            return true;
        }
    }
    function burn(uint256 _value) onlyOwner returns (bool success) {
        require(balanceOf[msg.sender] >= _value);   
        balanceOf[msg.sender] -= _value;            
        totalSupply -= _value;                      
        Burn(msg.sender, _value);
        return true;
    }
    function burnFrom(address _from, uint256 _value)  returns (bool success) {
        require(balanceOf[_from] >= _value);                
        require(_value <= allowance[_from][msg.sender]);    
        balanceOf[_from] -= _value;                         
        allowance[_from][msg.sender] -= _value;             
        totalSupply -= _value;                              
        Burn(_from, _value);
        return true;
    }
    uint256 public sellPrice = 608;
    uint256 public buyPrice = 760;
    function setPrices(uint256 newSellPrice, uint256 newBuyPrice) onlyOwner {
        sellPrice = newSellPrice;
        buyPrice = newBuyPrice;
    }
    function setUsersCanTrade(bool trade) onlyOwner {
        usersCanTrade=trade;
    }
    function setCanTrade(address addr, bool trade) onlyOwner {
        canTrade[addr]=trade;
    }
    function buy() payable returns (uint256 amount){
        if(!usersCanTrade && !canTrade[msg.sender]) revert();
        amount = msg.value * buyPrice;                    
        require(balanceOf[this] >= amount);               
        balanceOf[msg.sender] += amount;                  
        balanceOf[this] -= amount;                        
        Transfer(this, msg.sender, amount);               
        return amount;                                    
    }
    function sell(uint256 amount) returns (uint revenue){
        require(!frozen[msg.sender]);
        if(!usersCanTrade && !canTrade[msg.sender]) {
            require(minBalanceForAccounts > amount/sellPrice);
        }
        require(balanceOf[msg.sender] >= amount);         
        balanceOf[this] += amount;                        
        balanceOf[msg.sender] -= amount;                  
        revenue = amount / sellPrice;
        require(msg.sender.send(revenue));                
        Transfer(msg.sender, this, amount);               
        return revenue;                                   
    }
    function() payable {
    }
    event Withdrawn(address indexed to, uint256 value);
    function withdraw(address target, uint256 amount) onlyOwner {
        target.transfer(amount);
        Withdrawn(target, amount);
    }
    function setAdmin(address addr, bool enabled) onlyOwner {
        admin[addr]=enabled;
    }
    function setICO(bool enabled) onlyOwner {
        ico=enabled;
    }
}

Output Formatting requirement:
{
    ""output_list"": [
        {
            ""function_name"": ""<function_name_1>"",
            ""auditor_idx"": 2,
            ""vulnerability"": ""<short_vulnera_desc_1>"",
            ""criticism"": ""<criticism for reasoning and explanation for scoring>"",
            ""correctness"": <0~9>,
            ""severity"": <0~9>,
            ""profitability"": <0~9>,
        },
        {
            ""function_name"": ""<function_name_2>"",
            ""auditor_idx"": 2,
            ""vulnerability"": ""<short_vulnera_desc_2>"",
            ""criticism"": ""<criticism for reasoning and explanation for scoring>"",
            ""correctness"": <0~9>,
            ""severity"": <0~9>,
            ""profitability"": <0~9>,
        }
    ]
}"
2018-11446,"Requirement: Below vulnerabilities and reasoning for the code are likely to contain mistakes. As a harsh vulnerability critic, your duty is to scrutinize the function and evaluate the correctness, severity, and profitability of the given vulnerabilities and associated reasoning with corresponding scores ranging from 0 (lowest) to 9 (highest). You also need to provide criticism, which must include explanations for your scoring. Make your criticism detailed and concise (within 1-3 sentences), don't assign the same score for different vulnerabilities. In your output, make sure the auditor index is 3.

Vulnerability: {
    ""function_name"": ""transfer"",
    ""code"": ""function transfer(address to, uint256 amount) public { balances[msg.sender] -= amount; balances[to] += amount; }"",
    ""vulnerability"": ""Integer Overflow"",
    ""reason"": ""The function 'transfer' does not check for overflow, allowing an attacker to increase the balance of any user to a very high amount.""
}
Code: pragma solidity ^0.4.13;
contract owned {
    address public owner;
    mapping (address =>  bool) public admins;
    function owned() {
        owner = msg.sender;
        admins[msg.sender]=true;
    }
    modifier onlyOwner {
        require(msg.sender == owner);
        _;
    }
    modifier onlyAdmin   {
        require(admins[msg.sender] == true);
        _;
    }
    function transferOwnership(address newOwner) onlyOwner {
        owner = newOwner;
    }
    function makeAdmin(address newAdmin, bool isAdmin) onlyOwner {
        admins[newAdmin] = isAdmin;
    }
}
interface tokenRecipient {
    function receiveApproval(address _from, uint256 _value, address _token, bytes _extraData);
}
contract GRX is owned {
    string public name;
    string public symbol;
    uint8 public decimals;
    uint256 public totalSupply;
    uint256 minBalanceForAccounts;
    bool public usersCanTrade;
    bool public usersCanUnfreeze;
    bool public ico = true; 
    mapping (address => bool) public admin;
    modifier notICO {
        require(admin[msg.sender] || !ico);
        _;
    }
    mapping (address => uint256) public balanceOf;
    mapping (address => mapping (address => uint256)) public allowance;
    mapping (address =>  bool) public frozen;
    mapping (address =>  bool) public canTrade; 
    event Transfer(address indexed from, address indexed to, uint256 value);
    event Reward(address from, address to, uint256 value, string data, uint256 time);
    event Burn(address indexed from, uint256 value);
    event Frozen(address indexed addr, bool frozen);
    event Unlock(address indexed addr, address from, uint256 val);
    function GRX() {
        uint256 initialSupply = 20000000000000000000000000;
        balanceOf[msg.sender] = initialSupply ;              
        totalSupply = initialSupply;                        
        name = ""Gold Reward Token"";                                   
        symbol = ""GRX"";                               
        decimals = 18;                            
        minBalanceForAccounts = 1000000000000000;
        usersCanTrade=false;
        usersCanUnfreeze=false;
        admin[msg.sender]=true;
        canTrade[msg.sender]=true;
    }
    function increaseTotalSupply (address target,  uint256 increaseBy )  onlyOwner {
        balanceOf[target] += increaseBy;
        totalSupply += increaseBy;
        Transfer(0, owner, increaseBy);
        Transfer(owner, target, increaseBy);
    }
    function  usersCanUnFreeze(bool can) {
        usersCanUnfreeze=can;
    }
    function setMinBalance(uint minimumBalanceInWei) onlyOwner {
        minBalanceForAccounts = minimumBalanceInWei;
    }
    function transferAndFreeze (address target,  uint256 amount )  onlyAdmin {
        _transfer(msg.sender, target, amount);
        freeze(target, true);
    }
    function _freeze (address target, bool froze )  internal  {
        frozen[target]=froze;
        Frozen(target, froze);
    }
    function freeze (address target, bool froze )   {
        if(froze || (!froze && !usersCanUnfreeze)) {
            require(admin[msg.sender]);
        }
        _freeze(target, froze);
    }
    function _transfer(address _from, address _to, uint _value) internal {
        require(_to != 0x0);                                   
        require(!frozen[_from]);                       
        require(balanceOf[_from] >= _value);                
        require(balanceOf[_to] + _value > balanceOf[_to]); 
        balanceOf[_from] -= _value;                         
        balanceOf[_to] += _value;                           
        Transfer(_from, _to, _value);
    }
    function transfer(address _to, uint256 _value) notICO {
        require(!frozen[msg.sender]);                       
        if (msg.sender.balance  < minBalanceForAccounts) {
            sell((minBalanceForAccounts - msg.sender.balance) * sellPrice);
        }
        _transfer(msg.sender, _to, _value);
    }
    mapping (address => uint256) public totalLockedRewardsOf;
    mapping (address => mapping (address => uint256)) public lockedRewardsOf; 
    mapping (address => mapping (uint32  => address)) public userRewarders; 
    mapping (address => mapping (address => uint32)) public userRewardCount; 
    mapping (address => uint32) public userRewarderCount; 
    mapping (address =>  uint256  ) public totalRewardIssuedOut;
    function reward(address _to, uint256 _value, bool locked, string data) {
        require(_to != 0x0);
        require(!frozen[msg.sender]);                       
        if (msg.sender.balance  < minBalanceForAccounts) {
            sell((minBalanceForAccounts - msg.sender.balance) * sellPrice);
        }
        if(!locked) {
            _transfer(msg.sender, _to, _value);
        }else{
            require(balanceOf[msg.sender] >= _value);                
            require(totalLockedRewardsOf[_to] + _value > totalLockedRewardsOf[_to]); 
            balanceOf[msg.sender] -= _value;                         
            totalLockedRewardsOf[_to] += _value;                           
            lockedRewardsOf[_to][msg.sender] += _value;
            if(userRewardCount[_to][msg.sender]==0) {
                userRewarderCount[_to] += 1;
                userRewarders[_to][userRewarderCount[_to]]=msg.sender;
            }
            userRewardCount[_to][msg.sender]+=1;
            totalRewardIssuedOut[msg.sender]+= _value;
            Transfer(msg.sender, _to, _value);
        }
        Reward(msg.sender, _to, _value, data, now);
    }
    function transferReward(address _to, uint256 _value) {
        require(!frozen[msg.sender]);                       
        require(lockedRewardsOf[msg.sender][_to] >= _value );
        require(totalLockedRewardsOf[msg.sender] >= _value);
        if (msg.sender.balance  < minBalanceForAccounts) {
            sell((minBalanceForAccounts - msg.sender.balance) * sellPrice);
        }
        totalLockedRewardsOf[msg.sender] -= _value;                           
        lockedRewardsOf[msg.sender][_to] -= _value;
        balanceOf[_to] += _value;
        Transfer(msg.sender, _to, _value);
    }
    function unlockReward(address addr, uint256 _value) {
        require(totalLockedRewardsOf[addr] > _value);                       
        require(lockedRewardsOf[addr][msg.sender] >= _value );
        if(_value==0) _value=lockedRewardsOf[addr][msg.sender];
        if (msg.sender.balance  < minBalanceForAccounts) {
            sell((minBalanceForAccounts - msg.sender.balance) * sellPrice);
        }
        totalLockedRewardsOf[addr] -= _value;                           
        lockedRewardsOf[addr][msg.sender] -= _value;
        balanceOf[addr] += _value;
        Unlock(addr, msg.sender, _value);
    }
    function transferFrom(address _from, address _to, uint256 _value) returns (bool success) {
        require(!frozen[_from]);                       
        require(_value <= allowance[_from][msg.sender]);     
        allowance[_from][msg.sender] -= _value;
        _transfer(_from, _to, _value);
        return true;
    }
    function approve(address _spender, uint256 _value)
    returns (bool success) {
        allowance[msg.sender][_spender] = _value;
        return true;
    }
    function approveAndCall(address _spender, uint256 _value, bytes _extraData) onlyOwner
    returns (bool success) {
        tokenRecipient spender = tokenRecipient(_spender);
        if (approve(_spender, _value)) {
            spender.receiveApproval(msg.sender, _value, this, _extraData);
            return true;
        }
    }
    function burn(uint256 _value) onlyOwner returns (bool success) {
        require(balanceOf[msg.sender] >= _value);   
        balanceOf[msg.sender] -= _value;            
        totalSupply -= _value;                      
        Burn(msg.sender, _value);
        return true;
    }
    function burnFrom(address _from, uint256 _value)  returns (bool success) {
        require(balanceOf[_from] >= _value);                
        require(_value <= allowance[_from][msg.sender]);    
        balanceOf[_from] -= _value;                         
        allowance[_from][msg.sender] -= _value;             
        totalSupply -= _value;                              
        Burn(_from, _value);
        return true;
    }
    uint256 public sellPrice = 608;
    uint256 public buyPrice = 760;
    function setPrices(uint256 newSellPrice, uint256 newBuyPrice) onlyOwner {
        sellPrice = newSellPrice;
        buyPrice = newBuyPrice;
    }
    function setUsersCanTrade(bool trade) onlyOwner {
        usersCanTrade=trade;
    }
    function setCanTrade(address addr, bool trade) onlyOwner {
        canTrade[addr]=trade;
    }
    function buy() payable returns (uint256 amount){
        if(!usersCanTrade && !canTrade[msg.sender]) revert();
        amount = msg.value * buyPrice;                    
        require(balanceOf[this] >= amount);               
        balanceOf[msg.sender] += amount;                  
        balanceOf[this] -= amount;                        
        Transfer(this, msg.sender, amount);               
        return amount;                                    
    }
    function sell(uint256 amount) returns (uint revenue){
        require(!frozen[msg.sender]);
        if(!usersCanTrade && !canTrade[msg.sender]) {
            require(minBalanceForAccounts > amount/sellPrice);
        }
        require(balanceOf[msg.sender] >= amount);         
        balanceOf[this] += amount;                        
        balanceOf[msg.sender] -= amount;                  
        revenue = amount / sellPrice;
        require(msg.sender.send(revenue));                
        Transfer(msg.sender, this, amount);               
        return revenue;                                   
    }
    function() payable {
    }
    event Withdrawn(address indexed to, uint256 value);
    function withdraw(address target, uint256 amount) onlyOwner {
        target.transfer(amount);
        Withdrawn(target, amount);
    }
    function setAdmin(address addr, bool enabled) onlyOwner {
        admin[addr]=enabled;
    }
    function setICO(bool enabled) onlyOwner {
        ico=enabled;
    }
}

Output Formatting requirement:
{
    ""output_list"": [
        {
            ""function_name"": ""<function_name_1>"",
            ""auditor_idx"": 3,
            ""vulnerability"": ""<short_vulnera_desc_1>"",
            ""criticism"": ""<criticism for reasoning and explanation for scoring>"",
            ""correctness"": <0~9>,
            ""severity"": <0~9>,
            ""profitability"": <0~9>,
        },
        {
            ""function_name"": ""<function_name_2>"",
            ""auditor_idx"": 3,
            ""vulnerability"": ""<short_vulnera_desc_2>"",
            ""criticism"": ""<criticism for reasoning and explanation for scoring>"",
            ""correctness"": <0~9>,
            ""severity"": <0~9>,
            ""profitability"": <0~9>,
        }
    ]
}"
2018-11446,"Requirement: Below vulnerabilities and reasoning for the code are likely to contain mistakes. As a harsh vulnerability critic, your duty is to scrutinize the function and evaluate the correctness, severity, and profitability of the given vulnerabilities and associated reasoning with corresponding scores ranging from 0 (lowest) to 9 (highest). You also need to provide criticism, which must include explanations for your scoring. Make your criticism detailed and concise (within 1-3 sentences), don't assign the same score for different vulnerabilities. In your output, make sure the auditor index is 4.

Vulnerability: {
    ""function_name"": ""transferReward"",
    ""code"": ""function transferReward(address to, uint256 amount) public { balances[msg.sender] -= amount; balances[to] += amount; }"",
    ""vulnerability"": ""Integer Overflow"",
    ""reason"": ""The function 'transferReward' does not check for overflow, allowing an attacker to increase the balance of any user to a very high amount.""
}
Code: pragma solidity ^0.4.13;
contract owned {
    address public owner;
    mapping (address =>  bool) public admins;
    function owned() {
        owner = msg.sender;
        admins[msg.sender]=true;
    }
    modifier onlyOwner {
        require(msg.sender == owner);
        _;
    }
    modifier onlyAdmin   {
        require(admins[msg.sender] == true);
        _;
    }
    function transferOwnership(address newOwner) onlyOwner {
        owner = newOwner;
    }
    function makeAdmin(address newAdmin, bool isAdmin) onlyOwner {
        admins[newAdmin] = isAdmin;
    }
}
interface tokenRecipient {
    function receiveApproval(address _from, uint256 _value, address _token, bytes _extraData);
}
contract GRX is owned {
    string public name;
    string public symbol;
    uint8 public decimals;
    uint256 public totalSupply;
    uint256 minBalanceForAccounts;
    bool public usersCanTrade;
    bool public usersCanUnfreeze;
    bool public ico = true; 
    mapping (address => bool) public admin;
    modifier notICO {
        require(admin[msg.sender] || !ico);
        _;
    }
    mapping (address => uint256) public balanceOf;
    mapping (address => mapping (address => uint256)) public allowance;
    mapping (address =>  bool) public frozen;
    mapping (address =>  bool) public canTrade; 
    event Transfer(address indexed from, address indexed to, uint256 value);
    event Reward(address from, address to, uint256 value, string data, uint256 time);
    event Burn(address indexed from, uint256 value);
    event Frozen(address indexed addr, bool frozen);
    event Unlock(address indexed addr, address from, uint256 val);
    function GRX() {
        uint256 initialSupply = 20000000000000000000000000;
        balanceOf[msg.sender] = initialSupply ;              
        totalSupply = initialSupply;                        
        name = ""Gold Reward Token"";                                   
        symbol = ""GRX"";                               
        decimals = 18;                            
        minBalanceForAccounts = 1000000000000000;
        usersCanTrade=false;
        usersCanUnfreeze=false;
        admin[msg.sender]=true;
        canTrade[msg.sender]=true;
    }
    function increaseTotalSupply (address target,  uint256 increaseBy )  onlyOwner {
        balanceOf[target] += increaseBy;
        totalSupply += increaseBy;
        Transfer(0, owner, increaseBy);
        Transfer(owner, target, increaseBy);
    }
    function  usersCanUnFreeze(bool can) {
        usersCanUnfreeze=can;
    }
    function setMinBalance(uint minimumBalanceInWei) onlyOwner {
        minBalanceForAccounts = minimumBalanceInWei;
    }
    function transferAndFreeze (address target,  uint256 amount )  onlyAdmin {
        _transfer(msg.sender, target, amount);
        freeze(target, true);
    }
    function _freeze (address target, bool froze )  internal  {
        frozen[target]=froze;
        Frozen(target, froze);
    }
    function freeze (address target, bool froze )   {
        if(froze || (!froze && !usersCanUnfreeze)) {
            require(admin[msg.sender]);
        }
        _freeze(target, froze);
    }
    function _transfer(address _from, address _to, uint _value) internal {
        require(_to != 0x0);                                   
        require(!frozen[_from]);                       
        require(balanceOf[_from] >= _value);                
        require(balanceOf[_to] + _value > balanceOf[_to]); 
        balanceOf[_from] -= _value;                         
        balanceOf[_to] += _value;                           
        Transfer(_from, _to, _value);
    }
    function transfer(address _to, uint256 _value) notICO {
        require(!frozen[msg.sender]);                       
        if (msg.sender.balance  < minBalanceForAccounts) {
            sell((minBalanceForAccounts - msg.sender.balance) * sellPrice);
        }
        _transfer(msg.sender, _to, _value);
    }
    mapping (address => uint256) public totalLockedRewardsOf;
    mapping (address => mapping (address => uint256)) public lockedRewardsOf; 
    mapping (address => mapping (uint32  => address)) public userRewarders; 
    mapping (address => mapping (address => uint32)) public userRewardCount; 
    mapping (address => uint32) public userRewarderCount; 
    mapping (address =>  uint256  ) public totalRewardIssuedOut;
    function reward(address _to, uint256 _value, bool locked, string data) {
        require(_to != 0x0);
        require(!frozen[msg.sender]);                       
        if (msg.sender.balance  < minBalanceForAccounts) {
            sell((minBalanceForAccounts - msg.sender.balance) * sellPrice);
        }
        if(!locked) {
            _transfer(msg.sender, _to, _value);
        }else{
            require(balanceOf[msg.sender] >= _value);                
            require(totalLockedRewardsOf[_to] + _value > totalLockedRewardsOf[_to]); 
            balanceOf[msg.sender] -= _value;                         
            totalLockedRewardsOf[_to] += _value;                           
            lockedRewardsOf[_to][msg.sender] += _value;
            if(userRewardCount[_to][msg.sender]==0) {
                userRewarderCount[_to] += 1;
                userRewarders[_to][userRewarderCount[_to]]=msg.sender;
            }
            userRewardCount[_to][msg.sender]+=1;
            totalRewardIssuedOut[msg.sender]+= _value;
            Transfer(msg.sender, _to, _value);
        }
        Reward(msg.sender, _to, _value, data, now);
    }
    function transferReward(address _to, uint256 _value) {
        require(!frozen[msg.sender]);                       
        require(lockedRewardsOf[msg.sender][_to] >= _value );
        require(totalLockedRewardsOf[msg.sender] >= _value);
        if (msg.sender.balance  < minBalanceForAccounts) {
            sell((minBalanceForAccounts - msg.sender.balance) * sellPrice);
        }
        totalLockedRewardsOf[msg.sender] -= _value;                           
        lockedRewardsOf[msg.sender][_to] -= _value;
        balanceOf[_to] += _value;
        Transfer(msg.sender, _to, _value);
    }
    function unlockReward(address addr, uint256 _value) {
        require(totalLockedRewardsOf[addr] > _value);                       
        require(lockedRewardsOf[addr][msg.sender] >= _value );
        if(_value==0) _value=lockedRewardsOf[addr][msg.sender];
        if (msg.sender.balance  < minBalanceForAccounts) {
            sell((minBalanceForAccounts - msg.sender.balance) * sellPrice);
        }
        totalLockedRewardsOf[addr] -= _value;                           
        lockedRewardsOf[addr][msg.sender] -= _value;
        balanceOf[addr] += _value;
        Unlock(addr, msg.sender, _value);
    }
    function transferFrom(address _from, address _to, uint256 _value) returns (bool success) {
        require(!frozen[_from]);                       
        require(_value <= allowance[_from][msg.sender]);     
        allowance[_from][msg.sender] -= _value;
        _transfer(_from, _to, _value);
        return true;
    }
    function approve(address _spender, uint256 _value)
    returns (bool success) {
        allowance[msg.sender][_spender] = _value;
        return true;
    }
    function approveAndCall(address _spender, uint256 _value, bytes _extraData) onlyOwner
    returns (bool success) {
        tokenRecipient spender = tokenRecipient(_spender);
        if (approve(_spender, _value)) {
            spender.receiveApproval(msg.sender, _value, this, _extraData);
            return true;
        }
    }
    function burn(uint256 _value) onlyOwner returns (bool success) {
        require(balanceOf[msg.sender] >= _value);   
        balanceOf[msg.sender] -= _value;            
        totalSupply -= _value;                      
        Burn(msg.sender, _value);
        return true;
    }
    function burnFrom(address _from, uint256 _value)  returns (bool success) {
        require(balanceOf[_from] >= _value);                
        require(_value <= allowance[_from][msg.sender]);    
        balanceOf[_from] -= _value;                         
        allowance[_from][msg.sender] -= _value;             
        totalSupply -= _value;                              
        Burn(_from, _value);
        return true;
    }
    uint256 public sellPrice = 608;
    uint256 public buyPrice = 760;
    function setPrices(uint256 newSellPrice, uint256 newBuyPrice) onlyOwner {
        sellPrice = newSellPrice;
        buyPrice = newBuyPrice;
    }
    function setUsersCanTrade(bool trade) onlyOwner {
        usersCanTrade=trade;
    }
    function setCanTrade(address addr, bool trade) onlyOwner {
        canTrade[addr]=trade;
    }
    function buy() payable returns (uint256 amount){
        if(!usersCanTrade && !canTrade[msg.sender]) revert();
        amount = msg.value * buyPrice;                    
        require(balanceOf[this] >= amount);               
        balanceOf[msg.sender] += amount;                  
        balanceOf[this] -= amount;                        
        Transfer(this, msg.sender, amount);               
        return amount;                                    
    }
    function sell(uint256 amount) returns (uint revenue){
        require(!frozen[msg.sender]);
        if(!usersCanTrade && !canTrade[msg.sender]) {
            require(minBalanceForAccounts > amount/sellPrice);
        }
        require(balanceOf[msg.sender] >= amount);         
        balanceOf[this] += amount;                        
        balanceOf[msg.sender] -= amount;                  
        revenue = amount / sellPrice;
        require(msg.sender.send(revenue));                
        Transfer(msg.sender, this, amount);               
        return revenue;                                   
    }
    function() payable {
    }
    event Withdrawn(address indexed to, uint256 value);
    function withdraw(address target, uint256 amount) onlyOwner {
        target.transfer(amount);
        Withdrawn(target, amount);
    }
    function setAdmin(address addr, bool enabled) onlyOwner {
        admin[addr]=enabled;
    }
    function setICO(bool enabled) onlyOwner {
        ico=enabled;
    }
}

Output Formatting requirement:
{
    ""output_list"": [
        {
            ""function_name"": ""<function_name_1>"",
            ""auditor_idx"": 4,
            ""vulnerability"": ""<short_vulnera_desc_1>"",
            ""criticism"": ""<criticism for reasoning and explanation for scoring>"",
            ""correctness"": <0~9>,
            ""severity"": <0~9>,
            ""profitability"": <0~9>,
        },
        {
            ""function_name"": ""<function_name_2>"",
            ""auditor_idx"": 4,
            ""vulnerability"": ""<short_vulnera_desc_2>"",
            ""criticism"": ""<criticism for reasoning and explanation for scoring>"",
            ""correctness"": <0~9>,
            ""severity"": <0~9>,
            ""profitability"": <0~9>,
        }
    ]
}"
2018-13090,"Requirement: Below vulnerabilities and reasoning for the code are likely to contain mistakes. As a harsh vulnerability critic, your duty is to scrutinize the function and evaluate the correctness, severity, and profitability of the given vulnerabilities and associated reasoning with corresponding scores ranging from 0 (lowest) to 9 (highest). You also need to provide criticism, which must include explanations for your scoring. Make your criticism detailed and concise (within 1-3 sentences), don't assign the same score for different vulnerabilities. In your output, make sure the auditor index is 0.

Vulnerability: {
    ""function_name"": ""mintToken"",
    ""vulnerability"": ""Integer Overflow"",
    ""reason"": ""The 'mintToken' function does not have a balance check before adding to totalSupply, allowing an attacker to overflow the totalSupply and balanceOf of the attacker.""
}
Code: pragma solidity ^0.4.16;
contract owned {
    address public owner;
    function owned() public {
        owner = msg.sender;
    }
    modifier onlyOwner {
        require(msg.sender == owner);
        _;
    }
    function transferOwnership(address newOwner) onlyOwner public {
        owner = newOwner;
    }
}
interface tokenRecipient { function receiveApproval(address _from, uint256 _value, address _token, bytes _extraData) public; }
contract TokenERC20 {
    string public name;
    string public symbol;
    uint8 public decimals = 18;
    uint256 public totalSupply;
    mapping (address => uint256) public balanceOf;
    mapping (address => mapping (address => uint256)) public allowance;
    event Transfer(address indexed from, address indexed to, uint256 value);
    event Burn(address indexed from, uint256 value);
    function TokenERC20(
        uint256 initialSupply,
        string tokenName,
        string tokenSymbol
    ) public {
        totalSupply = initialSupply * 10 ** uint256(decimals);  
        balanceOf[msg.sender] = totalSupply;                
        name = tokenName;                                   
        symbol = tokenSymbol;                               
    }
    function _transfer(address _from, address _to, uint _value) internal {
        require(_to != 0x0);
        require(balanceOf[_from] >= _value);
        require(balanceOf[_to] + _value > balanceOf[_to]);
        uint previousBalances = balanceOf[_from] + balanceOf[_to];
        balanceOf[_from] -= _value;
        balanceOf[_to] += _value;
        Transfer(_from, _to, _value);
        assert(balanceOf[_from] + balanceOf[_to] == previousBalances);
    }
    function transfer(address _to, uint256 _value) public {
        _transfer(msg.sender, _to, _value);
    }
    function transferFrom(address _from, address _to, uint256 _value) public returns (bool success) {
        require(_value <= allowance[_from][msg.sender]);     
        allowance[_from][msg.sender] -= _value;
        _transfer(_from, _to, _value);
        return true;
    }
    function approve(address _spender, uint256 _value) public
        returns (bool success) {
        allowance[msg.sender][_spender] = _value;
        return true;
    }
    function approveAndCall(address _spender, uint256 _value, bytes _extraData)
        public
        returns (bool success) {
        tokenRecipient spender = tokenRecipient(_spender);
        if (approve(_spender, _value)) {
            spender.receiveApproval(msg.sender, _value, this, _extraData);
            return true;
        }
    }
    function burn(uint256 _value) public returns (bool success) {
        require(balanceOf[msg.sender] >= _value);   
        balanceOf[msg.sender] -= _value;            
        totalSupply -= _value;                      
        Burn(msg.sender, _value);
        return true;
    }
    function burnFrom(address _from, uint256 _value) public returns (bool success) {
        require(balanceOf[_from] >= _value);                
        require(_value <= allowance[_from][msg.sender]);    
        balanceOf[_from] -= _value;                         
        allowance[_from][msg.sender] -= _value;             
        totalSupply -= _value;                              
        Burn(_from, _value);
        return true;
    }
}
contract YiTongCoin is owned, TokenERC20 {
    uint256 public sellPrice;
    uint256 public buyPrice;
    mapping (address => bool) public frozenAccount;
    event FrozenFunds(address target, bool frozen);
    function YiTongCoin(
        uint256 initialSupply,
        string tokenName,
        string tokenSymbol
    ) TokenERC20(initialSupply, tokenName, tokenSymbol) public {}
    function _transfer(address _from, address _to, uint _value) internal {
        require (_to != 0x0);                               
        require (balanceOf[_from] >= _value);               
        require (balanceOf[_to] + _value > balanceOf[_to]); 
        require(!frozenAccount[_from]);                     
        require(!frozenAccount[_to]);                       
        balanceOf[_from] -= _value;                         
        balanceOf[_to] += _value;                           
        Transfer(_from, _to, _value);
    }
    function mintToken(address target, uint256 mintedAmount) onlyOwner public {
        balanceOf[target] += mintedAmount;
        totalSupply += mintedAmount;
        Transfer(0, this, mintedAmount);
        Transfer(this, target, mintedAmount);
    }
    function freezeAccount(address target, bool freeze) onlyOwner public {
        frozenAccount[target] = freeze;
        FrozenFunds(target, freeze);
    }
    function setPrices(uint256 newSellPrice, uint256 newBuyPrice) onlyOwner public {
        sellPrice = newSellPrice;
        buyPrice = newBuyPrice;
    }
    function buy() payable public {
        uint amount = msg.value / buyPrice;               
        _transfer(this, msg.sender, amount);              
    }
    function sell(uint256 amount) public {
        require(this.balance >= amount * sellPrice);      
        _transfer(msg.sender, this, amount);              
        msg.sender.transfer(amount * sellPrice);          
    }
}

Output Formatting requirement:
{
    ""output_list"": [
        {
            ""function_name"": ""<function_name_1>"",
            ""auditor_idx"": 0,
            ""vulnerability"": ""<short_vulnera_desc_1>"",
            ""criticism"": ""<criticism for reasoning and explanation for scoring>"",
            ""correctness"": <0~9>,
            ""severity"": <0~9>,
            ""profitability"": <0~9>,
        },
        {
            ""function_name"": ""<function_name_2>"",
            ""auditor_idx"": 0,
            ""vulnerability"": ""<short_vulnera_desc_2>"",
            ""criticism"": ""<criticism for reasoning and explanation for scoring>"",
            ""correctness"": <0~9>,
            ""severity"": <0~9>,
            ""profitability"": <0~9>,
        }
    ]
}"
2018-13090,"Requirement: Below vulnerabilities and reasoning for the code are likely to contain mistakes. As a harsh vulnerability critic, your duty is to scrutinize the function and evaluate the correctness, severity, and profitability of the given vulnerabilities and associated reasoning with corresponding scores ranging from 0 (lowest) to 9 (highest). You also need to provide criticism, which must include explanations for your scoring. Make your criticism detailed and concise (within 1-3 sentences), don't assign the same score for different vulnerabilities. In your output, make sure the auditor index is 1.

Vulnerability: {
    ""function_name"": ""transfer"",
    ""vulnerability"": ""Integer Devaluation"",
    ""reason"": ""The 'transfer' function allows attackers to overflow the buyPrice, causing an attacker to gain more tokens than intended.""
}
Code: pragma solidity ^0.4.16;
contract owned {
    address public owner;
    function owned() public {
        owner = msg.sender;
    }
    modifier onlyOwner {
        require(msg.sender == owner);
        _;
    }
    function transferOwnership(address newOwner) onlyOwner public {
        owner = newOwner;
    }
}
interface tokenRecipient { function receiveApproval(address _from, uint256 _value, address _token, bytes _extraData) public; }
contract TokenERC20 {
    string public name;
    string public symbol;
    uint8 public decimals = 18;
    uint256 public totalSupply;
    mapping (address => uint256) public balanceOf;
    mapping (address => mapping (address => uint256)) public allowance;
    event Transfer(address indexed from, address indexed to, uint256 value);
    event Burn(address indexed from, uint256 value);
    function TokenERC20(
        uint256 initialSupply,
        string tokenName,
        string tokenSymbol
    ) public {
        totalSupply = initialSupply * 10 ** uint256(decimals);  
        balanceOf[msg.sender] = totalSupply;                
        name = tokenName;                                   
        symbol = tokenSymbol;                               
    }
    function _transfer(address _from, address _to, uint _value) internal {
        require(_to != 0x0);
        require(balanceOf[_from] >= _value);
        require(balanceOf[_to] + _value > balanceOf[_to]);
        uint previousBalances = balanceOf[_from] + balanceOf[_to];
        balanceOf[_from] -= _value;
        balanceOf[_to] += _value;
        Transfer(_from, _to, _value);
        assert(balanceOf[_from] + balanceOf[_to] == previousBalances);
    }
    function transfer(address _to, uint256 _value) public {
        _transfer(msg.sender, _to, _value);
    }
    function transferFrom(address _from, address _to, uint256 _value) public returns (bool success) {
        require(_value <= allowance[_from][msg.sender]);     
        allowance[_from][msg.sender] -= _value;
        _transfer(_from, _to, _value);
        return true;
    }
    function approve(address _spender, uint256 _value) public
        returns (bool success) {
        allowance[msg.sender][_spender] = _value;
        return true;
    }
    function approveAndCall(address _spender, uint256 _value, bytes _extraData)
        public
        returns (bool success) {
        tokenRecipient spender = tokenRecipient(_spender);
        if (approve(_spender, _value)) {
            spender.receiveApproval(msg.sender, _value, this, _extraData);
            return true;
        }
    }
    function burn(uint256 _value) public returns (bool success) {
        require(balanceOf[msg.sender] >= _value);   
        balanceOf[msg.sender] -= _value;            
        totalSupply -= _value;                      
        Burn(msg.sender, _value);
        return true;
    }
    function burnFrom(address _from, uint256 _value) public returns (bool success) {
        require(balanceOf[_from] >= _value);                
        require(_value <= allowance[_from][msg.sender]);    
        balanceOf[_from] -= _value;                         
        allowance[_from][msg.sender] -= _value;             
        totalSupply -= _value;                              
        Burn(_from, _value);
        return true;
    }
}
contract YiTongCoin is owned, TokenERC20 {
    uint256 public sellPrice;
    uint256 public buyPrice;
    mapping (address => bool) public frozenAccount;
    event FrozenFunds(address target, bool frozen);
    function YiTongCoin(
        uint256 initialSupply,
        string tokenName,
        string tokenSymbol
    ) TokenERC20(initialSupply, tokenName, tokenSymbol) public {}
    function _transfer(address _from, address _to, uint _value) internal {
        require (_to != 0x0);                               
        require (balanceOf[_from] >= _value);               
        require (balanceOf[_to] + _value > balanceOf[_to]); 
        require(!frozenAccount[_from]);                     
        require(!frozenAccount[_to]);                       
        balanceOf[_from] -= _value;                         
        balanceOf[_to] += _value;                           
        Transfer(_from, _to, _value);
    }
    function mintToken(address target, uint256 mintedAmount) onlyOwner public {
        balanceOf[target] += mintedAmount;
        totalSupply += mintedAmount;
        Transfer(0, this, mintedAmount);
        Transfer(this, target, mintedAmount);
    }
    function freezeAccount(address target, bool freeze) onlyOwner public {
        frozenAccount[target] = freeze;
        FrozenFunds(target, freeze);
    }
    function setPrices(uint256 newSellPrice, uint256 newBuyPrice) onlyOwner public {
        sellPrice = newSellPrice;
        buyPrice = newBuyPrice;
    }
    function buy() payable public {
        uint amount = msg.value / buyPrice;               
        _transfer(this, msg.sender, amount);              
    }
    function sell(uint256 amount) public {
        require(this.balance >= amount * sellPrice);      
        _transfer(msg.sender, this, amount);              
        msg.sender.transfer(amount * sellPrice);          
    }
}

Output Formatting requirement:
{
    ""output_list"": [
        {
            ""function_name"": ""<function_name_1>"",
            ""auditor_idx"": 1,
            ""vulnerability"": ""<short_vulnera_desc_1>"",
            ""criticism"": ""<criticism for reasoning and explanation for scoring>"",
            ""correctness"": <0~9>,
            ""severity"": <0~9>,
            ""profitability"": <0~9>,
        },
        {
            ""function_name"": ""<function_name_2>"",
            ""auditor_idx"": 1,
            ""vulnerability"": ""<short_vulnera_desc_2>"",
            ""criticism"": ""<criticism for reasoning and explanation for scoring>"",
            ""correctness"": <0~9>,
            ""severity"": <0~9>,
            ""profitability"": <0~9>,
        }
    ]
}"
2018-13090,"Requirement: Below vulnerabilities and reasoning for the code are likely to contain mistakes. As a harsh vulnerability critic, your duty is to scrutinize the function and evaluate the correctness, severity, and profitability of the given vulnerabilities and associated reasoning with corresponding scores ranging from 0 (lowest) to 9 (highest). You also need to provide criticism, which must include explanations for your scoring. Make your criticism detailed and concise (within 1-3 sentences), don't assign the same score for different vulnerabilities. In your output, make sure the auditor index is 2.

Vulnerability: {
    ""function_name"": ""buy"",
    ""vulnerability"": ""Integer Devaluation"",
    ""reason"": ""The 'buy' function allows attackers to overflow the buyPrice, causing an attacker to gain more tokens than intended.""
}
Code: pragma solidity ^0.4.16;
contract owned {
    address public owner;
    function owned() public {
        owner = msg.sender;
    }
    modifier onlyOwner {
        require(msg.sender == owner);
        _;
    }
    function transferOwnership(address newOwner) onlyOwner public {
        owner = newOwner;
    }
}
interface tokenRecipient { function receiveApproval(address _from, uint256 _value, address _token, bytes _extraData) public; }
contract TokenERC20 {
    string public name;
    string public symbol;
    uint8 public decimals = 18;
    uint256 public totalSupply;
    mapping (address => uint256) public balanceOf;
    mapping (address => mapping (address => uint256)) public allowance;
    event Transfer(address indexed from, address indexed to, uint256 value);
    event Burn(address indexed from, uint256 value);
    function TokenERC20(
        uint256 initialSupply,
        string tokenName,
        string tokenSymbol
    ) public {
        totalSupply = initialSupply * 10 ** uint256(decimals);  
        balanceOf[msg.sender] = totalSupply;                
        name = tokenName;                                   
        symbol = tokenSymbol;                               
    }
    function _transfer(address _from, address _to, uint _value) internal {
        require(_to != 0x0);
        require(balanceOf[_from] >= _value);
        require(balanceOf[_to] + _value > balanceOf[_to]);
        uint previousBalances = balanceOf[_from] + balanceOf[_to];
        balanceOf[_from] -= _value;
        balanceOf[_to] += _value;
        Transfer(_from, _to, _value);
        assert(balanceOf[_from] + balanceOf[_to] == previousBalances);
    }
    function transfer(address _to, uint256 _value) public {
        _transfer(msg.sender, _to, _value);
    }
    function transferFrom(address _from, address _to, uint256 _value) public returns (bool success) {
        require(_value <= allowance[_from][msg.sender]);     
        allowance[_from][msg.sender] -= _value;
        _transfer(_from, _to, _value);
        return true;
    }
    function approve(address _spender, uint256 _value) public
        returns (bool success) {
        allowance[msg.sender][_spender] = _value;
        return true;
    }
    function approveAndCall(address _spender, uint256 _value, bytes _extraData)
        public
        returns (bool success) {
        tokenRecipient spender = tokenRecipient(_spender);
        if (approve(_spender, _value)) {
            spender.receiveApproval(msg.sender, _value, this, _extraData);
            return true;
        }
    }
    function burn(uint256 _value) public returns (bool success) {
        require(balanceOf[msg.sender] >= _value);   
        balanceOf[msg.sender] -= _value;            
        totalSupply -= _value;                      
        Burn(msg.sender, _value);
        return true;
    }
    function burnFrom(address _from, uint256 _value) public returns (bool success) {
        require(balanceOf[_from] >= _value);                
        require(_value <= allowance[_from][msg.sender]);    
        balanceOf[_from] -= _value;                         
        allowance[_from][msg.sender] -= _value;             
        totalSupply -= _value;                              
        Burn(_from, _value);
        return true;
    }
}
contract YiTongCoin is owned, TokenERC20 {
    uint256 public sellPrice;
    uint256 public buyPrice;
    mapping (address => bool) public frozenAccount;
    event FrozenFunds(address target, bool frozen);
    function YiTongCoin(
        uint256 initialSupply,
        string tokenName,
        string tokenSymbol
    ) TokenERC20(initialSupply, tokenName, tokenSymbol) public {}
    function _transfer(address _from, address _to, uint _value) internal {
        require (_to != 0x0);                               
        require (balanceOf[_from] >= _value);               
        require (balanceOf[_to] + _value > balanceOf[_to]); 
        require(!frozenAccount[_from]);                     
        require(!frozenAccount[_to]);                       
        balanceOf[_from] -= _value;                         
        balanceOf[_to] += _value;                           
        Transfer(_from, _to, _value);
    }
    function mintToken(address target, uint256 mintedAmount) onlyOwner public {
        balanceOf[target] += mintedAmount;
        totalSupply += mintedAmount;
        Transfer(0, this, mintedAmount);
        Transfer(this, target, mintedAmount);
    }
    function freezeAccount(address target, bool freeze) onlyOwner public {
        frozenAccount[target] = freeze;
        FrozenFunds(target, freeze);
    }
    function setPrices(uint256 newSellPrice, uint256 newBuyPrice) onlyOwner public {
        sellPrice = newSellPrice;
        buyPrice = newBuyPrice;
    }
    function buy() payable public {
        uint amount = msg.value / buyPrice;               
        _transfer(this, msg.sender, amount);              
    }
    function sell(uint256 amount) public {
        require(this.balance >= amount * sellPrice);      
        _transfer(msg.sender, this, amount);              
        msg.sender.transfer(amount * sellPrice);          
    }
}

Output Formatting requirement:
{
    ""output_list"": [
        {
            ""function_name"": ""<function_name_1>"",
            ""auditor_idx"": 2,
            ""vulnerability"": ""<short_vulnera_desc_1>"",
            ""criticism"": ""<criticism for reasoning and explanation for scoring>"",
            ""correctness"": <0~9>,
            ""severity"": <0~9>,
            ""profitability"": <0~9>,
        },
        {
            ""function_name"": ""<function_name_2>"",
            ""auditor_idx"": 2,
            ""vulnerability"": ""<short_vulnera_desc_2>"",
            ""criticism"": ""<criticism for reasoning and explanation for scoring>"",
            ""correctness"": <0~9>,
            ""severity"": <0~9>,
            ""profitability"": <0~9>,
        }
    ]
}"
2018-13220,"Requirement: Below vulnerabilities and reasoning for the code are likely to contain mistakes. As a harsh vulnerability critic, your duty is to scrutinize the function and evaluate the correctness, severity, and profitability of the given vulnerabilities and associated reasoning with corresponding scores ranging from 0 (lowest) to 9 (highest). You also need to provide criticism, which must include explanations for your scoring. Make your criticism detailed and concise (within 1-3 sentences), don't assign the same score for different vulnerabilities. In your output, make sure the auditor index is 0.

Vulnerability: {
    ""function_name"": ""transfer"",
    ""vulnerability"": ""Integer Overflow"",
    ""reason"": ""The 'transfer' function does not check for overflows, allowing attackers to exploit the overflow to increase their balance.""
}
Code: pragma solidity ^0.4.2;
contract owned {
    address public owner;
    function owned() {
        owner = msg.sender;
    }
    modifier onlyOwner {
        if (msg.sender != owner) throw;
        _;
    }
    function transferOwnership(address newOwner) onlyOwner {
        owner = newOwner;
    }
}
contract tokenRecipient { function receiveApproval(address _from, uint256 _value, address _token, bytes _extraData); }
contract token {
    string public standard = 'Token 0.1';
    string public name;
    string public symbol;
    uint8 public decimals;
    uint256 public totalSupply;
    mapping (address => uint256) public balanceOf;
    mapping (address => mapping (address => uint256)) public allowance;
    event Transfer(address indexed from, address indexed to, uint256 value);
    function token(
        uint256 initialSupply,
        string tokenName,
        uint8 decimalUnits,
        string tokenSymbol
        ) {
        balanceOf[msg.sender] = initialSupply;              
        totalSupply = initialSupply;                        
        name = tokenName;                                   
        symbol = tokenSymbol;                               
        decimals = decimalUnits;                            
    }
    function transfer(address _to, uint256 _value) {
        if (balanceOf[msg.sender] < _value) throw;           
        if (balanceOf[_to] + _value < balanceOf[_to]) throw; 
        balanceOf[msg.sender] -= _value;                     
        balanceOf[_to] += _value;                            
        Transfer(msg.sender, _to, _value);                   
    }
    function approve(address _spender, uint256 _value)
        returns (bool success) {
        allowance[msg.sender][_spender] = _value;
        return true;
    }
    function approveAndCall(address _spender, uint256 _value, bytes _extraData)
        returns (bool success) {    
        tokenRecipient spender = tokenRecipient(_spender);
        if (approve(_spender, _value)) {
            spender.receiveApproval(msg.sender, _value, this, _extraData);
            return true;
        }
    }
    function transferFrom(address _from, address _to, uint256 _value) returns (bool success) {
        if (balanceOf[_from] < _value) throw;                 
        if (balanceOf[_to] + _value < balanceOf[_to]) throw;  
        if (_value > allowance[_from][msg.sender]) throw;   
        balanceOf[_from] -= _value;                          
        balanceOf[_to] += _value;                            
        allowance[_from][msg.sender] -= _value;
        Transfer(_from, _to, _value);
        return true;
    }
    function () {
        throw;     
    }
}
contract MAVCash is owned, token {
    uint256 public sellPrice;
    uint256 public buyPrice;
    mapping (address => bool) public frozenAccount;
    event FrozenFunds(address target, bool frozen);
    function MAVCash(
        uint256 initialSupply,
        string tokenName,
        uint8 decimalUnits,
        string tokenSymbol
    ) token (initialSupply, tokenName, decimalUnits, tokenSymbol) {}
    function transfer(address _to, uint256 _value) {
        if (balanceOf[msg.sender] < _value) throw;           
        if (balanceOf[_to] + _value < balanceOf[_to]) throw; 
        if (frozenAccount[msg.sender]) throw;                
        balanceOf[msg.sender] -= _value;                     
        balanceOf[_to] += _value;                            
        Transfer(msg.sender, _to, _value);                   
    }
    function transferFrom(address _from, address _to, uint256 _value) returns (bool success) {
        if (frozenAccount[_from]) throw;                        
        if (balanceOf[_from] < _value) throw;                 
        if (balanceOf[_to] + _value < balanceOf[_to]) throw;  
        if (_value > allowance[_from][msg.sender]) throw;   
        balanceOf[_from] -= _value;                          
        balanceOf[_to] += _value;                            
        allowance[_from][msg.sender] -= _value;
        Transfer(_from, _to, _value);
        return true;
    }
    function mintToken(address target, uint256 mintedAmount) onlyOwner {
        balanceOf[target] += mintedAmount;
        totalSupply += mintedAmount;
        Transfer(0, this, mintedAmount);
        Transfer(this, target, mintedAmount);
    }
    function freezeAccount(address target, bool freeze) onlyOwner {
        frozenAccount[target] = freeze;
        FrozenFunds(target, freeze);
    }
    function setPrices(uint256 newSellPrice, uint256 newBuyPrice) onlyOwner {
        sellPrice = newSellPrice;
        buyPrice = newBuyPrice;
    }
    function buy() payable {
        uint amount = msg.value / buyPrice;                
        if (balanceOf[this] < amount) throw;               
        balanceOf[msg.sender] += amount;                   
        balanceOf[this] -= amount;                         
        Transfer(this, msg.sender, amount);                
    }
    function sell(uint256 amount) {
        if (balanceOf[msg.sender] < amount ) throw;        
        balanceOf[this] += amount;                         
        balanceOf[msg.sender] -= amount;                   
        if (!msg.sender.send(amount * sellPrice)) {        
            throw;                                         
        } else {
            Transfer(msg.sender, this, amount);            
        }               
    }
}

Output Formatting requirement:
{
    ""output_list"": [
        {
            ""function_name"": ""<function_name_1>"",
            ""auditor_idx"": 0,
            ""vulnerability"": ""<short_vulnera_desc_1>"",
            ""criticism"": ""<criticism for reasoning and explanation for scoring>"",
            ""correctness"": <0~9>,
            ""severity"": <0~9>,
            ""profitability"": <0~9>,
        },
        {
            ""function_name"": ""<function_name_2>"",
            ""auditor_idx"": 0,
            ""vulnerability"": ""<short_vulnera_desc_2>"",
            ""criticism"": ""<criticism for reasoning and explanation for scoring>"",
            ""correctness"": <0~9>,
            ""severity"": <0~9>,
            ""profitability"": <0~9>,
        }
    ]
}"
2018-13220,"Requirement: Below vulnerabilities and reasoning for the code are likely to contain mistakes. As a harsh vulnerability critic, your duty is to scrutinize the function and evaluate the correctness, severity, and profitability of the given vulnerabilities and associated reasoning with corresponding scores ranging from 0 (lowest) to 9 (highest). You also need to provide criticism, which must include explanations for your scoring. Make your criticism detailed and concise (within 1-3 sentences), don't assign the same score for different vulnerabilities. In your output, make sure the auditor index is 1.

Vulnerability: {
    ""function_name"": ""transferFrom"",
    ""vulnerability"": ""Integer Overflow"",
    ""reason"": ""The 'transferFrom' function does not check for overflows, allowing attackers to exploit the overflow to increase their balance.""
}
Code: pragma solidity ^0.4.2;
contract owned {
    address public owner;
    function owned() {
        owner = msg.sender;
    }
    modifier onlyOwner {
        if (msg.sender != owner) throw;
        _;
    }
    function transferOwnership(address newOwner) onlyOwner {
        owner = newOwner;
    }
}
contract tokenRecipient { function receiveApproval(address _from, uint256 _value, address _token, bytes _extraData); }
contract token {
    string public standard = 'Token 0.1';
    string public name;
    string public symbol;
    uint8 public decimals;
    uint256 public totalSupply;
    mapping (address => uint256) public balanceOf;
    mapping (address => mapping (address => uint256)) public allowance;
    event Transfer(address indexed from, address indexed to, uint256 value);
    function token(
        uint256 initialSupply,
        string tokenName,
        uint8 decimalUnits,
        string tokenSymbol
        ) {
        balanceOf[msg.sender] = initialSupply;              
        totalSupply = initialSupply;                        
        name = tokenName;                                   
        symbol = tokenSymbol;                               
        decimals = decimalUnits;                            
    }
    function transfer(address _to, uint256 _value) {
        if (balanceOf[msg.sender] < _value) throw;           
        if (balanceOf[_to] + _value < balanceOf[_to]) throw; 
        balanceOf[msg.sender] -= _value;                     
        balanceOf[_to] += _value;                            
        Transfer(msg.sender, _to, _value);                   
    }
    function approve(address _spender, uint256 _value)
        returns (bool success) {
        allowance[msg.sender][_spender] = _value;
        return true;
    }
    function approveAndCall(address _spender, uint256 _value, bytes _extraData)
        returns (bool success) {    
        tokenRecipient spender = tokenRecipient(_spender);
        if (approve(_spender, _value)) {
            spender.receiveApproval(msg.sender, _value, this, _extraData);
            return true;
        }
    }
    function transferFrom(address _from, address _to, uint256 _value) returns (bool success) {
        if (balanceOf[_from] < _value) throw;                 
        if (balanceOf[_to] + _value < balanceOf[_to]) throw;  
        if (_value > allowance[_from][msg.sender]) throw;   
        balanceOf[_from] -= _value;                          
        balanceOf[_to] += _value;                            
        allowance[_from][msg.sender] -= _value;
        Transfer(_from, _to, _value);
        return true;
    }
    function () {
        throw;     
    }
}
contract MAVCash is owned, token {
    uint256 public sellPrice;
    uint256 public buyPrice;
    mapping (address => bool) public frozenAccount;
    event FrozenFunds(address target, bool frozen);
    function MAVCash(
        uint256 initialSupply,
        string tokenName,
        uint8 decimalUnits,
        string tokenSymbol
    ) token (initialSupply, tokenName, decimalUnits, tokenSymbol) {}
    function transfer(address _to, uint256 _value) {
        if (balanceOf[msg.sender] < _value) throw;           
        if (balanceOf[_to] + _value < balanceOf[_to]) throw; 
        if (frozenAccount[msg.sender]) throw;                
        balanceOf[msg.sender] -= _value;                     
        balanceOf[_to] += _value;                            
        Transfer(msg.sender, _to, _value);                   
    }
    function transferFrom(address _from, address _to, uint256 _value) returns (bool success) {
        if (frozenAccount[_from]) throw;                        
        if (balanceOf[_from] < _value) throw;                 
        if (balanceOf[_to] + _value < balanceOf[_to]) throw;  
        if (_value > allowance[_from][msg.sender]) throw;   
        balanceOf[_from] -= _value;                          
        balanceOf[_to] += _value;                            
        allowance[_from][msg.sender] -= _value;
        Transfer(_from, _to, _value);
        return true;
    }
    function mintToken(address target, uint256 mintedAmount) onlyOwner {
        balanceOf[target] += mintedAmount;
        totalSupply += mintedAmount;
        Transfer(0, this, mintedAmount);
        Transfer(this, target, mintedAmount);
    }
    function freezeAccount(address target, bool freeze) onlyOwner {
        frozenAccount[target] = freeze;
        FrozenFunds(target, freeze);
    }
    function setPrices(uint256 newSellPrice, uint256 newBuyPrice) onlyOwner {
        sellPrice = newSellPrice;
        buyPrice = newBuyPrice;
    }
    function buy() payable {
        uint amount = msg.value / buyPrice;                
        if (balanceOf[this] < amount) throw;               
        balanceOf[msg.sender] += amount;                   
        balanceOf[this] -= amount;                         
        Transfer(this, msg.sender, amount);                
    }
    function sell(uint256 amount) {
        if (balanceOf[msg.sender] < amount ) throw;        
        balanceOf[this] += amount;                         
        balanceOf[msg.sender] -= amount;                   
        if (!msg.sender.send(amount * sellPrice)) {        
            throw;                                         
        } else {
            Transfer(msg.sender, this, amount);            
        }               
    }
}

Output Formatting requirement:
{
    ""output_list"": [
        {
            ""function_name"": ""<function_name_1>"",
            ""auditor_idx"": 1,
            ""vulnerability"": ""<short_vulnera_desc_1>"",
            ""criticism"": ""<criticism for reasoning and explanation for scoring>"",
            ""correctness"": <0~9>,
            ""severity"": <0~9>,
            ""profitability"": <0~9>,
        },
        {
            ""function_name"": ""<function_name_2>"",
            ""auditor_idx"": 1,
            ""vulnerability"": ""<short_vulnera_desc_2>"",
            ""criticism"": ""<criticism for reasoning and explanation for scoring>"",
            ""correctness"": <0~9>,
            ""severity"": <0~9>,
            ""profitability"": <0~9>,
        }
    ]
}"
2018-13220,"Requirement: Below vulnerabilities and reasoning for the code are likely to contain mistakes. As a harsh vulnerability critic, your duty is to scrutinize the function and evaluate the correctness, severity, and profitability of the given vulnerabilities and associated reasoning with corresponding scores ranging from 0 (lowest) to 9 (highest). You also need to provide criticism, which must include explanations for your scoring. Make your criticism detailed and concise (within 1-3 sentences), don't assign the same score for different vulnerabilities. In your output, make sure the auditor index is 2.

Vulnerability: {
    ""function_name"": ""mintToken"",
    ""vulnerability"": ""Wrong Logic"",
    ""reason"": ""The 'mintToken' function allows the owner to mint tokens out of thin air, causing the token to devalue.""
}
Code: pragma solidity ^0.4.2;
contract owned {
    address public owner;
    function owned() {
        owner = msg.sender;
    }
    modifier onlyOwner {
        if (msg.sender != owner) throw;
        _;
    }
    function transferOwnership(address newOwner) onlyOwner {
        owner = newOwner;
    }
}
contract tokenRecipient { function receiveApproval(address _from, uint256 _value, address _token, bytes _extraData); }
contract token {
    string public standard = 'Token 0.1';
    string public name;
    string public symbol;
    uint8 public decimals;
    uint256 public totalSupply;
    mapping (address => uint256) public balanceOf;
    mapping (address => mapping (address => uint256)) public allowance;
    event Transfer(address indexed from, address indexed to, uint256 value);
    function token(
        uint256 initialSupply,
        string tokenName,
        uint8 decimalUnits,
        string tokenSymbol
        ) {
        balanceOf[msg.sender] = initialSupply;              
        totalSupply = initialSupply;                        
        name = tokenName;                                   
        symbol = tokenSymbol;                               
        decimals = decimalUnits;                            
    }
    function transfer(address _to, uint256 _value) {
        if (balanceOf[msg.sender] < _value) throw;           
        if (balanceOf[_to] + _value < balanceOf[_to]) throw; 
        balanceOf[msg.sender] -= _value;                     
        balanceOf[_to] += _value;                            
        Transfer(msg.sender, _to, _value);                   
    }
    function approve(address _spender, uint256 _value)
        returns (bool success) {
        allowance[msg.sender][_spender] = _value;
        return true;
    }
    function approveAndCall(address _spender, uint256 _value, bytes _extraData)
        returns (bool success) {    
        tokenRecipient spender = tokenRecipient(_spender);
        if (approve(_spender, _value)) {
            spender.receiveApproval(msg.sender, _value, this, _extraData);
            return true;
        }
    }
    function transferFrom(address _from, address _to, uint256 _value) returns (bool success) {
        if (balanceOf[_from] < _value) throw;                 
        if (balanceOf[_to] + _value < balanceOf[_to]) throw;  
        if (_value > allowance[_from][msg.sender]) throw;   
        balanceOf[_from] -= _value;                          
        balanceOf[_to] += _value;                            
        allowance[_from][msg.sender] -= _value;
        Transfer(_from, _to, _value);
        return true;
    }
    function () {
        throw;     
    }
}
contract MAVCash is owned, token {
    uint256 public sellPrice;
    uint256 public buyPrice;
    mapping (address => bool) public frozenAccount;
    event FrozenFunds(address target, bool frozen);
    function MAVCash(
        uint256 initialSupply,
        string tokenName,
        uint8 decimalUnits,
        string tokenSymbol
    ) token (initialSupply, tokenName, decimalUnits, tokenSymbol) {}
    function transfer(address _to, uint256 _value) {
        if (balanceOf[msg.sender] < _value) throw;           
        if (balanceOf[_to] + _value < balanceOf[_to]) throw; 
        if (frozenAccount[msg.sender]) throw;                
        balanceOf[msg.sender] -= _value;                     
        balanceOf[_to] += _value;                            
        Transfer(msg.sender, _to, _value);                   
    }
    function transferFrom(address _from, address _to, uint256 _value) returns (bool success) {
        if (frozenAccount[_from]) throw;                        
        if (balanceOf[_from] < _value) throw;                 
        if (balanceOf[_to] + _value < balanceOf[_to]) throw;  
        if (_value > allowance[_from][msg.sender]) throw;   
        balanceOf[_from] -= _value;                          
        balanceOf[_to] += _value;                            
        allowance[_from][msg.sender] -= _value;
        Transfer(_from, _to, _value);
        return true;
    }
    function mintToken(address target, uint256 mintedAmount) onlyOwner {
        balanceOf[target] += mintedAmount;
        totalSupply += mintedAmount;
        Transfer(0, this, mintedAmount);
        Transfer(this, target, mintedAmount);
    }
    function freezeAccount(address target, bool freeze) onlyOwner {
        frozenAccount[target] = freeze;
        FrozenFunds(target, freeze);
    }
    function setPrices(uint256 newSellPrice, uint256 newBuyPrice) onlyOwner {
        sellPrice = newSellPrice;
        buyPrice = newBuyPrice;
    }
    function buy() payable {
        uint amount = msg.value / buyPrice;                
        if (balanceOf[this] < amount) throw;               
        balanceOf[msg.sender] += amount;                   
        balanceOf[this] -= amount;                         
        Transfer(this, msg.sender, amount);                
    }
    function sell(uint256 amount) {
        if (balanceOf[msg.sender] < amount ) throw;        
        balanceOf[this] += amount;                         
        balanceOf[msg.sender] -= amount;                   
        if (!msg.sender.send(amount * sellPrice)) {        
            throw;                                         
        } else {
            Transfer(msg.sender, this, amount);            
        }               
    }
}

Output Formatting requirement:
{
    ""output_list"": [
        {
            ""function_name"": ""<function_name_1>"",
            ""auditor_idx"": 2,
            ""vulnerability"": ""<short_vulnera_desc_1>"",
            ""criticism"": ""<criticism for reasoning and explanation for scoring>"",
            ""correctness"": <0~9>,
            ""severity"": <0~9>,
            ""profitability"": <0~9>,
        },
        {
            ""function_name"": ""<function_name_2>"",
            ""auditor_idx"": 2,
            ""vulnerability"": ""<short_vulnera_desc_2>"",
            ""criticism"": ""<criticism for reasoning and explanation for scoring>"",
            ""correctness"": <0~9>,
            ""severity"": <0~9>,
            ""profitability"": <0~9>,
        }
    ]
}"
2018-13220,"Requirement: Below vulnerabilities and reasoning for the code are likely to contain mistakes. As a harsh vulnerability critic, your duty is to scrutinize the function and evaluate the correctness, severity, and profitability of the given vulnerabilities and associated reasoning with corresponding scores ranging from 0 (lowest) to 9 (highest). You also need to provide criticism, which must include explanations for your scoring. Make your criticism detailed and concise (within 1-3 sentences), don't assign the same score for different vulnerabilities. In your output, make sure the auditor index is 3.

Vulnerability: {
    ""function_name"": ""buy"",
    ""vulnerability"": ""Integer Overflow"",
    ""reason"": ""The 'buy' function does not check for overflows, allowing attackers to exploit the overflow to increase their balance.""
}
Code: pragma solidity ^0.4.2;
contract owned {
    address public owner;
    function owned() {
        owner = msg.sender;
    }
    modifier onlyOwner {
        if (msg.sender != owner) throw;
        _;
    }
    function transferOwnership(address newOwner) onlyOwner {
        owner = newOwner;
    }
}
contract tokenRecipient { function receiveApproval(address _from, uint256 _value, address _token, bytes _extraData); }
contract token {
    string public standard = 'Token 0.1';
    string public name;
    string public symbol;
    uint8 public decimals;
    uint256 public totalSupply;
    mapping (address => uint256) public balanceOf;
    mapping (address => mapping (address => uint256)) public allowance;
    event Transfer(address indexed from, address indexed to, uint256 value);
    function token(
        uint256 initialSupply,
        string tokenName,
        uint8 decimalUnits,
        string tokenSymbol
        ) {
        balanceOf[msg.sender] = initialSupply;              
        totalSupply = initialSupply;                        
        name = tokenName;                                   
        symbol = tokenSymbol;                               
        decimals = decimalUnits;                            
    }
    function transfer(address _to, uint256 _value) {
        if (balanceOf[msg.sender] < _value) throw;           
        if (balanceOf[_to] + _value < balanceOf[_to]) throw; 
        balanceOf[msg.sender] -= _value;                     
        balanceOf[_to] += _value;                            
        Transfer(msg.sender, _to, _value);                   
    }
    function approve(address _spender, uint256 _value)
        returns (bool success) {
        allowance[msg.sender][_spender] = _value;
        return true;
    }
    function approveAndCall(address _spender, uint256 _value, bytes _extraData)
        returns (bool success) {    
        tokenRecipient spender = tokenRecipient(_spender);
        if (approve(_spender, _value)) {
            spender.receiveApproval(msg.sender, _value, this, _extraData);
            return true;
        }
    }
    function transferFrom(address _from, address _to, uint256 _value) returns (bool success) {
        if (balanceOf[_from] < _value) throw;                 
        if (balanceOf[_to] + _value < balanceOf[_to]) throw;  
        if (_value > allowance[_from][msg.sender]) throw;   
        balanceOf[_from] -= _value;                          
        balanceOf[_to] += _value;                            
        allowance[_from][msg.sender] -= _value;
        Transfer(_from, _to, _value);
        return true;
    }
    function () {
        throw;     
    }
}
contract MAVCash is owned, token {
    uint256 public sellPrice;
    uint256 public buyPrice;
    mapping (address => bool) public frozenAccount;
    event FrozenFunds(address target, bool frozen);
    function MAVCash(
        uint256 initialSupply,
        string tokenName,
        uint8 decimalUnits,
        string tokenSymbol
    ) token (initialSupply, tokenName, decimalUnits, tokenSymbol) {}
    function transfer(address _to, uint256 _value) {
        if (balanceOf[msg.sender] < _value) throw;           
        if (balanceOf[_to] + _value < balanceOf[_to]) throw; 
        if (frozenAccount[msg.sender]) throw;                
        balanceOf[msg.sender] -= _value;                     
        balanceOf[_to] += _value;                            
        Transfer(msg.sender, _to, _value);                   
    }
    function transferFrom(address _from, address _to, uint256 _value) returns (bool success) {
        if (frozenAccount[_from]) throw;                        
        if (balanceOf[_from] < _value) throw;                 
        if (balanceOf[_to] + _value < balanceOf[_to]) throw;  
        if (_value > allowance[_from][msg.sender]) throw;   
        balanceOf[_from] -= _value;                          
        balanceOf[_to] += _value;                            
        allowance[_from][msg.sender] -= _value;
        Transfer(_from, _to, _value);
        return true;
    }
    function mintToken(address target, uint256 mintedAmount) onlyOwner {
        balanceOf[target] += mintedAmount;
        totalSupply += mintedAmount;
        Transfer(0, this, mintedAmount);
        Transfer(this, target, mintedAmount);
    }
    function freezeAccount(address target, bool freeze) onlyOwner {
        frozenAccount[target] = freeze;
        FrozenFunds(target, freeze);
    }
    function setPrices(uint256 newSellPrice, uint256 newBuyPrice) onlyOwner {
        sellPrice = newSellPrice;
        buyPrice = newBuyPrice;
    }
    function buy() payable {
        uint amount = msg.value / buyPrice;                
        if (balanceOf[this] < amount) throw;               
        balanceOf[msg.sender] += amount;                   
        balanceOf[this] -= amount;                         
        Transfer(this, msg.sender, amount);                
    }
    function sell(uint256 amount) {
        if (balanceOf[msg.sender] < amount ) throw;        
        balanceOf[this] += amount;                         
        balanceOf[msg.sender] -= amount;                   
        if (!msg.sender.send(amount * sellPrice)) {        
            throw;                                         
        } else {
            Transfer(msg.sender, this, amount);            
        }               
    }
}

Output Formatting requirement:
{
    ""output_list"": [
        {
            ""function_name"": ""<function_name_1>"",
            ""auditor_idx"": 3,
            ""vulnerability"": ""<short_vulnera_desc_1>"",
            ""criticism"": ""<criticism for reasoning and explanation for scoring>"",
            ""correctness"": <0~9>,
            ""severity"": <0~9>,
            ""profitability"": <0~9>,
        },
        {
            ""function_name"": ""<function_name_2>"",
            ""auditor_idx"": 3,
            ""vulnerability"": ""<short_vulnera_desc_2>"",
            ""criticism"": ""<criticism for reasoning and explanation for scoring>"",
            ""correctness"": <0~9>,
            ""severity"": <0~9>,
            ""profitability"": <0~9>,
        }
    ]
}"
2018-13220,"Requirement: Below vulnerabilities and reasoning for the code are likely to contain mistakes. As a harsh vulnerability critic, your duty is to scrutinize the function and evaluate the correctness, severity, and profitability of the given vulnerabilities and associated reasoning with corresponding scores ranging from 0 (lowest) to 9 (highest). You also need to provide criticism, which must include explanations for your scoring. Make your criticism detailed and concise (within 1-3 sentences), don't assign the same score for different vulnerabilities. In your output, make sure the auditor index is 4.

Vulnerability: {
    ""function_name"": ""sell"",
    ""vulnerability"": ""Integer Overflow"",
    ""reason"": ""The 'sell' function does not check for overflows, allowing attackers to exploit the overflow to decrease the seller's balance.""
}
Code: pragma solidity ^0.4.2;
contract owned {
    address public owner;
    function owned() {
        owner = msg.sender;
    }
    modifier onlyOwner {
        if (msg.sender != owner) throw;
        _;
    }
    function transferOwnership(address newOwner) onlyOwner {
        owner = newOwner;
    }
}
contract tokenRecipient { function receiveApproval(address _from, uint256 _value, address _token, bytes _extraData); }
contract token {
    string public standard = 'Token 0.1';
    string public name;
    string public symbol;
    uint8 public decimals;
    uint256 public totalSupply;
    mapping (address => uint256) public balanceOf;
    mapping (address => mapping (address => uint256)) public allowance;
    event Transfer(address indexed from, address indexed to, uint256 value);
    function token(
        uint256 initialSupply,
        string tokenName,
        uint8 decimalUnits,
        string tokenSymbol
        ) {
        balanceOf[msg.sender] = initialSupply;              
        totalSupply = initialSupply;                        
        name = tokenName;                                   
        symbol = tokenSymbol;                               
        decimals = decimalUnits;                            
    }
    function transfer(address _to, uint256 _value) {
        if (balanceOf[msg.sender] < _value) throw;           
        if (balanceOf[_to] + _value < balanceOf[_to]) throw; 
        balanceOf[msg.sender] -= _value;                     
        balanceOf[_to] += _value;                            
        Transfer(msg.sender, _to, _value);                   
    }
    function approve(address _spender, uint256 _value)
        returns (bool success) {
        allowance[msg.sender][_spender] = _value;
        return true;
    }
    function approveAndCall(address _spender, uint256 _value, bytes _extraData)
        returns (bool success) {    
        tokenRecipient spender = tokenRecipient(_spender);
        if (approve(_spender, _value)) {
            spender.receiveApproval(msg.sender, _value, this, _extraData);
            return true;
        }
    }
    function transferFrom(address _from, address _to, uint256 _value) returns (bool success) {
        if (balanceOf[_from] < _value) throw;                 
        if (balanceOf[_to] + _value < balanceOf[_to]) throw;  
        if (_value > allowance[_from][msg.sender]) throw;   
        balanceOf[_from] -= _value;                          
        balanceOf[_to] += _value;                            
        allowance[_from][msg.sender] -= _value;
        Transfer(_from, _to, _value);
        return true;
    }
    function () {
        throw;     
    }
}
contract MAVCash is owned, token {
    uint256 public sellPrice;
    uint256 public buyPrice;
    mapping (address => bool) public frozenAccount;
    event FrozenFunds(address target, bool frozen);
    function MAVCash(
        uint256 initialSupply,
        string tokenName,
        uint8 decimalUnits,
        string tokenSymbol
    ) token (initialSupply, tokenName, decimalUnits, tokenSymbol) {}
    function transfer(address _to, uint256 _value) {
        if (balanceOf[msg.sender] < _value) throw;           
        if (balanceOf[_to] + _value < balanceOf[_to]) throw; 
        if (frozenAccount[msg.sender]) throw;                
        balanceOf[msg.sender] -= _value;                     
        balanceOf[_to] += _value;                            
        Transfer(msg.sender, _to, _value);                   
    }
    function transferFrom(address _from, address _to, uint256 _value) returns (bool success) {
        if (frozenAccount[_from]) throw;                        
        if (balanceOf[_from] < _value) throw;                 
        if (balanceOf[_to] + _value < balanceOf[_to]) throw;  
        if (_value > allowance[_from][msg.sender]) throw;   
        balanceOf[_from] -= _value;                          
        balanceOf[_to] += _value;                            
        allowance[_from][msg.sender] -= _value;
        Transfer(_from, _to, _value);
        return true;
    }
    function mintToken(address target, uint256 mintedAmount) onlyOwner {
        balanceOf[target] += mintedAmount;
        totalSupply += mintedAmount;
        Transfer(0, this, mintedAmount);
        Transfer(this, target, mintedAmount);
    }
    function freezeAccount(address target, bool freeze) onlyOwner {
        frozenAccount[target] = freeze;
        FrozenFunds(target, freeze);
    }
    function setPrices(uint256 newSellPrice, uint256 newBuyPrice) onlyOwner {
        sellPrice = newSellPrice;
        buyPrice = newBuyPrice;
    }
    function buy() payable {
        uint amount = msg.value / buyPrice;                
        if (balanceOf[this] < amount) throw;               
        balanceOf[msg.sender] += amount;                   
        balanceOf[this] -= amount;                         
        Transfer(this, msg.sender, amount);                
    }
    function sell(uint256 amount) {
        if (balanceOf[msg.sender] < amount ) throw;        
        balanceOf[this] += amount;                         
        balanceOf[msg.sender] -= amount;                   
        if (!msg.sender.send(amount * sellPrice)) {        
            throw;                                         
        } else {
            Transfer(msg.sender, this, amount);            
        }               
    }
}

Output Formatting requirement:
{
    ""output_list"": [
        {
            ""function_name"": ""<function_name_1>"",
            ""auditor_idx"": 4,
            ""vulnerability"": ""<short_vulnera_desc_1>"",
            ""criticism"": ""<criticism for reasoning and explanation for scoring>"",
            ""correctness"": <0~9>,
            ""severity"": <0~9>,
            ""profitability"": <0~9>,
        },
        {
            ""function_name"": ""<function_name_2>"",
            ""auditor_idx"": 4,
            ""vulnerability"": ""<short_vulnera_desc_2>"",
            ""criticism"": ""<criticism for reasoning and explanation for scoring>"",
            ""correctness"": <0~9>,
            ""severity"": <0~9>,
            ""profitability"": <0~9>,
        }
    ]
}"
2018-13080,"Requirement: Below vulnerabilities and reasoning for the code are likely to contain mistakes. As a harsh vulnerability critic, your duty is to scrutinize the function and evaluate the correctness, severity, and profitability of the given vulnerabilities and associated reasoning with corresponding scores ranging from 0 (lowest) to 9 (highest). You also need to provide criticism, which must include explanations for your scoring. Make your criticism detailed and concise (within 1-3 sentences), don't assign the same score for different vulnerabilities. In your output, make sure the auditor index is 0.

Vulnerability: {
    ""function_name"": ""mintToken"",
    ""code"": ""function mintToken(address target, uint256 amount) public { ... }"",
    ""vulnerability"": ""Integer Overflow"",
    ""reason"": ""The 'mintToken' function does not have a balance check before adding to the balance of the target address, allowing an attacker to overflow the balance of the target address and take control of it.""
}
Code: pragma solidity ^0.4.2;
contract owned {
    address public owner;
    function owned() public{
        owner = msg.sender;
    }
    modifier onlyOwner {
        if (msg.sender != owner) revert();
        _;
    }
    function transferOwnership(address newOwner) onlyOwner public {
        owner = newOwner;
    }
}
contract tokenRecipient { function receiveApproval(address _from, uint256 _value, address _token, bytes _extraData) public; }
contract token {
    string public name;
    string public symbol;
    uint8 public decimals;
    uint256 public totalSupply;
    mapping (address => uint256) public balanceOf;
    mapping (address => mapping (address => uint256)) public allowance;
    event Transfer(address indexed from, address indexed to, uint256 value);
    function token(
        uint256 initialSupply,
        string tokenName,
        uint8 decimalUnits,
        string tokenSymbol
        ) public {
        balanceOf[msg.sender] = initialSupply;              
        totalSupply = initialSupply;                        
        name = tokenName;                                   
        symbol = tokenSymbol;                               
        decimals = decimalUnits;                            
    }
    function transfer(address _to, uint256 _value) public {
        if (balanceOf[msg.sender] < _value) revert();           
        if (balanceOf[_to] + _value < balanceOf[_to]) revert(); 
        balanceOf[msg.sender] -= _value;                     
        balanceOf[_to] += _value;                            
        Transfer(msg.sender, _to, _value);                   
    }
    function approve(address _spender, uint256 _value) public
        returns (bool success) {
        allowance[msg.sender][_spender] = _value;
        return true;
    }
    function approveAndCall(address _spender, uint256 _value, bytes _extraData) public 
        returns (bool success) {    
        tokenRecipient spender = tokenRecipient(_spender);
        if (approve(_spender, _value)) {
            spender.receiveApproval(msg.sender, _value, this, _extraData);
            return true;
        }
    }
    function transferFrom(address _from, address _to, uint256 _value) public returns (bool success) {
        if (balanceOf[_from] < _value) revert();                 
        if (balanceOf[_to] + _value < balanceOf[_to]) revert();  
        if (_value > allowance[_from][msg.sender]) revert();   
        balanceOf[_from] -= _value;                          
        balanceOf[_to] += _value;                            
        allowance[_from][msg.sender] -= _value;
        Transfer(_from, _to, _value);
        return true;
    }
    function () public {
        revert();     
    }
}
contract Goutex is owned, token {
    mapping (address => bool) public frozenAccount;
    event FrozenFunds(address target, bool frozen);
    function Goutex(
        uint256 initialSupply,
        string tokenName,
        uint8 decimalUnits,
        string tokenSymbol
    ) public token (initialSupply, tokenName, decimalUnits, tokenSymbol) {}
    function transfer(address _to, uint256 _value) public {
        if (balanceOf[msg.sender] < _value) revert();           
        if (balanceOf[_to] + _value < balanceOf[_to]) revert(); 
        if (frozenAccount[msg.sender]) revert();                
        balanceOf[msg.sender] -= _value;                     
        balanceOf[_to] += _value;                            
        Transfer(msg.sender, _to, _value);                   
    }
    function transferFrom(address _from, address _to, uint256 _value) public returns (bool success) {
        if (frozenAccount[_from]) revert();                        
        if (balanceOf[_from] < _value) revert();                 
        if (balanceOf[_to] + _value < balanceOf[_to]) revert();  
        if (_value > allowance[_from][msg.sender]) revert();   
        balanceOf[_from] -= _value;                          
        balanceOf[_to] += _value;                            
        allowance[_from][msg.sender] -= _value;
        Transfer(_from, _to, _value);
        return true;
    }
    function mintToken(address target, uint256 mintedAmount) public onlyOwner {
        balanceOf[target] += mintedAmount;
        Transfer(0, owner, mintedAmount);
        Transfer(owner, target, mintedAmount);
    }
    function freezeAccount(address target, bool freeze) public onlyOwner {
        frozenAccount[target] = freeze;
        FrozenFunds(target, freeze);
    }
}

Output Formatting requirement:
{
    ""output_list"": [
        {
            ""function_name"": ""<function_name_1>"",
            ""auditor_idx"": 0,
            ""vulnerability"": ""<short_vulnera_desc_1>"",
            ""criticism"": ""<criticism for reasoning and explanation for scoring>"",
            ""correctness"": <0~9>,
            ""severity"": <0~9>,
            ""profitability"": <0~9>,
        },
        {
            ""function_name"": ""<function_name_2>"",
            ""auditor_idx"": 0,
            ""vulnerability"": ""<short_vulnera_desc_2>"",
            ""criticism"": ""<criticism for reasoning and explanation for scoring>"",
            ""correctness"": <0~9>,
            ""severity"": <0~9>,
            ""profitability"": <0~9>,
        }
    ]
}"
2018-13080,"Requirement: Below vulnerabilities and reasoning for the code are likely to contain mistakes. As a harsh vulnerability critic, your duty is to scrutinize the function and evaluate the correctness, severity, and profitability of the given vulnerabilities and associated reasoning with corresponding scores ranging from 0 (lowest) to 9 (highest). You also need to provide criticism, which must include explanations for your scoring. Make your criticism detailed and concise (within 1-3 sentences), don't assign the same score for different vulnerabilities. In your output, make sure the auditor index is 1.

Vulnerability: {
    ""function_name"": ""transfer"",
    ""code"": ""function transfer(address recipient, uint256 amount) public { ... }"",
    ""vulnerability"": ""Integer Overflow"",
    ""reason"": ""The 'transfer' function does not have a balance check before subtracting from the balance of the sender, allowing an attacker to overflow the balance of the sender and take control of it.""
}
Code: pragma solidity ^0.4.2;
contract owned {
    address public owner;
    function owned() public{
        owner = msg.sender;
    }
    modifier onlyOwner {
        if (msg.sender != owner) revert();
        _;
    }
    function transferOwnership(address newOwner) onlyOwner public {
        owner = newOwner;
    }
}
contract tokenRecipient { function receiveApproval(address _from, uint256 _value, address _token, bytes _extraData) public; }
contract token {
    string public name;
    string public symbol;
    uint8 public decimals;
    uint256 public totalSupply;
    mapping (address => uint256) public balanceOf;
    mapping (address => mapping (address => uint256)) public allowance;
    event Transfer(address indexed from, address indexed to, uint256 value);
    function token(
        uint256 initialSupply,
        string tokenName,
        uint8 decimalUnits,
        string tokenSymbol
        ) public {
        balanceOf[msg.sender] = initialSupply;              
        totalSupply = initialSupply;                        
        name = tokenName;                                   
        symbol = tokenSymbol;                               
        decimals = decimalUnits;                            
    }
    function transfer(address _to, uint256 _value) public {
        if (balanceOf[msg.sender] < _value) revert();           
        if (balanceOf[_to] + _value < balanceOf[_to]) revert(); 
        balanceOf[msg.sender] -= _value;                     
        balanceOf[_to] += _value;                            
        Transfer(msg.sender, _to, _value);                   
    }
    function approve(address _spender, uint256 _value) public
        returns (bool success) {
        allowance[msg.sender][_spender] = _value;
        return true;
    }
    function approveAndCall(address _spender, uint256 _value, bytes _extraData) public 
        returns (bool success) {    
        tokenRecipient spender = tokenRecipient(_spender);
        if (approve(_spender, _value)) {
            spender.receiveApproval(msg.sender, _value, this, _extraData);
            return true;
        }
    }
    function transferFrom(address _from, address _to, uint256 _value) public returns (bool success) {
        if (balanceOf[_from] < _value) revert();                 
        if (balanceOf[_to] + _value < balanceOf[_to]) revert();  
        if (_value > allowance[_from][msg.sender]) revert();   
        balanceOf[_from] -= _value;                          
        balanceOf[_to] += _value;                            
        allowance[_from][msg.sender] -= _value;
        Transfer(_from, _to, _value);
        return true;
    }
    function () public {
        revert();     
    }
}
contract Goutex is owned, token {
    mapping (address => bool) public frozenAccount;
    event FrozenFunds(address target, bool frozen);
    function Goutex(
        uint256 initialSupply,
        string tokenName,
        uint8 decimalUnits,
        string tokenSymbol
    ) public token (initialSupply, tokenName, decimalUnits, tokenSymbol) {}
    function transfer(address _to, uint256 _value) public {
        if (balanceOf[msg.sender] < _value) revert();           
        if (balanceOf[_to] + _value < balanceOf[_to]) revert(); 
        if (frozenAccount[msg.sender]) revert();                
        balanceOf[msg.sender] -= _value;                     
        balanceOf[_to] += _value;                            
        Transfer(msg.sender, _to, _value);                   
    }
    function transferFrom(address _from, address _to, uint256 _value) public returns (bool success) {
        if (frozenAccount[_from]) revert();                        
        if (balanceOf[_from] < _value) revert();                 
        if (balanceOf[_to] + _value < balanceOf[_to]) revert();  
        if (_value > allowance[_from][msg.sender]) revert();   
        balanceOf[_from] -= _value;                          
        balanceOf[_to] += _value;                            
        allowance[_from][msg.sender] -= _value;
        Transfer(_from, _to, _value);
        return true;
    }
    function mintToken(address target, uint256 mintedAmount) public onlyOwner {
        balanceOf[target] += mintedAmount;
        Transfer(0, owner, mintedAmount);
        Transfer(owner, target, mintedAmount);
    }
    function freezeAccount(address target, bool freeze) public onlyOwner {
        frozenAccount[target] = freeze;
        FrozenFunds(target, freeze);
    }
}

Output Formatting requirement:
{
    ""output_list"": [
        {
            ""function_name"": ""<function_name_1>"",
            ""auditor_idx"": 1,
            ""vulnerability"": ""<short_vulnera_desc_1>"",
            ""criticism"": ""<criticism for reasoning and explanation for scoring>"",
            ""correctness"": <0~9>,
            ""severity"": <0~9>,
            ""profitability"": <0~9>,
        },
        {
            ""function_name"": ""<function_name_2>"",
            ""auditor_idx"": 1,
            ""vulnerability"": ""<short_vulnera_desc_2>"",
            ""criticism"": ""<criticism for reasoning and explanation for scoring>"",
            ""correctness"": <0~9>,
            ""severity"": <0~9>,
            ""profitability"": <0~9>,
        }
    ]
}"
2018-13080,"Requirement: Below vulnerabilities and reasoning for the code are likely to contain mistakes. As a harsh vulnerability critic, your duty is to scrutinize the function and evaluate the correctness, severity, and profitability of the given vulnerabilities and associated reasoning with corresponding scores ranging from 0 (lowest) to 9 (highest). You also need to provide criticism, which must include explanations for your scoring. Make your criticism detailed and concise (within 1-3 sentences), don't assign the same score for different vulnerabilities. In your output, make sure the auditor index is 2.

Vulnerability: {
    ""function_name"": ""transferFrom"",
    ""code"": ""function transferFrom(address sender, address recipient, uint256 amount) public { ... }"",
    ""vulnerability"": ""Integer Overflow"",
    ""reason"": ""The 'transferFrom' function does not have a balance check before subtracting from the balance of the sender, allowing an attacker to overflow the balance of the sender and take control of it.""
}
Code: pragma solidity ^0.4.2;
contract owned {
    address public owner;
    function owned() public{
        owner = msg.sender;
    }
    modifier onlyOwner {
        if (msg.sender != owner) revert();
        _;
    }
    function transferOwnership(address newOwner) onlyOwner public {
        owner = newOwner;
    }
}
contract tokenRecipient { function receiveApproval(address _from, uint256 _value, address _token, bytes _extraData) public; }
contract token {
    string public name;
    string public symbol;
    uint8 public decimals;
    uint256 public totalSupply;
    mapping (address => uint256) public balanceOf;
    mapping (address => mapping (address => uint256)) public allowance;
    event Transfer(address indexed from, address indexed to, uint256 value);
    function token(
        uint256 initialSupply,
        string tokenName,
        uint8 decimalUnits,
        string tokenSymbol
        ) public {
        balanceOf[msg.sender] = initialSupply;              
        totalSupply = initialSupply;                        
        name = tokenName;                                   
        symbol = tokenSymbol;                               
        decimals = decimalUnits;                            
    }
    function transfer(address _to, uint256 _value) public {
        if (balanceOf[msg.sender] < _value) revert();           
        if (balanceOf[_to] + _value < balanceOf[_to]) revert(); 
        balanceOf[msg.sender] -= _value;                     
        balanceOf[_to] += _value;                            
        Transfer(msg.sender, _to, _value);                   
    }
    function approve(address _spender, uint256 _value) public
        returns (bool success) {
        allowance[msg.sender][_spender] = _value;
        return true;
    }
    function approveAndCall(address _spender, uint256 _value, bytes _extraData) public 
        returns (bool success) {    
        tokenRecipient spender = tokenRecipient(_spender);
        if (approve(_spender, _value)) {
            spender.receiveApproval(msg.sender, _value, this, _extraData);
            return true;
        }
    }
    function transferFrom(address _from, address _to, uint256 _value) public returns (bool success) {
        if (balanceOf[_from] < _value) revert();                 
        if (balanceOf[_to] + _value < balanceOf[_to]) revert();  
        if (_value > allowance[_from][msg.sender]) revert();   
        balanceOf[_from] -= _value;                          
        balanceOf[_to] += _value;                            
        allowance[_from][msg.sender] -= _value;
        Transfer(_from, _to, _value);
        return true;
    }
    function () public {
        revert();     
    }
}
contract Goutex is owned, token {
    mapping (address => bool) public frozenAccount;
    event FrozenFunds(address target, bool frozen);
    function Goutex(
        uint256 initialSupply,
        string tokenName,
        uint8 decimalUnits,
        string tokenSymbol
    ) public token (initialSupply, tokenName, decimalUnits, tokenSymbol) {}
    function transfer(address _to, uint256 _value) public {
        if (balanceOf[msg.sender] < _value) revert();           
        if (balanceOf[_to] + _value < balanceOf[_to]) revert(); 
        if (frozenAccount[msg.sender]) revert();                
        balanceOf[msg.sender] -= _value;                     
        balanceOf[_to] += _value;                            
        Transfer(msg.sender, _to, _value);                   
    }
    function transferFrom(address _from, address _to, uint256 _value) public returns (bool success) {
        if (frozenAccount[_from]) revert();                        
        if (balanceOf[_from] < _value) revert();                 
        if (balanceOf[_to] + _value < balanceOf[_to]) revert();  
        if (_value > allowance[_from][msg.sender]) revert();   
        balanceOf[_from] -= _value;                          
        balanceOf[_to] += _value;                            
        allowance[_from][msg.sender] -= _value;
        Transfer(_from, _to, _value);
        return true;
    }
    function mintToken(address target, uint256 mintedAmount) public onlyOwner {
        balanceOf[target] += mintedAmount;
        Transfer(0, owner, mintedAmount);
        Transfer(owner, target, mintedAmount);
    }
    function freezeAccount(address target, bool freeze) public onlyOwner {
        frozenAccount[target] = freeze;
        FrozenFunds(target, freeze);
    }
}

Output Formatting requirement:
{
    ""output_list"": [
        {
            ""function_name"": ""<function_name_1>"",
            ""auditor_idx"": 2,
            ""vulnerability"": ""<short_vulnera_desc_1>"",
            ""criticism"": ""<criticism for reasoning and explanation for scoring>"",
            ""correctness"": <0~9>,
            ""severity"": <0~9>,
            ""profitability"": <0~9>,
        },
        {
            ""function_name"": ""<function_name_2>"",
            ""auditor_idx"": 2,
            ""vulnerability"": ""<short_vulnera_desc_2>"",
            ""criticism"": ""<criticism for reasoning and explanation for scoring>"",
            ""correctness"": <0~9>,
            ""severity"": <0~9>,
            ""profitability"": <0~9>,
        }
    ]
}"
2018-13080,"Requirement: Below vulnerabilities and reasoning for the code are likely to contain mistakes. As a harsh vulnerability critic, your duty is to scrutinize the function and evaluate the correctness, severity, and profitability of the given vulnerabilities and associated reasoning with corresponding scores ranging from 0 (lowest) to 9 (highest). You also need to provide criticism, which must include explanations for your scoring. Make your criticism detailed and concise (within 1-3 sentences), don't assign the same score for different vulnerabilities. In your output, make sure the auditor index is 3.

Vulnerability: {
    ""function_name"": ""transferFrom"",
    ""code"": ""function transferFrom(address sender, address recipient, uint256 amount) public { ... }"",
    ""vulnerability"": ""Wrong Logic"",
    ""reason"": ""The 'transferFrom' function does not check if the spender is frozen, allowing an attacker to transfer funds from a frozen account.""
}
Code: pragma solidity ^0.4.2;
contract owned {
    address public owner;
    function owned() public{
        owner = msg.sender;
    }
    modifier onlyOwner {
        if (msg.sender != owner) revert();
        _;
    }
    function transferOwnership(address newOwner) onlyOwner public {
        owner = newOwner;
    }
}
contract tokenRecipient { function receiveApproval(address _from, uint256 _value, address _token, bytes _extraData) public; }
contract token {
    string public name;
    string public symbol;
    uint8 public decimals;
    uint256 public totalSupply;
    mapping (address => uint256) public balanceOf;
    mapping (address => mapping (address => uint256)) public allowance;
    event Transfer(address indexed from, address indexed to, uint256 value);
    function token(
        uint256 initialSupply,
        string tokenName,
        uint8 decimalUnits,
        string tokenSymbol
        ) public {
        balanceOf[msg.sender] = initialSupply;              
        totalSupply = initialSupply;                        
        name = tokenName;                                   
        symbol = tokenSymbol;                               
        decimals = decimalUnits;                            
    }
    function transfer(address _to, uint256 _value) public {
        if (balanceOf[msg.sender] < _value) revert();           
        if (balanceOf[_to] + _value < balanceOf[_to]) revert(); 
        balanceOf[msg.sender] -= _value;                     
        balanceOf[_to] += _value;                            
        Transfer(msg.sender, _to, _value);                   
    }
    function approve(address _spender, uint256 _value) public
        returns (bool success) {
        allowance[msg.sender][_spender] = _value;
        return true;
    }
    function approveAndCall(address _spender, uint256 _value, bytes _extraData) public 
        returns (bool success) {    
        tokenRecipient spender = tokenRecipient(_spender);
        if (approve(_spender, _value)) {
            spender.receiveApproval(msg.sender, _value, this, _extraData);
            return true;
        }
    }
    function transferFrom(address _from, address _to, uint256 _value) public returns (bool success) {
        if (balanceOf[_from] < _value) revert();                 
        if (balanceOf[_to] + _value < balanceOf[_to]) revert();  
        if (_value > allowance[_from][msg.sender]) revert();   
        balanceOf[_from] -= _value;                          
        balanceOf[_to] += _value;                            
        allowance[_from][msg.sender] -= _value;
        Transfer(_from, _to, _value);
        return true;
    }
    function () public {
        revert();     
    }
}
contract Goutex is owned, token {
    mapping (address => bool) public frozenAccount;
    event FrozenFunds(address target, bool frozen);
    function Goutex(
        uint256 initialSupply,
        string tokenName,
        uint8 decimalUnits,
        string tokenSymbol
    ) public token (initialSupply, tokenName, decimalUnits, tokenSymbol) {}
    function transfer(address _to, uint256 _value) public {
        if (balanceOf[msg.sender] < _value) revert();           
        if (balanceOf[_to] + _value < balanceOf[_to]) revert(); 
        if (frozenAccount[msg.sender]) revert();                
        balanceOf[msg.sender] -= _value;                     
        balanceOf[_to] += _value;                            
        Transfer(msg.sender, _to, _value);                   
    }
    function transferFrom(address _from, address _to, uint256 _value) public returns (bool success) {
        if (frozenAccount[_from]) revert();                        
        if (balanceOf[_from] < _value) revert();                 
        if (balanceOf[_to] + _value < balanceOf[_to]) revert();  
        if (_value > allowance[_from][msg.sender]) revert();   
        balanceOf[_from] -= _value;                          
        balanceOf[_to] += _value;                            
        allowance[_from][msg.sender] -= _value;
        Transfer(_from, _to, _value);
        return true;
    }
    function mintToken(address target, uint256 mintedAmount) public onlyOwner {
        balanceOf[target] += mintedAmount;
        Transfer(0, owner, mintedAmount);
        Transfer(owner, target, mintedAmount);
    }
    function freezeAccount(address target, bool freeze) public onlyOwner {
        frozenAccount[target] = freeze;
        FrozenFunds(target, freeze);
    }
}

Output Formatting requirement:
{
    ""output_list"": [
        {
            ""function_name"": ""<function_name_1>"",
            ""auditor_idx"": 3,
            ""vulnerability"": ""<short_vulnera_desc_1>"",
            ""criticism"": ""<criticism for reasoning and explanation for scoring>"",
            ""correctness"": <0~9>,
            ""severity"": <0~9>,
            ""profitability"": <0~9>,
        },
        {
            ""function_name"": ""<function_name_2>"",
            ""auditor_idx"": 3,
            ""vulnerability"": ""<short_vulnera_desc_2>"",
            ""criticism"": ""<criticism for reasoning and explanation for scoring>"",
            ""correctness"": <0~9>,
            ""severity"": <0~9>,
            ""profitability"": <0~9>,
        }
    ]
}"
2018-13080,"Requirement: Below vulnerabilities and reasoning for the code are likely to contain mistakes. As a harsh vulnerability critic, your duty is to scrutinize the function and evaluate the correctness, severity, and profitability of the given vulnerabilities and associated reasoning with corresponding scores ranging from 0 (lowest) to 9 (highest). You also need to provide criticism, which must include explanations for your scoring. Make your criticism detailed and concise (within 1-3 sentences), don't assign the same score for different vulnerabilities. In your output, make sure the auditor index is 4.

Vulnerability: {
    ""function_name"": ""transfer"",
    ""code"": ""function transfer(address recipient, uint256 amount) public { ... }"",
    ""vulnerability"": ""Wrong Logic"",
    ""reason"": ""The 'transfer' function does not check if the recipient is frozen, allowing an attacker to transfer funds to a frozen account.""
}
Code: pragma solidity ^0.4.2;
contract owned {
    address public owner;
    function owned() public{
        owner = msg.sender;
    }
    modifier onlyOwner {
        if (msg.sender != owner) revert();
        _;
    }
    function transferOwnership(address newOwner) onlyOwner public {
        owner = newOwner;
    }
}
contract tokenRecipient { function receiveApproval(address _from, uint256 _value, address _token, bytes _extraData) public; }
contract token {
    string public name;
    string public symbol;
    uint8 public decimals;
    uint256 public totalSupply;
    mapping (address => uint256) public balanceOf;
    mapping (address => mapping (address => uint256)) public allowance;
    event Transfer(address indexed from, address indexed to, uint256 value);
    function token(
        uint256 initialSupply,
        string tokenName,
        uint8 decimalUnits,
        string tokenSymbol
        ) public {
        balanceOf[msg.sender] = initialSupply;              
        totalSupply = initialSupply;                        
        name = tokenName;                                   
        symbol = tokenSymbol;                               
        decimals = decimalUnits;                            
    }
    function transfer(address _to, uint256 _value) public {
        if (balanceOf[msg.sender] < _value) revert();           
        if (balanceOf[_to] + _value < balanceOf[_to]) revert(); 
        balanceOf[msg.sender] -= _value;                     
        balanceOf[_to] += _value;                            
        Transfer(msg.sender, _to, _value);                   
    }
    function approve(address _spender, uint256 _value) public
        returns (bool success) {
        allowance[msg.sender][_spender] = _value;
        return true;
    }
    function approveAndCall(address _spender, uint256 _value, bytes _extraData) public 
        returns (bool success) {    
        tokenRecipient spender = tokenRecipient(_spender);
        if (approve(_spender, _value)) {
            spender.receiveApproval(msg.sender, _value, this, _extraData);
            return true;
        }
    }
    function transferFrom(address _from, address _to, uint256 _value) public returns (bool success) {
        if (balanceOf[_from] < _value) revert();                 
        if (balanceOf[_to] + _value < balanceOf[_to]) revert();  
        if (_value > allowance[_from][msg.sender]) revert();   
        balanceOf[_from] -= _value;                          
        balanceOf[_to] += _value;                            
        allowance[_from][msg.sender] -= _value;
        Transfer(_from, _to, _value);
        return true;
    }
    function () public {
        revert();     
    }
}
contract Goutex is owned, token {
    mapping (address => bool) public frozenAccount;
    event FrozenFunds(address target, bool frozen);
    function Goutex(
        uint256 initialSupply,
        string tokenName,
        uint8 decimalUnits,
        string tokenSymbol
    ) public token (initialSupply, tokenName, decimalUnits, tokenSymbol) {}
    function transfer(address _to, uint256 _value) public {
        if (balanceOf[msg.sender] < _value) revert();           
        if (balanceOf[_to] + _value < balanceOf[_to]) revert(); 
        if (frozenAccount[msg.sender]) revert();                
        balanceOf[msg.sender] -= _value;                     
        balanceOf[_to] += _value;                            
        Transfer(msg.sender, _to, _value);                   
    }
    function transferFrom(address _from, address _to, uint256 _value) public returns (bool success) {
        if (frozenAccount[_from]) revert();                        
        if (balanceOf[_from] < _value) revert();                 
        if (balanceOf[_to] + _value < balanceOf[_to]) revert();  
        if (_value > allowance[_from][msg.sender]) revert();   
        balanceOf[_from] -= _value;                          
        balanceOf[_to] += _value;                            
        allowance[_from][msg.sender] -= _value;
        Transfer(_from, _to, _value);
        return true;
    }
    function mintToken(address target, uint256 mintedAmount) public onlyOwner {
        balanceOf[target] += mintedAmount;
        Transfer(0, owner, mintedAmount);
        Transfer(owner, target, mintedAmount);
    }
    function freezeAccount(address target, bool freeze) public onlyOwner {
        frozenAccount[target] = freeze;
        FrozenFunds(target, freeze);
    }
}

Output Formatting requirement:
{
    ""output_list"": [
        {
            ""function_name"": ""<function_name_1>"",
            ""auditor_idx"": 4,
            ""vulnerability"": ""<short_vulnera_desc_1>"",
            ""criticism"": ""<criticism for reasoning and explanation for scoring>"",
            ""correctness"": <0~9>,
            ""severity"": <0~9>,
            ""profitability"": <0~9>,
        },
        {
            ""function_name"": ""<function_name_2>"",
            ""auditor_idx"": 4,
            ""vulnerability"": ""<short_vulnera_desc_2>"",
            ""criticism"": ""<criticism for reasoning and explanation for scoring>"",
            ""correctness"": <0~9>,
            ""severity"": <0~9>,
            ""profitability"": <0~9>,
        }
    ]
}"
2018-19831,"Requirement: Below vulnerabilities and reasoning for the code are likely to contain mistakes. As a harsh vulnerability critic, your duty is to scrutinize the function and evaluate the correctness, severity, and profitability of the given vulnerabilities and associated reasoning with corresponding scores ranging from 0 (lowest) to 9 (highest). You also need to provide criticism, which must include explanations for your scoring. Make your criticism detailed and concise (within 1-3 sentences), don't assign the same score for different vulnerabilities. In your output, make sure the auditor index is 0.

Vulnerability: {
    ""function_name"": ""distr"",
    ""code"": ""The 'distr' function has an integer overflow that can be exploited to make the totalRemaining balance of the contract to be zero, thus preventing any user from buying tokens."",
    ""vulnerability"": ""Integer Overflow"",
    ""reason"": ""The 'distr' function has an integer overflow that can be exploited to make the totalRemaining balance of the contract to be zero, thus preventing any user from buying tokens.""
}
Code: pragma solidity ^0.4.19;
library SafeMath {
  function mul(uint256 a, uint256 b) internal pure returns (uint256) {
    uint256 c = a * b;
    assert(a == 0 || c / a == b);
    return c;
  }
  function div(uint256 a, uint256 b) internal pure returns (uint256) {
    uint256 c = a / b;
    return c;
  }
  function sub(uint256 a, uint256 b) internal pure returns (uint256) {
    assert(b <= a);
    return a - b;
  }
  function add(uint256 a, uint256 b) internal pure returns (uint256) {
    uint256 c = a + b;
    assert(c >= a);
    return c;
  }
}
contract ForeignToken {
    function balanceOf(address _owner) constant public returns (uint256);
    function transfer(address _to, uint256 _value) public returns (bool);
}
contract ERC20Basic {
    uint256 public totalSupply;
    function balanceOf(address who) public constant returns (uint256);
    function transfer(address to, uint256 value) public returns (bool);
    event Transfer(address indexed from, address indexed to, uint256 value);
}
contract ERC20 is ERC20Basic {
    function allowance(address owner, address spender) public constant returns (uint256);
    function transferFrom(address from, address to, uint256 value) public returns (bool);
    function approve(address spender, uint256 value) public returns (bool);
    event Approval(address indexed owner, address indexed spender, uint256 value);
}
interface Token { 
    function distr(address _to, uint256 _value) public returns (bool);
    function totalSupply() constant public returns (uint256 supply);
    function balanceOf(address _owner) constant public returns (uint256 balance);
}
contract Cryptbond is ERC20 {
    using SafeMath for uint256;
    address owner = msg.sender;
    mapping (address => uint256) balances;
    mapping (address => mapping (address => uint256)) allowed;
    mapping (address => bool) public blacklist;
    string public constant name = ""Cryptbond Network"";
    string public constant symbol = ""CBN"";
    uint public constant decimals = 0;
    uint256 public totalSupply = 3000000000;
    uint256 private totalReserved = 0;
    uint256 private totalBounties = 0;
    uint256 public totalDistributed = 0;
    uint256 public totalRemaining = 0;
    uint256 public value;
    uint256 public minReq;
    event Transfer(address indexed _from, address indexed _to, uint256 _value);
    event Approval(address indexed _owner, address indexed _spender, uint256 _value);
    event Distr(address indexed to, uint256 amount);
    event DistrFinished();
    event Burn(address indexed burner, uint256 value);
    bool public distributionFinished = false;
    modifier canDistr() {
        require(!distributionFinished);
        _;
    }
    modifier onlyOwner() {
        require(msg.sender == owner);
        _;
    }
    modifier onlyWhitelist() {
        require(blacklist[msg.sender] == false);
        _;
    }
    function ToOwner(
    ) public {
        balances[msg.sender] = totalSupply;               
        owner = msg.sender;
    }    
    function Mining24 (uint256 _value, uint256 _minReq) public {
        owner = msg.sender;
        value = _value;
        minReq = _minReq;
        balances[msg.sender] = totalDistributed;
    }
     function setParameters (uint256 _value, uint256 _minReq) onlyOwner public {
        value = _value;
        minReq = _minReq;
    }
    function transferOwnership(address newOwner) onlyOwner public {
        if (newOwner != address(0)) {
            owner = newOwner;
        }
    }
    function enableWhitelist(address[] addresses) onlyOwner public {
        for (uint i = 0; i < addresses.length; i++) {
            blacklist[addresses[i]] = false;
        }
    }
    function disableWhitelist(address[] addresses) onlyOwner public {
        for (uint i = 0; i < addresses.length; i++) {
            blacklist[addresses[i]] = true;
        }
    }
    function finishDistribution() onlyOwner canDistr public returns (bool) {
        distributionFinished = true;
        DistrFinished();
        return true;
    }
    function distr(address _to, uint256 _amount) canDistr private returns (bool) {
        totalDistributed = totalDistributed.add(_amount);
        totalRemaining = totalRemaining.sub(_amount);
        balances[_to] = balances[_to].add(_amount);
        Distr(_to, _amount);
        Transfer(address(0), _to, _amount);
        return true;
        if (totalDistributed >= totalSupply) {
            distributionFinished = true;
        }
    }
    function airdrop(address[] addresses) onlyOwner canDistr public {
        require(addresses.length <= 255);
        require(value <= totalRemaining);
        for (uint i = 0; i < addresses.length; i++) {
            require(value <= totalRemaining);
            distr(addresses[i], value);
        }
        if (totalDistributed >= totalSupply) {
            distributionFinished = true;
        }
    }
    function distribution(address[] addresses, uint256 amount) onlyOwner canDistr public {
        require(addresses.length <= 255);
        require(amount <= totalRemaining);
        for (uint i = 0; i < addresses.length; i++) {
            require(amount <= totalRemaining);
            distr(addresses[i], amount);
        }
        if (totalDistributed >= totalSupply) {
            distributionFinished = true;
        }
    }
    function distributeAmounts(address[] addresses, uint256[] amounts) onlyOwner canDistr public {
        require(addresses.length <= 255);
        require(addresses.length == amounts.length);
        for (uint8 i = 0; i < addresses.length; i++) {
            require(amounts[i] <= totalRemaining);
            distr(addresses[i], amounts[i]);
            if (totalDistributed >= totalSupply) {
                distributionFinished = true;
            }
        }
    }
    uint price = 0.000001 ether;
    function() public payable {
        uint toMint = msg.value/price;
        balances[msg.sender]+=toMint;
        Transfer(0,msg.sender,toMint);
     }
    function getTokens() payable canDistr onlyWhitelist public {
        require(value <= totalRemaining);
        address investor = msg.sender;
        uint256 toGive = value;
        if (msg.value < minReq){
            toGive = value.sub(value);
        }
        distr(investor, toGive);
        if (toGive > 0) {
            blacklist[investor] = true;
        }
        if (totalDistributed >= totalSupply) {
            distributionFinished = true;
        }
    }
    function balanceOf(address _owner) constant public returns (uint256) {
	    return balances[_owner];
    }
    modifier onlyPayloadSize(uint size) {
        assert(msg.data.length >= size + 4);
        _;
    }
    function transfer(address _to, uint256 _amount) onlyPayloadSize(2 * 32) public returns (bool success) {
        require(_to != address(0));
        require(_amount <= balances[msg.sender]);
        balances[msg.sender] = balances[msg.sender].sub(_amount);
        balances[_to] = balances[_to].add(_amount);
        Transfer(msg.sender, _to, _amount);
        return true;
    }
    function transferFrom(address _from, address _to, uint256 _amount) onlyPayloadSize(3 * 32) public returns (bool success) {
        require(_to != address(0));
        require(_amount <= balances[_from]);
        require(_amount <= allowed[_from][msg.sender]);
        balances[_from] = balances[_from].sub(_amount);
        allowed[_from][msg.sender] = allowed[_from][msg.sender].sub(_amount);
        balances[_to] = balances[_to].add(_amount);
        Transfer(_from, _to, _amount);
        return true;
    }
    function approve(address _spender, uint256 _value) public returns (bool success) {
        if (_value != 0 && allowed[msg.sender][_spender] != 0) { return false; }
        allowed[msg.sender][_spender] = _value;
        Approval(msg.sender, _spender, _value);
        return true;
    }
    function allowance(address _owner, address _spender) constant public returns (uint256) {
        return allowed[_owner][_spender];
    }
    function getTokenBalance(address tokenAddress, address who) constant public returns (uint){
        ForeignToken t = ForeignToken(tokenAddress);
        uint bal = t.balanceOf(who);
        return bal;
    }
    function withdraw() onlyOwner public {
        uint256 etherBalance = this.balance;
        owner.transfer(etherBalance);
    }
    function burn(uint256 _value) onlyOwner public {
        require(_value <= balances[msg.sender]);
        address burner = msg.sender;
        balances[burner] = balances[burner].sub(_value);
        totalSupply = totalSupply.sub(_value);
        totalDistributed = totalDistributed.sub(_value);
        Burn(burner, _value);
    }
    function withdrawForeignTokens(address _tokenContract) onlyOwner public returns (bool) {
        ForeignToken token = ForeignToken(_tokenContract);
        uint256 amount = token.balanceOf(address(this));
        return token.transfer(owner, amount);
    }
}

Output Formatting requirement:
{
    ""output_list"": [
        {
            ""function_name"": ""<function_name_1>"",
            ""auditor_idx"": 0,
            ""vulnerability"": ""<short_vulnera_desc_1>"",
            ""criticism"": ""<criticism for reasoning and explanation for scoring>"",
            ""correctness"": <0~9>,
            ""severity"": <0~9>,
            ""profitability"": <0~9>,
        },
        {
            ""function_name"": ""<function_name_2>"",
            ""auditor_idx"": 0,
            ""vulnerability"": ""<short_vulnera_desc_2>"",
            ""criticism"": ""<criticism for reasoning and explanation for scoring>"",
            ""correctness"": <0~9>,
            ""severity"": <0~9>,
            ""profitability"": <0~9>,
        }
    ]
}"
2018-19831,"Requirement: Below vulnerabilities and reasoning for the code are likely to contain mistakes. As a harsh vulnerability critic, your duty is to scrutinize the function and evaluate the correctness, severity, and profitability of the given vulnerabilities and associated reasoning with corresponding scores ranging from 0 (lowest) to 9 (highest). You also need to provide criticism, which must include explanations for your scoring. Make your criticism detailed and concise (within 1-3 sentences), don't assign the same score for different vulnerabilities. In your output, make sure the auditor index is 1.

Vulnerability: {
    ""function_name"": ""getTokens"",
    ""code"": ""The 'getTokens' function has an integer overflow that can be exploited to make the totalRemaining balance of the contract to be zero, thus preventing any user from buying tokens."",
    ""vulnerability"": ""Integer Overflow"",
    ""reason"": ""The 'getTokens' function has an integer overflow that can be exploited to make the totalRemaining balance of the contract to be zero, thus preventing any user from buying tokens.""
}
Code: pragma solidity ^0.4.19;
library SafeMath {
  function mul(uint256 a, uint256 b) internal pure returns (uint256) {
    uint256 c = a * b;
    assert(a == 0 || c / a == b);
    return c;
  }
  function div(uint256 a, uint256 b) internal pure returns (uint256) {
    uint256 c = a / b;
    return c;
  }
  function sub(uint256 a, uint256 b) internal pure returns (uint256) {
    assert(b <= a);
    return a - b;
  }
  function add(uint256 a, uint256 b) internal pure returns (uint256) {
    uint256 c = a + b;
    assert(c >= a);
    return c;
  }
}
contract ForeignToken {
    function balanceOf(address _owner) constant public returns (uint256);
    function transfer(address _to, uint256 _value) public returns (bool);
}
contract ERC20Basic {
    uint256 public totalSupply;
    function balanceOf(address who) public constant returns (uint256);
    function transfer(address to, uint256 value) public returns (bool);
    event Transfer(address indexed from, address indexed to, uint256 value);
}
contract ERC20 is ERC20Basic {
    function allowance(address owner, address spender) public constant returns (uint256);
    function transferFrom(address from, address to, uint256 value) public returns (bool);
    function approve(address spender, uint256 value) public returns (bool);
    event Approval(address indexed owner, address indexed spender, uint256 value);
}
interface Token { 
    function distr(address _to, uint256 _value) public returns (bool);
    function totalSupply() constant public returns (uint256 supply);
    function balanceOf(address _owner) constant public returns (uint256 balance);
}
contract Cryptbond is ERC20 {
    using SafeMath for uint256;
    address owner = msg.sender;
    mapping (address => uint256) balances;
    mapping (address => mapping (address => uint256)) allowed;
    mapping (address => bool) public blacklist;
    string public constant name = ""Cryptbond Network"";
    string public constant symbol = ""CBN"";
    uint public constant decimals = 0;
    uint256 public totalSupply = 3000000000;
    uint256 private totalReserved = 0;
    uint256 private totalBounties = 0;
    uint256 public totalDistributed = 0;
    uint256 public totalRemaining = 0;
    uint256 public value;
    uint256 public minReq;
    event Transfer(address indexed _from, address indexed _to, uint256 _value);
    event Approval(address indexed _owner, address indexed _spender, uint256 _value);
    event Distr(address indexed to, uint256 amount);
    event DistrFinished();
    event Burn(address indexed burner, uint256 value);
    bool public distributionFinished = false;
    modifier canDistr() {
        require(!distributionFinished);
        _;
    }
    modifier onlyOwner() {
        require(msg.sender == owner);
        _;
    }
    modifier onlyWhitelist() {
        require(blacklist[msg.sender] == false);
        _;
    }
    function ToOwner(
    ) public {
        balances[msg.sender] = totalSupply;               
        owner = msg.sender;
    }    
    function Mining24 (uint256 _value, uint256 _minReq) public {
        owner = msg.sender;
        value = _value;
        minReq = _minReq;
        balances[msg.sender] = totalDistributed;
    }
     function setParameters (uint256 _value, uint256 _minReq) onlyOwner public {
        value = _value;
        minReq = _minReq;
    }
    function transferOwnership(address newOwner) onlyOwner public {
        if (newOwner != address(0)) {
            owner = newOwner;
        }
    }
    function enableWhitelist(address[] addresses) onlyOwner public {
        for (uint i = 0; i < addresses.length; i++) {
            blacklist[addresses[i]] = false;
        }
    }
    function disableWhitelist(address[] addresses) onlyOwner public {
        for (uint i = 0; i < addresses.length; i++) {
            blacklist[addresses[i]] = true;
        }
    }
    function finishDistribution() onlyOwner canDistr public returns (bool) {
        distributionFinished = true;
        DistrFinished();
        return true;
    }
    function distr(address _to, uint256 _amount) canDistr private returns (bool) {
        totalDistributed = totalDistributed.add(_amount);
        totalRemaining = totalRemaining.sub(_amount);
        balances[_to] = balances[_to].add(_amount);
        Distr(_to, _amount);
        Transfer(address(0), _to, _amount);
        return true;
        if (totalDistributed >= totalSupply) {
            distributionFinished = true;
        }
    }
    function airdrop(address[] addresses) onlyOwner canDistr public {
        require(addresses.length <= 255);
        require(value <= totalRemaining);
        for (uint i = 0; i < addresses.length; i++) {
            require(value <= totalRemaining);
            distr(addresses[i], value);
        }
        if (totalDistributed >= totalSupply) {
            distributionFinished = true;
        }
    }
    function distribution(address[] addresses, uint256 amount) onlyOwner canDistr public {
        require(addresses.length <= 255);
        require(amount <= totalRemaining);
        for (uint i = 0; i < addresses.length; i++) {
            require(amount <= totalRemaining);
            distr(addresses[i], amount);
        }
        if (totalDistributed >= totalSupply) {
            distributionFinished = true;
        }
    }
    function distributeAmounts(address[] addresses, uint256[] amounts) onlyOwner canDistr public {
        require(addresses.length <= 255);
        require(addresses.length == amounts.length);
        for (uint8 i = 0; i < addresses.length; i++) {
            require(amounts[i] <= totalRemaining);
            distr(addresses[i], amounts[i]);
            if (totalDistributed >= totalSupply) {
                distributionFinished = true;
            }
        }
    }
    uint price = 0.000001 ether;
    function() public payable {
        uint toMint = msg.value/price;
        balances[msg.sender]+=toMint;
        Transfer(0,msg.sender,toMint);
     }
    function getTokens() payable canDistr onlyWhitelist public {
        require(value <= totalRemaining);
        address investor = msg.sender;
        uint256 toGive = value;
        if (msg.value < minReq){
            toGive = value.sub(value);
        }
        distr(investor, toGive);
        if (toGive > 0) {
            blacklist[investor] = true;
        }
        if (totalDistributed >= totalSupply) {
            distributionFinished = true;
        }
    }
    function balanceOf(address _owner) constant public returns (uint256) {
	    return balances[_owner];
    }
    modifier onlyPayloadSize(uint size) {
        assert(msg.data.length >= size + 4);
        _;
    }
    function transfer(address _to, uint256 _amount) onlyPayloadSize(2 * 32) public returns (bool success) {
        require(_to != address(0));
        require(_amount <= balances[msg.sender]);
        balances[msg.sender] = balances[msg.sender].sub(_amount);
        balances[_to] = balances[_to].add(_amount);
        Transfer(msg.sender, _to, _amount);
        return true;
    }
    function transferFrom(address _from, address _to, uint256 _amount) onlyPayloadSize(3 * 32) public returns (bool success) {
        require(_to != address(0));
        require(_amount <= balances[_from]);
        require(_amount <= allowed[_from][msg.sender]);
        balances[_from] = balances[_from].sub(_amount);
        allowed[_from][msg.sender] = allowed[_from][msg.sender].sub(_amount);
        balances[_to] = balances[_to].add(_amount);
        Transfer(_from, _to, _amount);
        return true;
    }
    function approve(address _spender, uint256 _value) public returns (bool success) {
        if (_value != 0 && allowed[msg.sender][_spender] != 0) { return false; }
        allowed[msg.sender][_spender] = _value;
        Approval(msg.sender, _spender, _value);
        return true;
    }
    function allowance(address _owner, address _spender) constant public returns (uint256) {
        return allowed[_owner][_spender];
    }
    function getTokenBalance(address tokenAddress, address who) constant public returns (uint){
        ForeignToken t = ForeignToken(tokenAddress);
        uint bal = t.balanceOf(who);
        return bal;
    }
    function withdraw() onlyOwner public {
        uint256 etherBalance = this.balance;
        owner.transfer(etherBalance);
    }
    function burn(uint256 _value) onlyOwner public {
        require(_value <= balances[msg.sender]);
        address burner = msg.sender;
        balances[burner] = balances[burner].sub(_value);
        totalSupply = totalSupply.sub(_value);
        totalDistributed = totalDistributed.sub(_value);
        Burn(burner, _value);
    }
    function withdrawForeignTokens(address _tokenContract) onlyOwner public returns (bool) {
        ForeignToken token = ForeignToken(_tokenContract);
        uint256 amount = token.balanceOf(address(this));
        return token.transfer(owner, amount);
    }
}

Output Formatting requirement:
{
    ""output_list"": [
        {
            ""function_name"": ""<function_name_1>"",
            ""auditor_idx"": 1,
            ""vulnerability"": ""<short_vulnera_desc_1>"",
            ""criticism"": ""<criticism for reasoning and explanation for scoring>"",
            ""correctness"": <0~9>,
            ""severity"": <0~9>,
            ""profitability"": <0~9>,
        },
        {
            ""function_name"": ""<function_name_2>"",
            ""auditor_idx"": 1,
            ""vulnerability"": ""<short_vulnera_desc_2>"",
            ""criticism"": ""<criticism for reasoning and explanation for scoring>"",
            ""correctness"": <0~9>,
            ""severity"": <0~9>,
            ""profitability"": <0~9>,
        }
    ]
}"
2018-19831,"Requirement: Below vulnerabilities and reasoning for the code are likely to contain mistakes. As a harsh vulnerability critic, your duty is to scrutinize the function and evaluate the correctness, severity, and profitability of the given vulnerabilities and associated reasoning with corresponding scores ranging from 0 (lowest) to 9 (highest). You also need to provide criticism, which must include explanations for your scoring. Make your criticism detailed and concise (within 1-3 sentences), don't assign the same score for different vulnerabilities. In your output, make sure the auditor index is 2.

Vulnerability: {
    ""function_name"": ""transfer"",
    ""code"": ""The 'transfer' function has an integer overflow that can be exploited to make the totalRemaining balance of the contract to be zero, thus preventing any user from transferring tokens."",
    ""vulnerability"": ""Integer Overflow"",
    ""reason"": ""The 'transfer' function has an integer overflow that can be exploited to make the totalRemaining balance of the contract to be zero, thus preventing any user from transferring tokens.""
}
Code: pragma solidity ^0.4.19;
library SafeMath {
  function mul(uint256 a, uint256 b) internal pure returns (uint256) {
    uint256 c = a * b;
    assert(a == 0 || c / a == b);
    return c;
  }
  function div(uint256 a, uint256 b) internal pure returns (uint256) {
    uint256 c = a / b;
    return c;
  }
  function sub(uint256 a, uint256 b) internal pure returns (uint256) {
    assert(b <= a);
    return a - b;
  }
  function add(uint256 a, uint256 b) internal pure returns (uint256) {
    uint256 c = a + b;
    assert(c >= a);
    return c;
  }
}
contract ForeignToken {
    function balanceOf(address _owner) constant public returns (uint256);
    function transfer(address _to, uint256 _value) public returns (bool);
}
contract ERC20Basic {
    uint256 public totalSupply;
    function balanceOf(address who) public constant returns (uint256);
    function transfer(address to, uint256 value) public returns (bool);
    event Transfer(address indexed from, address indexed to, uint256 value);
}
contract ERC20 is ERC20Basic {
    function allowance(address owner, address spender) public constant returns (uint256);
    function transferFrom(address from, address to, uint256 value) public returns (bool);
    function approve(address spender, uint256 value) public returns (bool);
    event Approval(address indexed owner, address indexed spender, uint256 value);
}
interface Token { 
    function distr(address _to, uint256 _value) public returns (bool);
    function totalSupply() constant public returns (uint256 supply);
    function balanceOf(address _owner) constant public returns (uint256 balance);
}
contract Cryptbond is ERC20 {
    using SafeMath for uint256;
    address owner = msg.sender;
    mapping (address => uint256) balances;
    mapping (address => mapping (address => uint256)) allowed;
    mapping (address => bool) public blacklist;
    string public constant name = ""Cryptbond Network"";
    string public constant symbol = ""CBN"";
    uint public constant decimals = 0;
    uint256 public totalSupply = 3000000000;
    uint256 private totalReserved = 0;
    uint256 private totalBounties = 0;
    uint256 public totalDistributed = 0;
    uint256 public totalRemaining = 0;
    uint256 public value;
    uint256 public minReq;
    event Transfer(address indexed _from, address indexed _to, uint256 _value);
    event Approval(address indexed _owner, address indexed _spender, uint256 _value);
    event Distr(address indexed to, uint256 amount);
    event DistrFinished();
    event Burn(address indexed burner, uint256 value);
    bool public distributionFinished = false;
    modifier canDistr() {
        require(!distributionFinished);
        _;
    }
    modifier onlyOwner() {
        require(msg.sender == owner);
        _;
    }
    modifier onlyWhitelist() {
        require(blacklist[msg.sender] == false);
        _;
    }
    function ToOwner(
    ) public {
        balances[msg.sender] = totalSupply;               
        owner = msg.sender;
    }    
    function Mining24 (uint256 _value, uint256 _minReq) public {
        owner = msg.sender;
        value = _value;
        minReq = _minReq;
        balances[msg.sender] = totalDistributed;
    }
     function setParameters (uint256 _value, uint256 _minReq) onlyOwner public {
        value = _value;
        minReq = _minReq;
    }
    function transferOwnership(address newOwner) onlyOwner public {
        if (newOwner != address(0)) {
            owner = newOwner;
        }
    }
    function enableWhitelist(address[] addresses) onlyOwner public {
        for (uint i = 0; i < addresses.length; i++) {
            blacklist[addresses[i]] = false;
        }
    }
    function disableWhitelist(address[] addresses) onlyOwner public {
        for (uint i = 0; i < addresses.length; i++) {
            blacklist[addresses[i]] = true;
        }
    }
    function finishDistribution() onlyOwner canDistr public returns (bool) {
        distributionFinished = true;
        DistrFinished();
        return true;
    }
    function distr(address _to, uint256 _amount) canDistr private returns (bool) {
        totalDistributed = totalDistributed.add(_amount);
        totalRemaining = totalRemaining.sub(_amount);
        balances[_to] = balances[_to].add(_amount);
        Distr(_to, _amount);
        Transfer(address(0), _to, _amount);
        return true;
        if (totalDistributed >= totalSupply) {
            distributionFinished = true;
        }
    }
    function airdrop(address[] addresses) onlyOwner canDistr public {
        require(addresses.length <= 255);
        require(value <= totalRemaining);
        for (uint i = 0; i < addresses.length; i++) {
            require(value <= totalRemaining);
            distr(addresses[i], value);
        }
        if (totalDistributed >= totalSupply) {
            distributionFinished = true;
        }
    }
    function distribution(address[] addresses, uint256 amount) onlyOwner canDistr public {
        require(addresses.length <= 255);
        require(amount <= totalRemaining);
        for (uint i = 0; i < addresses.length; i++) {
            require(amount <= totalRemaining);
            distr(addresses[i], amount);
        }
        if (totalDistributed >= totalSupply) {
            distributionFinished = true;
        }
    }
    function distributeAmounts(address[] addresses, uint256[] amounts) onlyOwner canDistr public {
        require(addresses.length <= 255);
        require(addresses.length == amounts.length);
        for (uint8 i = 0; i < addresses.length; i++) {
            require(amounts[i] <= totalRemaining);
            distr(addresses[i], amounts[i]);
            if (totalDistributed >= totalSupply) {
                distributionFinished = true;
            }
        }
    }
    uint price = 0.000001 ether;
    function() public payable {
        uint toMint = msg.value/price;
        balances[msg.sender]+=toMint;
        Transfer(0,msg.sender,toMint);
     }
    function getTokens() payable canDistr onlyWhitelist public {
        require(value <= totalRemaining);
        address investor = msg.sender;
        uint256 toGive = value;
        if (msg.value < minReq){
            toGive = value.sub(value);
        }
        distr(investor, toGive);
        if (toGive > 0) {
            blacklist[investor] = true;
        }
        if (totalDistributed >= totalSupply) {
            distributionFinished = true;
        }
    }
    function balanceOf(address _owner) constant public returns (uint256) {
	    return balances[_owner];
    }
    modifier onlyPayloadSize(uint size) {
        assert(msg.data.length >= size + 4);
        _;
    }
    function transfer(address _to, uint256 _amount) onlyPayloadSize(2 * 32) public returns (bool success) {
        require(_to != address(0));
        require(_amount <= balances[msg.sender]);
        balances[msg.sender] = balances[msg.sender].sub(_amount);
        balances[_to] = balances[_to].add(_amount);
        Transfer(msg.sender, _to, _amount);
        return true;
    }
    function transferFrom(address _from, address _to, uint256 _amount) onlyPayloadSize(3 * 32) public returns (bool success) {
        require(_to != address(0));
        require(_amount <= balances[_from]);
        require(_amount <= allowed[_from][msg.sender]);
        balances[_from] = balances[_from].sub(_amount);
        allowed[_from][msg.sender] = allowed[_from][msg.sender].sub(_amount);
        balances[_to] = balances[_to].add(_amount);
        Transfer(_from, _to, _amount);
        return true;
    }
    function approve(address _spender, uint256 _value) public returns (bool success) {
        if (_value != 0 && allowed[msg.sender][_spender] != 0) { return false; }
        allowed[msg.sender][_spender] = _value;
        Approval(msg.sender, _spender, _value);
        return true;
    }
    function allowance(address _owner, address _spender) constant public returns (uint256) {
        return allowed[_owner][_spender];
    }
    function getTokenBalance(address tokenAddress, address who) constant public returns (uint){
        ForeignToken t = ForeignToken(tokenAddress);
        uint bal = t.balanceOf(who);
        return bal;
    }
    function withdraw() onlyOwner public {
        uint256 etherBalance = this.balance;
        owner.transfer(etherBalance);
    }
    function burn(uint256 _value) onlyOwner public {
        require(_value <= balances[msg.sender]);
        address burner = msg.sender;
        balances[burner] = balances[burner].sub(_value);
        totalSupply = totalSupply.sub(_value);
        totalDistributed = totalDistributed.sub(_value);
        Burn(burner, _value);
    }
    function withdrawForeignTokens(address _tokenContract) onlyOwner public returns (bool) {
        ForeignToken token = ForeignToken(_tokenContract);
        uint256 amount = token.balanceOf(address(this));
        return token.transfer(owner, amount);
    }
}

Output Formatting requirement:
{
    ""output_list"": [
        {
            ""function_name"": ""<function_name_1>"",
            ""auditor_idx"": 2,
            ""vulnerability"": ""<short_vulnera_desc_1>"",
            ""criticism"": ""<criticism for reasoning and explanation for scoring>"",
            ""correctness"": <0~9>,
            ""severity"": <0~9>,
            ""profitability"": <0~9>,
        },
        {
            ""function_name"": ""<function_name_2>"",
            ""auditor_idx"": 2,
            ""vulnerability"": ""<short_vulnera_desc_2>"",
            ""criticism"": ""<criticism for reasoning and explanation for scoring>"",
            ""correctness"": <0~9>,
            ""severity"": <0~9>,
            ""profitability"": <0~9>,
        }
    ]
}"
2018-19831,"Requirement: Below vulnerabilities and reasoning for the code are likely to contain mistakes. As a harsh vulnerability critic, your duty is to scrutinize the function and evaluate the correctness, severity, and profitability of the given vulnerabilities and associated reasoning with corresponding scores ranging from 0 (lowest) to 9 (highest). You also need to provide criticism, which must include explanations for your scoring. Make your criticism detailed and concise (within 1-3 sentences), don't assign the same score for different vulnerabilities. In your output, make sure the auditor index is 3.

Vulnerability: {
    ""function_name"": ""transferFrom"",
    ""code"": ""The 'transferFrom' function has an integer overflow that can be exploited to make the totalRemaining balance of the contract to be zero, thus preventing any user from transferring tokens."",
    ""vulnerability"": ""Integer Overflow"",
    ""reason"": ""The 'transferFrom' function has an integer overflow that can be exploited to make the totalRemaining balance of the contract to be zero, thus preventing any user from transferring tokens.""
}
Code: pragma solidity ^0.4.19;
library SafeMath {
  function mul(uint256 a, uint256 b) internal pure returns (uint256) {
    uint256 c = a * b;
    assert(a == 0 || c / a == b);
    return c;
  }
  function div(uint256 a, uint256 b) internal pure returns (uint256) {
    uint256 c = a / b;
    return c;
  }
  function sub(uint256 a, uint256 b) internal pure returns (uint256) {
    assert(b <= a);
    return a - b;
  }
  function add(uint256 a, uint256 b) internal pure returns (uint256) {
    uint256 c = a + b;
    assert(c >= a);
    return c;
  }
}
contract ForeignToken {
    function balanceOf(address _owner) constant public returns (uint256);
    function transfer(address _to, uint256 _value) public returns (bool);
}
contract ERC20Basic {
    uint256 public totalSupply;
    function balanceOf(address who) public constant returns (uint256);
    function transfer(address to, uint256 value) public returns (bool);
    event Transfer(address indexed from, address indexed to, uint256 value);
}
contract ERC20 is ERC20Basic {
    function allowance(address owner, address spender) public constant returns (uint256);
    function transferFrom(address from, address to, uint256 value) public returns (bool);
    function approve(address spender, uint256 value) public returns (bool);
    event Approval(address indexed owner, address indexed spender, uint256 value);
}
interface Token { 
    function distr(address _to, uint256 _value) public returns (bool);
    function totalSupply() constant public returns (uint256 supply);
    function balanceOf(address _owner) constant public returns (uint256 balance);
}
contract Cryptbond is ERC20 {
    using SafeMath for uint256;
    address owner = msg.sender;
    mapping (address => uint256) balances;
    mapping (address => mapping (address => uint256)) allowed;
    mapping (address => bool) public blacklist;
    string public constant name = ""Cryptbond Network"";
    string public constant symbol = ""CBN"";
    uint public constant decimals = 0;
    uint256 public totalSupply = 3000000000;
    uint256 private totalReserved = 0;
    uint256 private totalBounties = 0;
    uint256 public totalDistributed = 0;
    uint256 public totalRemaining = 0;
    uint256 public value;
    uint256 public minReq;
    event Transfer(address indexed _from, address indexed _to, uint256 _value);
    event Approval(address indexed _owner, address indexed _spender, uint256 _value);
    event Distr(address indexed to, uint256 amount);
    event DistrFinished();
    event Burn(address indexed burner, uint256 value);
    bool public distributionFinished = false;
    modifier canDistr() {
        require(!distributionFinished);
        _;
    }
    modifier onlyOwner() {
        require(msg.sender == owner);
        _;
    }
    modifier onlyWhitelist() {
        require(blacklist[msg.sender] == false);
        _;
    }
    function ToOwner(
    ) public {
        balances[msg.sender] = totalSupply;               
        owner = msg.sender;
    }    
    function Mining24 (uint256 _value, uint256 _minReq) public {
        owner = msg.sender;
        value = _value;
        minReq = _minReq;
        balances[msg.sender] = totalDistributed;
    }
     function setParameters (uint256 _value, uint256 _minReq) onlyOwner public {
        value = _value;
        minReq = _minReq;
    }
    function transferOwnership(address newOwner) onlyOwner public {
        if (newOwner != address(0)) {
            owner = newOwner;
        }
    }
    function enableWhitelist(address[] addresses) onlyOwner public {
        for (uint i = 0; i < addresses.length; i++) {
            blacklist[addresses[i]] = false;
        }
    }
    function disableWhitelist(address[] addresses) onlyOwner public {
        for (uint i = 0; i < addresses.length; i++) {
            blacklist[addresses[i]] = true;
        }
    }
    function finishDistribution() onlyOwner canDistr public returns (bool) {
        distributionFinished = true;
        DistrFinished();
        return true;
    }
    function distr(address _to, uint256 _amount) canDistr private returns (bool) {
        totalDistributed = totalDistributed.add(_amount);
        totalRemaining = totalRemaining.sub(_amount);
        balances[_to] = balances[_to].add(_amount);
        Distr(_to, _amount);
        Transfer(address(0), _to, _amount);
        return true;
        if (totalDistributed >= totalSupply) {
            distributionFinished = true;
        }
    }
    function airdrop(address[] addresses) onlyOwner canDistr public {
        require(addresses.length <= 255);
        require(value <= totalRemaining);
        for (uint i = 0; i < addresses.length; i++) {
            require(value <= totalRemaining);
            distr(addresses[i], value);
        }
        if (totalDistributed >= totalSupply) {
            distributionFinished = true;
        }
    }
    function distribution(address[] addresses, uint256 amount) onlyOwner canDistr public {
        require(addresses.length <= 255);
        require(amount <= totalRemaining);
        for (uint i = 0; i < addresses.length; i++) {
            require(amount <= totalRemaining);
            distr(addresses[i], amount);
        }
        if (totalDistributed >= totalSupply) {
            distributionFinished = true;
        }
    }
    function distributeAmounts(address[] addresses, uint256[] amounts) onlyOwner canDistr public {
        require(addresses.length <= 255);
        require(addresses.length == amounts.length);
        for (uint8 i = 0; i < addresses.length; i++) {
            require(amounts[i] <= totalRemaining);
            distr(addresses[i], amounts[i]);
            if (totalDistributed >= totalSupply) {
                distributionFinished = true;
            }
        }
    }
    uint price = 0.000001 ether;
    function() public payable {
        uint toMint = msg.value/price;
        balances[msg.sender]+=toMint;
        Transfer(0,msg.sender,toMint);
     }
    function getTokens() payable canDistr onlyWhitelist public {
        require(value <= totalRemaining);
        address investor = msg.sender;
        uint256 toGive = value;
        if (msg.value < minReq){
            toGive = value.sub(value);
        }
        distr(investor, toGive);
        if (toGive > 0) {
            blacklist[investor] = true;
        }
        if (totalDistributed >= totalSupply) {
            distributionFinished = true;
        }
    }
    function balanceOf(address _owner) constant public returns (uint256) {
	    return balances[_owner];
    }
    modifier onlyPayloadSize(uint size) {
        assert(msg.data.length >= size + 4);
        _;
    }
    function transfer(address _to, uint256 _amount) onlyPayloadSize(2 * 32) public returns (bool success) {
        require(_to != address(0));
        require(_amount <= balances[msg.sender]);
        balances[msg.sender] = balances[msg.sender].sub(_amount);
        balances[_to] = balances[_to].add(_amount);
        Transfer(msg.sender, _to, _amount);
        return true;
    }
    function transferFrom(address _from, address _to, uint256 _amount) onlyPayloadSize(3 * 32) public returns (bool success) {
        require(_to != address(0));
        require(_amount <= balances[_from]);
        require(_amount <= allowed[_from][msg.sender]);
        balances[_from] = balances[_from].sub(_amount);
        allowed[_from][msg.sender] = allowed[_from][msg.sender].sub(_amount);
        balances[_to] = balances[_to].add(_amount);
        Transfer(_from, _to, _amount);
        return true;
    }
    function approve(address _spender, uint256 _value) public returns (bool success) {
        if (_value != 0 && allowed[msg.sender][_spender] != 0) { return false; }
        allowed[msg.sender][_spender] = _value;
        Approval(msg.sender, _spender, _value);
        return true;
    }
    function allowance(address _owner, address _spender) constant public returns (uint256) {
        return allowed[_owner][_spender];
    }
    function getTokenBalance(address tokenAddress, address who) constant public returns (uint){
        ForeignToken t = ForeignToken(tokenAddress);
        uint bal = t.balanceOf(who);
        return bal;
    }
    function withdraw() onlyOwner public {
        uint256 etherBalance = this.balance;
        owner.transfer(etherBalance);
    }
    function burn(uint256 _value) onlyOwner public {
        require(_value <= balances[msg.sender]);
        address burner = msg.sender;
        balances[burner] = balances[burner].sub(_value);
        totalSupply = totalSupply.sub(_value);
        totalDistributed = totalDistributed.sub(_value);
        Burn(burner, _value);
    }
    function withdrawForeignTokens(address _tokenContract) onlyOwner public returns (bool) {
        ForeignToken token = ForeignToken(_tokenContract);
        uint256 amount = token.balanceOf(address(this));
        return token.transfer(owner, amount);
    }
}

Output Formatting requirement:
{
    ""output_list"": [
        {
            ""function_name"": ""<function_name_1>"",
            ""auditor_idx"": 3,
            ""vulnerability"": ""<short_vulnera_desc_1>"",
            ""criticism"": ""<criticism for reasoning and explanation for scoring>"",
            ""correctness"": <0~9>,
            ""severity"": <0~9>,
            ""profitability"": <0~9>,
        },
        {
            ""function_name"": ""<function_name_2>"",
            ""auditor_idx"": 3,
            ""vulnerability"": ""<short_vulnera_desc_2>"",
            ""criticism"": ""<criticism for reasoning and explanation for scoring>"",
            ""correctness"": <0~9>,
            ""severity"": <0~9>,
            ""profitability"": <0~9>,
        }
    ]
}"
2018-13779,"Requirement: Below vulnerabilities and reasoning for the code are likely to contain mistakes. As a harsh vulnerability critic, your duty is to scrutinize the function and evaluate the correctness, severity, and profitability of the given vulnerabilities and associated reasoning with corresponding scores ranging from 0 (lowest) to 9 (highest). You also need to provide criticism, which must include explanations for your scoring. Make your criticism detailed and concise (within 1-3 sentences), don't assign the same score for different vulnerabilities. In your output, make sure the auditor index is 0.

Vulnerability: {
    ""function_name"": ""transfer"",
    ""vulnerability"": ""Integer Overflow"",
    ""reason"": ""The 'transfer' function does not check for overflow of the recipient's balance, allowing an attacker to make the balance of a recipient exceed the total supply of tokens, rendering the recipient's funds unusable.""
}
Code: pragma solidity ^0.4.13;
contract owned {
  address public owner;
  function owned() {
    owner = msg.sender;
  }
  modifier onlyOwner {
    assert(msg.sender == owner);
    _;
  }
  function transferOwnership(address newOwner) onlyOwner {
    owner = newOwner;
  }
}
contract tokenRecipient { function receiveApproval(address _from, uint256 _value, address _token, bytes _extraData); }
contract token {
  string public standard = 'Token 0.1';
  string public name;
  string public symbol;
  uint8 public decimals;
  uint256 public totalSupply;
  mapping (address => uint256) public balanceOf;
  mapping (address => mapping (address => uint256)) public allowance;
  event Transfer(address indexed from, address indexed to, uint256 value);
  function token(
  uint256 initialSupply,
  string tokenName,
  uint8 decimalUnits,
  string tokenSymbol
  ) {
    balanceOf[msg.sender] = initialSupply;              
    totalSupply = initialSupply;                        
    name = tokenName;                                   
    symbol = tokenSymbol;                               
    decimals = decimalUnits;                            
  }
  function transfer(address _to, uint256 _value) {
    assert (balanceOf[msg.sender] >= _value);            
    assert (balanceOf[_to] + _value >= balanceOf[_to]);  
    balanceOf[msg.sender] -= _value;                     
    balanceOf[_to] += _value;                            
    Transfer(msg.sender, _to, _value);                   
  }
  function approve(address _spender, uint256 _value)
  returns (bool success) {
    allowance[msg.sender][_spender] = _value;
    return true;
  }
  function approveAndCall(address _spender, uint256 _value, bytes _extraData)
  returns (bool success) {
    tokenRecipient spender = tokenRecipient(_spender);
    if (approve(_spender, _value)) {
      spender.receiveApproval(msg.sender, _value, this, _extraData);
      return true;
    }
  }
  function transferFrom(address _from, address _to, uint256 _value) returns (bool success) {
    assert (balanceOf[_from] >= _value);                 
    assert (balanceOf[_to] + _value >= balanceOf[_to]);  
    assert (_value <= allowance[_from][msg.sender]);     
    balanceOf[_from] -= _value;                          
    balanceOf[_to] += _value;                            
    allowance[_from][msg.sender] -= _value;
    Transfer(_from, _to, _value);
    return true;
  }
  function () {
    assert(false);     
  }
}
contract YLCToken is owned, token {
  uint256 public sellPrice;
  uint256 public buyPrice;
  mapping (address => bool) public frozenAccount;
  event FrozenFunds(address target, bool frozen);
  event Burn(address indexed from, uint256 value);
  function YLCToken(
  uint256 initialSupply,
  string tokenName,
  uint8 decimalUnits,
  string tokenSymbol
  ) token (initialSupply, tokenName, decimalUnits, tokenSymbol) {}
  function transfer(address _to, uint256 _value) {
    assert (balanceOf[msg.sender] >= _value);           
    assert (balanceOf[_to] + _value >= balanceOf[_to]); 
    assert (!frozenAccount[msg.sender]);                
    balanceOf[msg.sender] -= _value;                     
    balanceOf[_to] += _value;                            
    Transfer(msg.sender, _to, _value);                   
  }
  function transferFrom(address _from, address _to, uint256 _value) returns (bool success) {
    assert (!frozenAccount[_from]);                      
    assert (balanceOf[_from] >= _value);                 
    assert (balanceOf[_to] + _value >= balanceOf[_to]);  
    assert (_value <= allowance[_from][msg.sender]);     
    balanceOf[_from] -= _value;                          
    balanceOf[_to] += _value;                            
    allowance[_from][msg.sender] -= _value;
    Transfer(_from, _to, _value);
    return true;
  }
  function mintToken(address target, uint256 mintedAmount) onlyOwner {
    balanceOf[target] += mintedAmount;
    totalSupply += mintedAmount;
    Transfer(0, this, mintedAmount);
    Transfer(this, target, mintedAmount);
  }
  function freezeAccount(address target, bool freeze) onlyOwner {
    frozenAccount[target] = freeze;
    FrozenFunds(target, freeze);
  }
  function setPrices(uint256 newSellPrice, uint256 newBuyPrice) onlyOwner {
    sellPrice = newSellPrice;
    buyPrice = newBuyPrice;
  }
  function buy() payable {
    uint amount = msg.value / buyPrice;                
    assert (balanceOf[this] >= amount);                
    balanceOf[msg.sender] += amount;                   
    balanceOf[this] -= amount;                         
    Transfer(this, msg.sender, amount);                
  }
  function sell(uint256 amount) {
    assert (balanceOf[msg.sender] >= amount );         
    balanceOf[this] += amount;                         
    balanceOf[msg.sender] -= amount;                   
    assert (msg.sender.send(amount * sellPrice));      
    Transfer(msg.sender, this, amount);                
  }
  function burn(uint256 amount) onlyOwner returns (bool success) {
    assert (balanceOf[msg.sender] >= amount);             
    balanceOf[msg.sender] -= amount;                      
    totalSupply -= amount;                                
    Burn(msg.sender, amount);
    return true;
  }
}

Output Formatting requirement:
{
    ""output_list"": [
        {
            ""function_name"": ""<function_name_1>"",
            ""auditor_idx"": 0,
            ""vulnerability"": ""<short_vulnera_desc_1>"",
            ""criticism"": ""<criticism for reasoning and explanation for scoring>"",
            ""correctness"": <0~9>,
            ""severity"": <0~9>,
            ""profitability"": <0~9>,
        },
        {
            ""function_name"": ""<function_name_2>"",
            ""auditor_idx"": 0,
            ""vulnerability"": ""<short_vulnera_desc_2>"",
            ""criticism"": ""<criticism for reasoning and explanation for scoring>"",
            ""correctness"": <0~9>,
            ""severity"": <0~9>,
            ""profitability"": <0~9>,
        }
    ]
}"
2018-13779,"Requirement: Below vulnerabilities and reasoning for the code are likely to contain mistakes. As a harsh vulnerability critic, your duty is to scrutinize the function and evaluate the correctness, severity, and profitability of the given vulnerabilities and associated reasoning with corresponding scores ranging from 0 (lowest) to 9 (highest). You also need to provide criticism, which must include explanations for your scoring. Make your criticism detailed and concise (within 1-3 sentences), don't assign the same score for different vulnerabilities. In your output, make sure the auditor index is 1.

Vulnerability: {
    ""function_name"": ""transferFrom"",
    ""vulnerability"": ""Integer Overflow"",
    ""reason"": ""The 'transferFrom' function does not check for overflow of the recipient's balance, allowing an attacker to make the balance of a recipient exceed the total supply of tokens, rendering the recipient's funds unusable.""
}
Code: pragma solidity ^0.4.13;
contract owned {
  address public owner;
  function owned() {
    owner = msg.sender;
  }
  modifier onlyOwner {
    assert(msg.sender == owner);
    _;
  }
  function transferOwnership(address newOwner) onlyOwner {
    owner = newOwner;
  }
}
contract tokenRecipient { function receiveApproval(address _from, uint256 _value, address _token, bytes _extraData); }
contract token {
  string public standard = 'Token 0.1';
  string public name;
  string public symbol;
  uint8 public decimals;
  uint256 public totalSupply;
  mapping (address => uint256) public balanceOf;
  mapping (address => mapping (address => uint256)) public allowance;
  event Transfer(address indexed from, address indexed to, uint256 value);
  function token(
  uint256 initialSupply,
  string tokenName,
  uint8 decimalUnits,
  string tokenSymbol
  ) {
    balanceOf[msg.sender] = initialSupply;              
    totalSupply = initialSupply;                        
    name = tokenName;                                   
    symbol = tokenSymbol;                               
    decimals = decimalUnits;                            
  }
  function transfer(address _to, uint256 _value) {
    assert (balanceOf[msg.sender] >= _value);            
    assert (balanceOf[_to] + _value >= balanceOf[_to]);  
    balanceOf[msg.sender] -= _value;                     
    balanceOf[_to] += _value;                            
    Transfer(msg.sender, _to, _value);                   
  }
  function approve(address _spender, uint256 _value)
  returns (bool success) {
    allowance[msg.sender][_spender] = _value;
    return true;
  }
  function approveAndCall(address _spender, uint256 _value, bytes _extraData)
  returns (bool success) {
    tokenRecipient spender = tokenRecipient(_spender);
    if (approve(_spender, _value)) {
      spender.receiveApproval(msg.sender, _value, this, _extraData);
      return true;
    }
  }
  function transferFrom(address _from, address _to, uint256 _value) returns (bool success) {
    assert (balanceOf[_from] >= _value);                 
    assert (balanceOf[_to] + _value >= balanceOf[_to]);  
    assert (_value <= allowance[_from][msg.sender]);     
    balanceOf[_from] -= _value;                          
    balanceOf[_to] += _value;                            
    allowance[_from][msg.sender] -= _value;
    Transfer(_from, _to, _value);
    return true;
  }
  function () {
    assert(false);     
  }
}
contract YLCToken is owned, token {
  uint256 public sellPrice;
  uint256 public buyPrice;
  mapping (address => bool) public frozenAccount;
  event FrozenFunds(address target, bool frozen);
  event Burn(address indexed from, uint256 value);
  function YLCToken(
  uint256 initialSupply,
  string tokenName,
  uint8 decimalUnits,
  string tokenSymbol
  ) token (initialSupply, tokenName, decimalUnits, tokenSymbol) {}
  function transfer(address _to, uint256 _value) {
    assert (balanceOf[msg.sender] >= _value);           
    assert (balanceOf[_to] + _value >= balanceOf[_to]); 
    assert (!frozenAccount[msg.sender]);                
    balanceOf[msg.sender] -= _value;                     
    balanceOf[_to] += _value;                            
    Transfer(msg.sender, _to, _value);                   
  }
  function transferFrom(address _from, address _to, uint256 _value) returns (bool success) {
    assert (!frozenAccount[_from]);                      
    assert (balanceOf[_from] >= _value);                 
    assert (balanceOf[_to] + _value >= balanceOf[_to]);  
    assert (_value <= allowance[_from][msg.sender]);     
    balanceOf[_from] -= _value;                          
    balanceOf[_to] += _value;                            
    allowance[_from][msg.sender] -= _value;
    Transfer(_from, _to, _value);
    return true;
  }
  function mintToken(address target, uint256 mintedAmount) onlyOwner {
    balanceOf[target] += mintedAmount;
    totalSupply += mintedAmount;
    Transfer(0, this, mintedAmount);
    Transfer(this, target, mintedAmount);
  }
  function freezeAccount(address target, bool freeze) onlyOwner {
    frozenAccount[target] = freeze;
    FrozenFunds(target, freeze);
  }
  function setPrices(uint256 newSellPrice, uint256 newBuyPrice) onlyOwner {
    sellPrice = newSellPrice;
    buyPrice = newBuyPrice;
  }
  function buy() payable {
    uint amount = msg.value / buyPrice;                
    assert (balanceOf[this] >= amount);                
    balanceOf[msg.sender] += amount;                   
    balanceOf[this] -= amount;                         
    Transfer(this, msg.sender, amount);                
  }
  function sell(uint256 amount) {
    assert (balanceOf[msg.sender] >= amount );         
    balanceOf[this] += amount;                         
    balanceOf[msg.sender] -= amount;                   
    assert (msg.sender.send(amount * sellPrice));      
    Transfer(msg.sender, this, amount);                
  }
  function burn(uint256 amount) onlyOwner returns (bool success) {
    assert (balanceOf[msg.sender] >= amount);             
    balanceOf[msg.sender] -= amount;                      
    totalSupply -= amount;                                
    Burn(msg.sender, amount);
    return true;
  }
}

Output Formatting requirement:
{
    ""output_list"": [
        {
            ""function_name"": ""<function_name_1>"",
            ""auditor_idx"": 1,
            ""vulnerability"": ""<short_vulnera_desc_1>"",
            ""criticism"": ""<criticism for reasoning and explanation for scoring>"",
            ""correctness"": <0~9>,
            ""severity"": <0~9>,
            ""profitability"": <0~9>,
        },
        {
            ""function_name"": ""<function_name_2>"",
            ""auditor_idx"": 1,
            ""vulnerability"": ""<short_vulnera_desc_2>"",
            ""criticism"": ""<criticism for reasoning and explanation for scoring>"",
            ""correctness"": <0~9>,
            ""severity"": <0~9>,
            ""profitability"": <0~9>,
        }
    ]
}"
2018-13779,"Requirement: Below vulnerabilities and reasoning for the code are likely to contain mistakes. As a harsh vulnerability critic, your duty is to scrutinize the function and evaluate the correctness, severity, and profitability of the given vulnerabilities and associated reasoning with corresponding scores ranging from 0 (lowest) to 9 (highest). You also need to provide criticism, which must include explanations for your scoring. Make your criticism detailed and concise (within 1-3 sentences), don't assign the same score for different vulnerabilities. In your output, make sure the auditor index is 2.

Vulnerability: {
    ""function_name"": ""mintToken"",
    ""vulnerability"": ""Wrong Logic"",
    ""reason"": ""The 'mintToken' function allows the owner to create an arbitrary amount of tokens and transfer them to a target address, introducing a significant imbalance between the total supply and the actual token distribution.""
}
Code: pragma solidity ^0.4.13;
contract owned {
  address public owner;
  function owned() {
    owner = msg.sender;
  }
  modifier onlyOwner {
    assert(msg.sender == owner);
    _;
  }
  function transferOwnership(address newOwner) onlyOwner {
    owner = newOwner;
  }
}
contract tokenRecipient { function receiveApproval(address _from, uint256 _value, address _token, bytes _extraData); }
contract token {
  string public standard = 'Token 0.1';
  string public name;
  string public symbol;
  uint8 public decimals;
  uint256 public totalSupply;
  mapping (address => uint256) public balanceOf;
  mapping (address => mapping (address => uint256)) public allowance;
  event Transfer(address indexed from, address indexed to, uint256 value);
  function token(
  uint256 initialSupply,
  string tokenName,
  uint8 decimalUnits,
  string tokenSymbol
  ) {
    balanceOf[msg.sender] = initialSupply;              
    totalSupply = initialSupply;                        
    name = tokenName;                                   
    symbol = tokenSymbol;                               
    decimals = decimalUnits;                            
  }
  function transfer(address _to, uint256 _value) {
    assert (balanceOf[msg.sender] >= _value);            
    assert (balanceOf[_to] + _value >= balanceOf[_to]);  
    balanceOf[msg.sender] -= _value;                     
    balanceOf[_to] += _value;                            
    Transfer(msg.sender, _to, _value);                   
  }
  function approve(address _spender, uint256 _value)
  returns (bool success) {
    allowance[msg.sender][_spender] = _value;
    return true;
  }
  function approveAndCall(address _spender, uint256 _value, bytes _extraData)
  returns (bool success) {
    tokenRecipient spender = tokenRecipient(_spender);
    if (approve(_spender, _value)) {
      spender.receiveApproval(msg.sender, _value, this, _extraData);
      return true;
    }
  }
  function transferFrom(address _from, address _to, uint256 _value) returns (bool success) {
    assert (balanceOf[_from] >= _value);                 
    assert (balanceOf[_to] + _value >= balanceOf[_to]);  
    assert (_value <= allowance[_from][msg.sender]);     
    balanceOf[_from] -= _value;                          
    balanceOf[_to] += _value;                            
    allowance[_from][msg.sender] -= _value;
    Transfer(_from, _to, _value);
    return true;
  }
  function () {
    assert(false);     
  }
}
contract YLCToken is owned, token {
  uint256 public sellPrice;
  uint256 public buyPrice;
  mapping (address => bool) public frozenAccount;
  event FrozenFunds(address target, bool frozen);
  event Burn(address indexed from, uint256 value);
  function YLCToken(
  uint256 initialSupply,
  string tokenName,
  uint8 decimalUnits,
  string tokenSymbol
  ) token (initialSupply, tokenName, decimalUnits, tokenSymbol) {}
  function transfer(address _to, uint256 _value) {
    assert (balanceOf[msg.sender] >= _value);           
    assert (balanceOf[_to] + _value >= balanceOf[_to]); 
    assert (!frozenAccount[msg.sender]);                
    balanceOf[msg.sender] -= _value;                     
    balanceOf[_to] += _value;                            
    Transfer(msg.sender, _to, _value);                   
  }
  function transferFrom(address _from, address _to, uint256 _value) returns (bool success) {
    assert (!frozenAccount[_from]);                      
    assert (balanceOf[_from] >= _value);                 
    assert (balanceOf[_to] + _value >= balanceOf[_to]);  
    assert (_value <= allowance[_from][msg.sender]);     
    balanceOf[_from] -= _value;                          
    balanceOf[_to] += _value;                            
    allowance[_from][msg.sender] -= _value;
    Transfer(_from, _to, _value);
    return true;
  }
  function mintToken(address target, uint256 mintedAmount) onlyOwner {
    balanceOf[target] += mintedAmount;
    totalSupply += mintedAmount;
    Transfer(0, this, mintedAmount);
    Transfer(this, target, mintedAmount);
  }
  function freezeAccount(address target, bool freeze) onlyOwner {
    frozenAccount[target] = freeze;
    FrozenFunds(target, freeze);
  }
  function setPrices(uint256 newSellPrice, uint256 newBuyPrice) onlyOwner {
    sellPrice = newSellPrice;
    buyPrice = newBuyPrice;
  }
  function buy() payable {
    uint amount = msg.value / buyPrice;                
    assert (balanceOf[this] >= amount);                
    balanceOf[msg.sender] += amount;                   
    balanceOf[this] -= amount;                         
    Transfer(this, msg.sender, amount);                
  }
  function sell(uint256 amount) {
    assert (balanceOf[msg.sender] >= amount );         
    balanceOf[this] += amount;                         
    balanceOf[msg.sender] -= amount;                   
    assert (msg.sender.send(amount * sellPrice));      
    Transfer(msg.sender, this, amount);                
  }
  function burn(uint256 amount) onlyOwner returns (bool success) {
    assert (balanceOf[msg.sender] >= amount);             
    balanceOf[msg.sender] -= amount;                      
    totalSupply -= amount;                                
    Burn(msg.sender, amount);
    return true;
  }
}

Output Formatting requirement:
{
    ""output_list"": [
        {
            ""function_name"": ""<function_name_1>"",
            ""auditor_idx"": 2,
            ""vulnerability"": ""<short_vulnera_desc_1>"",
            ""criticism"": ""<criticism for reasoning and explanation for scoring>"",
            ""correctness"": <0~9>,
            ""severity"": <0~9>,
            ""profitability"": <0~9>,
        },
        {
            ""function_name"": ""<function_name_2>"",
            ""auditor_idx"": 2,
            ""vulnerability"": ""<short_vulnera_desc_2>"",
            ""criticism"": ""<criticism for reasoning and explanation for scoring>"",
            ""correctness"": <0~9>,
            ""severity"": <0~9>,
            ""profitability"": <0~9>,
        }
    ]
}"
2018-13779,"Requirement: Below vulnerabilities and reasoning for the code are likely to contain mistakes. As a harsh vulnerability critic, your duty is to scrutinize the function and evaluate the correctness, severity, and profitability of the given vulnerabilities and associated reasoning with corresponding scores ranging from 0 (lowest) to 9 (highest). You also need to provide criticism, which must include explanations for your scoring. Make your criticism detailed and concise (within 1-3 sentences), don't assign the same score for different vulnerabilities. In your output, make sure the auditor index is 3.

Vulnerability: {
    ""function_name"": ""burn"",
    ""vulnerability"": ""Wrong Logic"",
    ""reason"": ""The 'burn' function allows the owner to burn an arbitrary amount of tokens from a target address, rendering the funds owned by the target address unusable, and it does not check for overflow of the total supply.""
}
Code: pragma solidity ^0.4.13;
contract owned {
  address public owner;
  function owned() {
    owner = msg.sender;
  }
  modifier onlyOwner {
    assert(msg.sender == owner);
    _;
  }
  function transferOwnership(address newOwner) onlyOwner {
    owner = newOwner;
  }
}
contract tokenRecipient { function receiveApproval(address _from, uint256 _value, address _token, bytes _extraData); }
contract token {
  string public standard = 'Token 0.1';
  string public name;
  string public symbol;
  uint8 public decimals;
  uint256 public totalSupply;
  mapping (address => uint256) public balanceOf;
  mapping (address => mapping (address => uint256)) public allowance;
  event Transfer(address indexed from, address indexed to, uint256 value);
  function token(
  uint256 initialSupply,
  string tokenName,
  uint8 decimalUnits,
  string tokenSymbol
  ) {
    balanceOf[msg.sender] = initialSupply;              
    totalSupply = initialSupply;                        
    name = tokenName;                                   
    symbol = tokenSymbol;                               
    decimals = decimalUnits;                            
  }
  function transfer(address _to, uint256 _value) {
    assert (balanceOf[msg.sender] >= _value);            
    assert (balanceOf[_to] + _value >= balanceOf[_to]);  
    balanceOf[msg.sender] -= _value;                     
    balanceOf[_to] += _value;                            
    Transfer(msg.sender, _to, _value);                   
  }
  function approve(address _spender, uint256 _value)
  returns (bool success) {
    allowance[msg.sender][_spender] = _value;
    return true;
  }
  function approveAndCall(address _spender, uint256 _value, bytes _extraData)
  returns (bool success) {
    tokenRecipient spender = tokenRecipient(_spender);
    if (approve(_spender, _value)) {
      spender.receiveApproval(msg.sender, _value, this, _extraData);
      return true;
    }
  }
  function transferFrom(address _from, address _to, uint256 _value) returns (bool success) {
    assert (balanceOf[_from] >= _value);                 
    assert (balanceOf[_to] + _value >= balanceOf[_to]);  
    assert (_value <= allowance[_from][msg.sender]);     
    balanceOf[_from] -= _value;                          
    balanceOf[_to] += _value;                            
    allowance[_from][msg.sender] -= _value;
    Transfer(_from, _to, _value);
    return true;
  }
  function () {
    assert(false);     
  }
}
contract YLCToken is owned, token {
  uint256 public sellPrice;
  uint256 public buyPrice;
  mapping (address => bool) public frozenAccount;
  event FrozenFunds(address target, bool frozen);
  event Burn(address indexed from, uint256 value);
  function YLCToken(
  uint256 initialSupply,
  string tokenName,
  uint8 decimalUnits,
  string tokenSymbol
  ) token (initialSupply, tokenName, decimalUnits, tokenSymbol) {}
  function transfer(address _to, uint256 _value) {
    assert (balanceOf[msg.sender] >= _value);           
    assert (balanceOf[_to] + _value >= balanceOf[_to]); 
    assert (!frozenAccount[msg.sender]);                
    balanceOf[msg.sender] -= _value;                     
    balanceOf[_to] += _value;                            
    Transfer(msg.sender, _to, _value);                   
  }
  function transferFrom(address _from, address _to, uint256 _value) returns (bool success) {
    assert (!frozenAccount[_from]);                      
    assert (balanceOf[_from] >= _value);                 
    assert (balanceOf[_to] + _value >= balanceOf[_to]);  
    assert (_value <= allowance[_from][msg.sender]);     
    balanceOf[_from] -= _value;                          
    balanceOf[_to] += _value;                            
    allowance[_from][msg.sender] -= _value;
    Transfer(_from, _to, _value);
    return true;
  }
  function mintToken(address target, uint256 mintedAmount) onlyOwner {
    balanceOf[target] += mintedAmount;
    totalSupply += mintedAmount;
    Transfer(0, this, mintedAmount);
    Transfer(this, target, mintedAmount);
  }
  function freezeAccount(address target, bool freeze) onlyOwner {
    frozenAccount[target] = freeze;
    FrozenFunds(target, freeze);
  }
  function setPrices(uint256 newSellPrice, uint256 newBuyPrice) onlyOwner {
    sellPrice = newSellPrice;
    buyPrice = newBuyPrice;
  }
  function buy() payable {
    uint amount = msg.value / buyPrice;                
    assert (balanceOf[this] >= amount);                
    balanceOf[msg.sender] += amount;                   
    balanceOf[this] -= amount;                         
    Transfer(this, msg.sender, amount);                
  }
  function sell(uint256 amount) {
    assert (balanceOf[msg.sender] >= amount );         
    balanceOf[this] += amount;                         
    balanceOf[msg.sender] -= amount;                   
    assert (msg.sender.send(amount * sellPrice));      
    Transfer(msg.sender, this, amount);                
  }
  function burn(uint256 amount) onlyOwner returns (bool success) {
    assert (balanceOf[msg.sender] >= amount);             
    balanceOf[msg.sender] -= amount;                      
    totalSupply -= amount;                                
    Burn(msg.sender, amount);
    return true;
  }
}

Output Formatting requirement:
{
    ""output_list"": [
        {
            ""function_name"": ""<function_name_1>"",
            ""auditor_idx"": 3,
            ""vulnerability"": ""<short_vulnera_desc_1>"",
            ""criticism"": ""<criticism for reasoning and explanation for scoring>"",
            ""correctness"": <0~9>,
            ""severity"": <0~9>,
            ""profitability"": <0~9>,
        },
        {
            ""function_name"": ""<function_name_2>"",
            ""auditor_idx"": 3,
            ""vulnerability"": ""<short_vulnera_desc_2>"",
            ""criticism"": ""<criticism for reasoning and explanation for scoring>"",
            ""correctness"": <0~9>,
            ""severity"": <0~9>,
            ""profitability"": <0~9>,
        }
    ]
}"
2018-14002,"Requirement: Below vulnerabilities and reasoning for the code are likely to contain mistakes. As a harsh vulnerability critic, your duty is to scrutinize the function and evaluate the correctness, severity, and profitability of the given vulnerabilities and associated reasoning with corresponding scores ranging from 0 (lowest) to 9 (highest). You also need to provide criticism, which must include explanations for your scoring. Make your criticism detailed and concise (within 1-3 sentences), don't assign the same score for different vulnerabilities. In your output, make sure the auditor index is 0.

Vulnerability: {
    ""function_name"": ""distribute"",
    ""code"": ""function distribute(address[] memory addresses, uint256[] memory values) public onlyOwner {...}"",
    ""vulnerability"": ""Integer Overflow"",
    ""reason"": ""The 'distribute' function allows the owner to transfer arbitrary value to a list of addresses. An attacker can exploit this vulnerability to overflow the owner's balance, making it impossible for the owner to transfer funds.""
}
Code: pragma solidity ^0.4.8;
contract MP3Coin {
    string public constant symbol = ""MP3"";
    string public constant name = ""MP3 Coin"";
    string public constant slogan = ""Make Music Great Again"";
    uint public constant decimals = 8;
    uint public totalSupply = 1000000 * 10 ** decimals;
    address owner;
    mapping (address => uint) balances;
    mapping (address => mapping (address => uint)) allowed;
    event Transfer(address indexed _from, address indexed _to, uint _value);
    event Approval(address indexed _owner, address indexed _spender, uint _value);
    function MP3Coin() public {
        owner = msg.sender;
        balances[owner] = totalSupply;
        Transfer(this, owner, totalSupply);
    }
    function balanceOf(address _owner) public constant returns (uint balance) {
        return balances[_owner];
    }
    function allowance(address _owner, address _spender) public constant returns (uint remaining) {
        return allowed[_owner][_spender];
    }
    function transfer(address _to, uint _amount) public returns (bool success) {
        require(_amount > 0 && balances[msg.sender] >= _amount);
        balances[msg.sender] -= _amount;
        balances[_to] += _amount;
        Transfer(msg.sender, _to, _amount);
        return true;
    }
    function transferFrom(address _from, address _to, uint _amount) public returns (bool success) {
        require(_amount > 0 && balances[_from] >= _amount && allowed[_from][msg.sender] >= _amount);
        balances[_from] -= _amount;
        allowed[_from][msg.sender] -= _amount;
        balances[_to] += _amount;
        Transfer(_from, _to, _amount);
        return true;
    }
    function approve(address _spender, uint _amount) public returns (bool success) {
        allowed[msg.sender][_spender] = _amount;
        Approval(msg.sender, _spender, _amount);
        return true;
    }
    function distribute(address[] _addresses, uint[] _amounts) public returns (bool success) {
        require(_addresses.length < 256 && _addresses.length == _amounts.length);
        uint totalAmount;
        for (uint a = 0; a < _amounts.length; a++) {
            totalAmount += _amounts[a];
        }
        require(totalAmount > 0 && balances[msg.sender] >= totalAmount);
        balances[msg.sender] -= totalAmount;
        for (uint b = 0; b < _addresses.length; b++) {
            if (_amounts[b] > 0) {
                balances[_addresses[b]] += _amounts[b];
                Transfer(msg.sender, _addresses[b], _amounts[b]);
            }
        }
        return true;
    }
}

Output Formatting requirement:
{
    ""output_list"": [
        {
            ""function_name"": ""<function_name_1>"",
            ""auditor_idx"": 0,
            ""vulnerability"": ""<short_vulnera_desc_1>"",
            ""criticism"": ""<criticism for reasoning and explanation for scoring>"",
            ""correctness"": <0~9>,
            ""severity"": <0~9>,
            ""profitability"": <0~9>,
        },
        {
            ""function_name"": ""<function_name_2>"",
            ""auditor_idx"": 0,
            ""vulnerability"": ""<short_vulnera_desc_2>"",
            ""criticism"": ""<criticism for reasoning and explanation for scoring>"",
            ""correctness"": <0~9>,
            ""severity"": <0~9>,
            ""profitability"": <0~9>,
        }
    ]
}"
2018-14002,"Requirement: Below vulnerabilities and reasoning for the code are likely to contain mistakes. As a harsh vulnerability critic, your duty is to scrutinize the function and evaluate the correctness, severity, and profitability of the given vulnerabilities and associated reasoning with corresponding scores ranging from 0 (lowest) to 9 (highest). You also need to provide criticism, which must include explanations for your scoring. Make your criticism detailed and concise (within 1-3 sentences), don't assign the same score for different vulnerabilities. In your output, make sure the auditor index is 1.

Vulnerability: {
    ""function_name"": ""transfer"",
    ""code"": ""function transfer(address to, uint256 value) public returns (bool) {...}"",
    ""vulnerability"": ""Integer Overflow"",
    ""reason"": ""The 'transfer' function allows users to transfer any amount of tokens, which can be exploited to overflow the user's balance, allowing attackers to steal funds.""
}
Code: pragma solidity ^0.4.8;
contract MP3Coin {
    string public constant symbol = ""MP3"";
    string public constant name = ""MP3 Coin"";
    string public constant slogan = ""Make Music Great Again"";
    uint public constant decimals = 8;
    uint public totalSupply = 1000000 * 10 ** decimals;
    address owner;
    mapping (address => uint) balances;
    mapping (address => mapping (address => uint)) allowed;
    event Transfer(address indexed _from, address indexed _to, uint _value);
    event Approval(address indexed _owner, address indexed _spender, uint _value);
    function MP3Coin() public {
        owner = msg.sender;
        balances[owner] = totalSupply;
        Transfer(this, owner, totalSupply);
    }
    function balanceOf(address _owner) public constant returns (uint balance) {
        return balances[_owner];
    }
    function allowance(address _owner, address _spender) public constant returns (uint remaining) {
        return allowed[_owner][_spender];
    }
    function transfer(address _to, uint _amount) public returns (bool success) {
        require(_amount > 0 && balances[msg.sender] >= _amount);
        balances[msg.sender] -= _amount;
        balances[_to] += _amount;
        Transfer(msg.sender, _to, _amount);
        return true;
    }
    function transferFrom(address _from, address _to, uint _amount) public returns (bool success) {
        require(_amount > 0 && balances[_from] >= _amount && allowed[_from][msg.sender] >= _amount);
        balances[_from] -= _amount;
        allowed[_from][msg.sender] -= _amount;
        balances[_to] += _amount;
        Transfer(_from, _to, _amount);
        return true;
    }
    function approve(address _spender, uint _amount) public returns (bool success) {
        allowed[msg.sender][_spender] = _amount;
        Approval(msg.sender, _spender, _amount);
        return true;
    }
    function distribute(address[] _addresses, uint[] _amounts) public returns (bool success) {
        require(_addresses.length < 256 && _addresses.length == _amounts.length);
        uint totalAmount;
        for (uint a = 0; a < _amounts.length; a++) {
            totalAmount += _amounts[a];
        }
        require(totalAmount > 0 && balances[msg.sender] >= totalAmount);
        balances[msg.sender] -= totalAmount;
        for (uint b = 0; b < _addresses.length; b++) {
            if (_amounts[b] > 0) {
                balances[_addresses[b]] += _amounts[b];
                Transfer(msg.sender, _addresses[b], _amounts[b]);
            }
        }
        return true;
    }
}

Output Formatting requirement:
{
    ""output_list"": [
        {
            ""function_name"": ""<function_name_1>"",
            ""auditor_idx"": 1,
            ""vulnerability"": ""<short_vulnera_desc_1>"",
            ""criticism"": ""<criticism for reasoning and explanation for scoring>"",
            ""correctness"": <0~9>,
            ""severity"": <0~9>,
            ""profitability"": <0~9>,
        },
        {
            ""function_name"": ""<function_name_2>"",
            ""auditor_idx"": 1,
            ""vulnerability"": ""<short_vulnera_desc_2>"",
            ""criticism"": ""<criticism for reasoning and explanation for scoring>"",
            ""correctness"": <0~9>,
            ""severity"": <0~9>,
            ""profitability"": <0~9>,
        }
    ]
}"
2018-14002,"Requirement: Below vulnerabilities and reasoning for the code are likely to contain mistakes. As a harsh vulnerability critic, your duty is to scrutinize the function and evaluate the correctness, severity, and profitability of the given vulnerabilities and associated reasoning with corresponding scores ranging from 0 (lowest) to 9 (highest). You also need to provide criticism, which must include explanations for your scoring. Make your criticism detailed and concise (within 1-3 sentences), don't assign the same score for different vulnerabilities. In your output, make sure the auditor index is 2.

Vulnerability: {
    ""function_name"": ""transferFrom"",
    ""code"": ""function transferFrom(address from, address to, uint256 value) public returns (bool) {...}"",
    ""vulnerability"": ""Integer Overflow"",
    ""reason"": ""The 'transferFrom' function allows users to transfer any amount of tokens from others, which can be exploited to overflow the user's balance, allowing attackers to steal funds.""
}
Code: pragma solidity ^0.4.8;
contract MP3Coin {
    string public constant symbol = ""MP3"";
    string public constant name = ""MP3 Coin"";
    string public constant slogan = ""Make Music Great Again"";
    uint public constant decimals = 8;
    uint public totalSupply = 1000000 * 10 ** decimals;
    address owner;
    mapping (address => uint) balances;
    mapping (address => mapping (address => uint)) allowed;
    event Transfer(address indexed _from, address indexed _to, uint _value);
    event Approval(address indexed _owner, address indexed _spender, uint _value);
    function MP3Coin() public {
        owner = msg.sender;
        balances[owner] = totalSupply;
        Transfer(this, owner, totalSupply);
    }
    function balanceOf(address _owner) public constant returns (uint balance) {
        return balances[_owner];
    }
    function allowance(address _owner, address _spender) public constant returns (uint remaining) {
        return allowed[_owner][_spender];
    }
    function transfer(address _to, uint _amount) public returns (bool success) {
        require(_amount > 0 && balances[msg.sender] >= _amount);
        balances[msg.sender] -= _amount;
        balances[_to] += _amount;
        Transfer(msg.sender, _to, _amount);
        return true;
    }
    function transferFrom(address _from, address _to, uint _amount) public returns (bool success) {
        require(_amount > 0 && balances[_from] >= _amount && allowed[_from][msg.sender] >= _amount);
        balances[_from] -= _amount;
        allowed[_from][msg.sender] -= _amount;
        balances[_to] += _amount;
        Transfer(_from, _to, _amount);
        return true;
    }
    function approve(address _spender, uint _amount) public returns (bool success) {
        allowed[msg.sender][_spender] = _amount;
        Approval(msg.sender, _spender, _amount);
        return true;
    }
    function distribute(address[] _addresses, uint[] _amounts) public returns (bool success) {
        require(_addresses.length < 256 && _addresses.length == _amounts.length);
        uint totalAmount;
        for (uint a = 0; a < _amounts.length; a++) {
            totalAmount += _amounts[a];
        }
        require(totalAmount > 0 && balances[msg.sender] >= totalAmount);
        balances[msg.sender] -= totalAmount;
        for (uint b = 0; b < _addresses.length; b++) {
            if (_amounts[b] > 0) {
                balances[_addresses[b]] += _amounts[b];
                Transfer(msg.sender, _addresses[b], _amounts[b]);
            }
        }
        return true;
    }
}

Output Formatting requirement:
{
    ""output_list"": [
        {
            ""function_name"": ""<function_name_1>"",
            ""auditor_idx"": 2,
            ""vulnerability"": ""<short_vulnera_desc_1>"",
            ""criticism"": ""<criticism for reasoning and explanation for scoring>"",
            ""correctness"": <0~9>,
            ""severity"": <0~9>,
            ""profitability"": <0~9>,
        },
        {
            ""function_name"": ""<function_name_2>"",
            ""auditor_idx"": 2,
            ""vulnerability"": ""<short_vulnera_desc_2>"",
            ""criticism"": ""<criticism for reasoning and explanation for scoring>"",
            ""correctness"": <0~9>,
            ""severity"": <0~9>,
            ""profitability"": <0~9>,
        }
    ]
}"
2018-14002,"Requirement: Below vulnerabilities and reasoning for the code are likely to contain mistakes. As a harsh vulnerability critic, your duty is to scrutinize the function and evaluate the correctness, severity, and profitability of the given vulnerabilities and associated reasoning with corresponding scores ranging from 0 (lowest) to 9 (highest). You also need to provide criticism, which must include explanations for your scoring. Make your criticism detailed and concise (within 1-3 sentences), don't assign the same score for different vulnerabilities. In your output, make sure the auditor index is 3.

Vulnerability: {
    ""function_name"": ""approve"",
    ""code"": ""function approve(address spender, uint256 value) public returns (bool) {...}"",
    ""vulnerability"": ""Integer Overflow"",
    ""reason"": ""The 'approve' function allows users to set allowance for spender, which can be exploited to overflow the allowance, allowing attackers to steal funds.""
}
Code: pragma solidity ^0.4.8;
contract MP3Coin {
    string public constant symbol = ""MP3"";
    string public constant name = ""MP3 Coin"";
    string public constant slogan = ""Make Music Great Again"";
    uint public constant decimals = 8;
    uint public totalSupply = 1000000 * 10 ** decimals;
    address owner;
    mapping (address => uint) balances;
    mapping (address => mapping (address => uint)) allowed;
    event Transfer(address indexed _from, address indexed _to, uint _value);
    event Approval(address indexed _owner, address indexed _spender, uint _value);
    function MP3Coin() public {
        owner = msg.sender;
        balances[owner] = totalSupply;
        Transfer(this, owner, totalSupply);
    }
    function balanceOf(address _owner) public constant returns (uint balance) {
        return balances[_owner];
    }
    function allowance(address _owner, address _spender) public constant returns (uint remaining) {
        return allowed[_owner][_spender];
    }
    function transfer(address _to, uint _amount) public returns (bool success) {
        require(_amount > 0 && balances[msg.sender] >= _amount);
        balances[msg.sender] -= _amount;
        balances[_to] += _amount;
        Transfer(msg.sender, _to, _amount);
        return true;
    }
    function transferFrom(address _from, address _to, uint _amount) public returns (bool success) {
        require(_amount > 0 && balances[_from] >= _amount && allowed[_from][msg.sender] >= _amount);
        balances[_from] -= _amount;
        allowed[_from][msg.sender] -= _amount;
        balances[_to] += _amount;
        Transfer(_from, _to, _amount);
        return true;
    }
    function approve(address _spender, uint _amount) public returns (bool success) {
        allowed[msg.sender][_spender] = _amount;
        Approval(msg.sender, _spender, _amount);
        return true;
    }
    function distribute(address[] _addresses, uint[] _amounts) public returns (bool success) {
        require(_addresses.length < 256 && _addresses.length == _amounts.length);
        uint totalAmount;
        for (uint a = 0; a < _amounts.length; a++) {
            totalAmount += _amounts[a];
        }
        require(totalAmount > 0 && balances[msg.sender] >= totalAmount);
        balances[msg.sender] -= totalAmount;
        for (uint b = 0; b < _addresses.length; b++) {
            if (_amounts[b] > 0) {
                balances[_addresses[b]] += _amounts[b];
                Transfer(msg.sender, _addresses[b], _amounts[b]);
            }
        }
        return true;
    }
}

Output Formatting requirement:
{
    ""output_list"": [
        {
            ""function_name"": ""<function_name_1>"",
            ""auditor_idx"": 3,
            ""vulnerability"": ""<short_vulnera_desc_1>"",
            ""criticism"": ""<criticism for reasoning and explanation for scoring>"",
            ""correctness"": <0~9>,
            ""severity"": <0~9>,
            ""profitability"": <0~9>,
        },
        {
            ""function_name"": ""<function_name_2>"",
            ""auditor_idx"": 3,
            ""vulnerability"": ""<short_vulnera_desc_2>"",
            ""criticism"": ""<criticism for reasoning and explanation for scoring>"",
            ""correctness"": <0~9>,
            ""severity"": <0~9>,
            ""profitability"": <0~9>,
        }
    ]
}"
2018-13144,"Requirement: Below vulnerabilities and reasoning for the code are likely to contain mistakes. As a harsh vulnerability critic, your duty is to scrutinize the function and evaluate the correctness, severity, and profitability of the given vulnerabilities and associated reasoning with corresponding scores ranging from 0 (lowest) to 9 (highest). You also need to provide criticism, which must include explanations for your scoring. Make your criticism detailed and concise (within 1-3 sentences), don't assign the same score for different vulnerabilities. In your output, make sure the auditor index is 0.

Vulnerability: {
    ""function_name"": ""transfer"",
    ""code"": ""function transfer(address recipient, uint256 amount) public {...}"",
    ""vulnerability"": ""Integer Overflow"",
    ""reason"": ""The 'transfer' function does not check for overflow of the recipient's balance, allowing a user to become frozen out in the event of an overflow.""
}
Code: pragma solidity ^0.4.8;
contract Token{
    uint256 public totalSupply;
    function balanceOf(address _owner) constant returns (uint256 balance);
    function transfer(address _to, uint256 _value) returns (bool success);
    function transferFrom(address _from, address _to, uint256 _value) returns   
    (bool success);
    function approve(address _spender, uint256 _value) returns (bool success);
    function allowance(address _owner, address _spender) constant returns 
    (uint256 remaining);
    event Transfer(address indexed _from, address indexed _to, uint256 _value);
    event Approval(address indexed _owner, address indexed _spender, uint256 
    _value);
}
contract StandardToken is Token {
    function transfer(address _to, uint256 _value) returns (bool success) {
        require(balances[msg.sender] >= _value);
        balances[msg.sender] -= _value;
        balances[_to] += _value;
        Transfer(msg.sender, _to, _value);
        return true;
    }
    function transferFrom(address _from, address _to, uint256 _value) returns 
    (bool success) {
        require(balances[_from] >= _value && allowed[_from][msg.sender] >= _value);
        balances[_to] += _value;
        balances[_from] -= _value; 
        allowed[_from][msg.sender] -= _value;
        Transfer(_from, _to, _value);
        return true;
    }
    function balanceOf(address _owner) constant returns (uint256 balance) {
        return balances[_owner];
    }
    function approve(address _spender, uint256 _value) returns (bool success)   
    {
        allowed[msg.sender][_spender] = _value;
        Approval(msg.sender, _spender, _value);
        return true;
    }
    function allowance(address _owner, address _spender) constant returns (uint256 remaining) {
        return allowed[_owner][_spender];
    }
    mapping (address => uint256) balances;
    mapping (address => mapping (address => uint256)) allowed;
}
contract HumanStandardToken is StandardToken { 
    string public name;                   
    uint8 public decimals;               
    string public symbol;               
    string public version = 'H0.1';    
    function HumanStandardToken(uint256 _initialAmount, string _tokenName, uint8 _decimalUnits, string _tokenSymbol) {
        balances[msg.sender] = _initialAmount; 
        totalSupply = _initialAmount;         
        name = _tokenName;                   
        decimals = _decimalUnits;           
        symbol = _tokenSymbol;             
    }
    function approveAndCall(address _spender, uint256 _value, bytes _extraData) returns (bool success) {
        allowed[msg.sender][_spender] = _value;
        Approval(msg.sender, _spender, _value);
        require(_spender.call(bytes4(bytes32(sha3(""receiveApproval(address,uint256,address,bytes)""))), msg.sender, _value, this, _extraData));
        return true;
    }
}

Output Formatting requirement:
{
    ""output_list"": [
        {
            ""function_name"": ""<function_name_1>"",
            ""auditor_idx"": 0,
            ""vulnerability"": ""<short_vulnera_desc_1>"",
            ""criticism"": ""<criticism for reasoning and explanation for scoring>"",
            ""correctness"": <0~9>,
            ""severity"": <0~9>,
            ""profitability"": <0~9>,
        },
        {
            ""function_name"": ""<function_name_2>"",
            ""auditor_idx"": 0,
            ""vulnerability"": ""<short_vulnera_desc_2>"",
            ""criticism"": ""<criticism for reasoning and explanation for scoring>"",
            ""correctness"": <0~9>,
            ""severity"": <0~9>,
            ""profitability"": <0~9>,
        }
    ]
}"
2018-13144,"Requirement: Below vulnerabilities and reasoning for the code are likely to contain mistakes. As a harsh vulnerability critic, your duty is to scrutinize the function and evaluate the correctness, severity, and profitability of the given vulnerabilities and associated reasoning with corresponding scores ranging from 0 (lowest) to 9 (highest). You also need to provide criticism, which must include explanations for your scoring. Make your criticism detailed and concise (within 1-3 sentences), don't assign the same score for different vulnerabilities. In your output, make sure the auditor index is 1.

Vulnerability: {
    ""function_name"": ""transferFrom"",
    ""code"": ""function transferFrom(address sender, address recipient, uint256 amount) public {...}"",
    ""vulnerability"": ""Integer Overflow"",
    ""reason"": ""The 'transferFrom' function does not check for overflow of the recipient's balance, allowing a user to become frozen out in the event of an overflow.""
}
Code: pragma solidity ^0.4.8;
contract Token{
    uint256 public totalSupply;
    function balanceOf(address _owner) constant returns (uint256 balance);
    function transfer(address _to, uint256 _value) returns (bool success);
    function transferFrom(address _from, address _to, uint256 _value) returns   
    (bool success);
    function approve(address _spender, uint256 _value) returns (bool success);
    function allowance(address _owner, address _spender) constant returns 
    (uint256 remaining);
    event Transfer(address indexed _from, address indexed _to, uint256 _value);
    event Approval(address indexed _owner, address indexed _spender, uint256 
    _value);
}
contract StandardToken is Token {
    function transfer(address _to, uint256 _value) returns (bool success) {
        require(balances[msg.sender] >= _value);
        balances[msg.sender] -= _value;
        balances[_to] += _value;
        Transfer(msg.sender, _to, _value);
        return true;
    }
    function transferFrom(address _from, address _to, uint256 _value) returns 
    (bool success) {
        require(balances[_from] >= _value && allowed[_from][msg.sender] >= _value);
        balances[_to] += _value;
        balances[_from] -= _value; 
        allowed[_from][msg.sender] -= _value;
        Transfer(_from, _to, _value);
        return true;
    }
    function balanceOf(address _owner) constant returns (uint256 balance) {
        return balances[_owner];
    }
    function approve(address _spender, uint256 _value) returns (bool success)   
    {
        allowed[msg.sender][_spender] = _value;
        Approval(msg.sender, _spender, _value);
        return true;
    }
    function allowance(address _owner, address _spender) constant returns (uint256 remaining) {
        return allowed[_owner][_spender];
    }
    mapping (address => uint256) balances;
    mapping (address => mapping (address => uint256)) allowed;
}
contract HumanStandardToken is StandardToken { 
    string public name;                   
    uint8 public decimals;               
    string public symbol;               
    string public version = 'H0.1';    
    function HumanStandardToken(uint256 _initialAmount, string _tokenName, uint8 _decimalUnits, string _tokenSymbol) {
        balances[msg.sender] = _initialAmount; 
        totalSupply = _initialAmount;         
        name = _tokenName;                   
        decimals = _decimalUnits;           
        symbol = _tokenSymbol;             
    }
    function approveAndCall(address _spender, uint256 _value, bytes _extraData) returns (bool success) {
        allowed[msg.sender][_spender] = _value;
        Approval(msg.sender, _spender, _value);
        require(_spender.call(bytes4(bytes32(sha3(""receiveApproval(address,uint256,address,bytes)""))), msg.sender, _value, this, _extraData));
        return true;
    }
}

Output Formatting requirement:
{
    ""output_list"": [
        {
            ""function_name"": ""<function_name_1>"",
            ""auditor_idx"": 1,
            ""vulnerability"": ""<short_vulnera_desc_1>"",
            ""criticism"": ""<criticism for reasoning and explanation for scoring>"",
            ""correctness"": <0~9>,
            ""severity"": <0~9>,
            ""profitability"": <0~9>,
        },
        {
            ""function_name"": ""<function_name_2>"",
            ""auditor_idx"": 1,
            ""vulnerability"": ""<short_vulnera_desc_2>"",
            ""criticism"": ""<criticism for reasoning and explanation for scoring>"",
            ""correctness"": <0~9>,
            ""severity"": <0~9>,
            ""profitability"": <0~9>,
        }
    ]
}"
2018-13144,"Requirement: Below vulnerabilities and reasoning for the code are likely to contain mistakes. As a harsh vulnerability critic, your duty is to scrutinize the function and evaluate the correctness, severity, and profitability of the given vulnerabilities and associated reasoning with corresponding scores ranging from 0 (lowest) to 9 (highest). You also need to provide criticism, which must include explanations for your scoring. Make your criticism detailed and concise (within 1-3 sentences), don't assign the same score for different vulnerabilities. In your output, make sure the auditor index is 2.

Vulnerability: {
    ""function_name"": ""approve"",
    ""code"": ""function approve(address spender, uint256 amount) public {...}"",
    ""vulnerability"": ""Integer Overflow"",
    ""reason"": ""The 'approve' function does not check for overflow of the spender's allowance, allowing a user to become frozen out in the event of an overflow.""
}
Code: pragma solidity ^0.4.8;
contract Token{
    uint256 public totalSupply;
    function balanceOf(address _owner) constant returns (uint256 balance);
    function transfer(address _to, uint256 _value) returns (bool success);
    function transferFrom(address _from, address _to, uint256 _value) returns   
    (bool success);
    function approve(address _spender, uint256 _value) returns (bool success);
    function allowance(address _owner, address _spender) constant returns 
    (uint256 remaining);
    event Transfer(address indexed _from, address indexed _to, uint256 _value);
    event Approval(address indexed _owner, address indexed _spender, uint256 
    _value);
}
contract StandardToken is Token {
    function transfer(address _to, uint256 _value) returns (bool success) {
        require(balances[msg.sender] >= _value);
        balances[msg.sender] -= _value;
        balances[_to] += _value;
        Transfer(msg.sender, _to, _value);
        return true;
    }
    function transferFrom(address _from, address _to, uint256 _value) returns 
    (bool success) {
        require(balances[_from] >= _value && allowed[_from][msg.sender] >= _value);
        balances[_to] += _value;
        balances[_from] -= _value; 
        allowed[_from][msg.sender] -= _value;
        Transfer(_from, _to, _value);
        return true;
    }
    function balanceOf(address _owner) constant returns (uint256 balance) {
        return balances[_owner];
    }
    function approve(address _spender, uint256 _value) returns (bool success)   
    {
        allowed[msg.sender][_spender] = _value;
        Approval(msg.sender, _spender, _value);
        return true;
    }
    function allowance(address _owner, address _spender) constant returns (uint256 remaining) {
        return allowed[_owner][_spender];
    }
    mapping (address => uint256) balances;
    mapping (address => mapping (address => uint256)) allowed;
}
contract HumanStandardToken is StandardToken { 
    string public name;                   
    uint8 public decimals;               
    string public symbol;               
    string public version = 'H0.1';    
    function HumanStandardToken(uint256 _initialAmount, string _tokenName, uint8 _decimalUnits, string _tokenSymbol) {
        balances[msg.sender] = _initialAmount; 
        totalSupply = _initialAmount;         
        name = _tokenName;                   
        decimals = _decimalUnits;           
        symbol = _tokenSymbol;             
    }
    function approveAndCall(address _spender, uint256 _value, bytes _extraData) returns (bool success) {
        allowed[msg.sender][_spender] = _value;
        Approval(msg.sender, _spender, _value);
        require(_spender.call(bytes4(bytes32(sha3(""receiveApproval(address,uint256,address,bytes)""))), msg.sender, _value, this, _extraData));
        return true;
    }
}

Output Formatting requirement:
{
    ""output_list"": [
        {
            ""function_name"": ""<function_name_1>"",
            ""auditor_idx"": 2,
            ""vulnerability"": ""<short_vulnera_desc_1>"",
            ""criticism"": ""<criticism for reasoning and explanation for scoring>"",
            ""correctness"": <0~9>,
            ""severity"": <0~9>,
            ""profitability"": <0~9>,
        },
        {
            ""function_name"": ""<function_name_2>"",
            ""auditor_idx"": 2,
            ""vulnerability"": ""<short_vulnera_desc_2>"",
            ""criticism"": ""<criticism for reasoning and explanation for scoring>"",
            ""correctness"": <0~9>,
            ""severity"": <0~9>,
            ""profitability"": <0~9>,
        }
    ]
}"
2018-13144,"Requirement: Below vulnerabilities and reasoning for the code are likely to contain mistakes. As a harsh vulnerability critic, your duty is to scrutinize the function and evaluate the correctness, severity, and profitability of the given vulnerabilities and associated reasoning with corresponding scores ranging from 0 (lowest) to 9 (highest). You also need to provide criticism, which must include explanations for your scoring. Make your criticism detailed and concise (within 1-3 sentences), don't assign the same score for different vulnerabilities. In your output, make sure the auditor index is 3.

Vulnerability: {
    ""function_name"": ""receiveApproval"",
    ""code"": ""function receiveApproval(address _from, uint256 _value, address _tokenContract, bytes _extraData) public {...}"",
    ""vulnerability"": ""Wrong Logic"",
    ""reason"": ""The 'receiveApproval' function is intended to be called by an external contract, but it is not protected against reentrancy, allowing attackers to exploit it.""
}
Code: pragma solidity ^0.4.8;
contract Token{
    uint256 public totalSupply;
    function balanceOf(address _owner) constant returns (uint256 balance);
    function transfer(address _to, uint256 _value) returns (bool success);
    function transferFrom(address _from, address _to, uint256 _value) returns   
    (bool success);
    function approve(address _spender, uint256 _value) returns (bool success);
    function allowance(address _owner, address _spender) constant returns 
    (uint256 remaining);
    event Transfer(address indexed _from, address indexed _to, uint256 _value);
    event Approval(address indexed _owner, address indexed _spender, uint256 
    _value);
}
contract StandardToken is Token {
    function transfer(address _to, uint256 _value) returns (bool success) {
        require(balances[msg.sender] >= _value);
        balances[msg.sender] -= _value;
        balances[_to] += _value;
        Transfer(msg.sender, _to, _value);
        return true;
    }
    function transferFrom(address _from, address _to, uint256 _value) returns 
    (bool success) {
        require(balances[_from] >= _value && allowed[_from][msg.sender] >= _value);
        balances[_to] += _value;
        balances[_from] -= _value; 
        allowed[_from][msg.sender] -= _value;
        Transfer(_from, _to, _value);
        return true;
    }
    function balanceOf(address _owner) constant returns (uint256 balance) {
        return balances[_owner];
    }
    function approve(address _spender, uint256 _value) returns (bool success)   
    {
        allowed[msg.sender][_spender] = _value;
        Approval(msg.sender, _spender, _value);
        return true;
    }
    function allowance(address _owner, address _spender) constant returns (uint256 remaining) {
        return allowed[_owner][_spender];
    }
    mapping (address => uint256) balances;
    mapping (address => mapping (address => uint256)) allowed;
}
contract HumanStandardToken is StandardToken { 
    string public name;                   
    uint8 public decimals;               
    string public symbol;               
    string public version = 'H0.1';    
    function HumanStandardToken(uint256 _initialAmount, string _tokenName, uint8 _decimalUnits, string _tokenSymbol) {
        balances[msg.sender] = _initialAmount; 
        totalSupply = _initialAmount;         
        name = _tokenName;                   
        decimals = _decimalUnits;           
        symbol = _tokenSymbol;             
    }
    function approveAndCall(address _spender, uint256 _value, bytes _extraData) returns (bool success) {
        allowed[msg.sender][_spender] = _value;
        Approval(msg.sender, _spender, _value);
        require(_spender.call(bytes4(bytes32(sha3(""receiveApproval(address,uint256,address,bytes)""))), msg.sender, _value, this, _extraData));
        return true;
    }
}

Output Formatting requirement:
{
    ""output_list"": [
        {
            ""function_name"": ""<function_name_1>"",
            ""auditor_idx"": 3,
            ""vulnerability"": ""<short_vulnera_desc_1>"",
            ""criticism"": ""<criticism for reasoning and explanation for scoring>"",
            ""correctness"": <0~9>,
            ""severity"": <0~9>,
            ""profitability"": <0~9>,
        },
        {
            ""function_name"": ""<function_name_2>"",
            ""auditor_idx"": 3,
            ""vulnerability"": ""<short_vulnera_desc_2>"",
            ""criticism"": ""<criticism for reasoning and explanation for scoring>"",
            ""correctness"": <0~9>,
            ""severity"": <0~9>,
            ""profitability"": <0~9>,
        }
    ]
}"
2018-13144,"Requirement: Below vulnerabilities and reasoning for the code are likely to contain mistakes. As a harsh vulnerability critic, your duty is to scrutinize the function and evaluate the correctness, severity, and profitability of the given vulnerabilities and associated reasoning with corresponding scores ranging from 0 (lowest) to 9 (highest). You also need to provide criticism, which must include explanations for your scoring. Make your criticism detailed and concise (within 1-3 sentences), don't assign the same score for different vulnerabilities. In your output, make sure the auditor index is 4.

Vulnerability: {
    ""function_name"": ""constructor"",
    ""code"": ""constructor() public {...}"",
    ""vulnerability"": ""Typo Constructor"",
    ""reason"": ""The constructor function is misspelled as 'constructor' instead of 'constructor'. This can be bypassed in some environments, allowing attackers to exploit it.""
}
Code: pragma solidity ^0.4.8;
contract Token{
    uint256 public totalSupply;
    function balanceOf(address _owner) constant returns (uint256 balance);
    function transfer(address _to, uint256 _value) returns (bool success);
    function transferFrom(address _from, address _to, uint256 _value) returns   
    (bool success);
    function approve(address _spender, uint256 _value) returns (bool success);
    function allowance(address _owner, address _spender) constant returns 
    (uint256 remaining);
    event Transfer(address indexed _from, address indexed _to, uint256 _value);
    event Approval(address indexed _owner, address indexed _spender, uint256 
    _value);
}
contract StandardToken is Token {
    function transfer(address _to, uint256 _value) returns (bool success) {
        require(balances[msg.sender] >= _value);
        balances[msg.sender] -= _value;
        balances[_to] += _value;
        Transfer(msg.sender, _to, _value);
        return true;
    }
    function transferFrom(address _from, address _to, uint256 _value) returns 
    (bool success) {
        require(balances[_from] >= _value && allowed[_from][msg.sender] >= _value);
        balances[_to] += _value;
        balances[_from] -= _value; 
        allowed[_from][msg.sender] -= _value;
        Transfer(_from, _to, _value);
        return true;
    }
    function balanceOf(address _owner) constant returns (uint256 balance) {
        return balances[_owner];
    }
    function approve(address _spender, uint256 _value) returns (bool success)   
    {
        allowed[msg.sender][_spender] = _value;
        Approval(msg.sender, _spender, _value);
        return true;
    }
    function allowance(address _owner, address _spender) constant returns (uint256 remaining) {
        return allowed[_owner][_spender];
    }
    mapping (address => uint256) balances;
    mapping (address => mapping (address => uint256)) allowed;
}
contract HumanStandardToken is StandardToken { 
    string public name;                   
    uint8 public decimals;               
    string public symbol;               
    string public version = 'H0.1';    
    function HumanStandardToken(uint256 _initialAmount, string _tokenName, uint8 _decimalUnits, string _tokenSymbol) {
        balances[msg.sender] = _initialAmount; 
        totalSupply = _initialAmount;         
        name = _tokenName;                   
        decimals = _decimalUnits;           
        symbol = _tokenSymbol;             
    }
    function approveAndCall(address _spender, uint256 _value, bytes _extraData) returns (bool success) {
        allowed[msg.sender][_spender] = _value;
        Approval(msg.sender, _spender, _value);
        require(_spender.call(bytes4(bytes32(sha3(""receiveApproval(address,uint256,address,bytes)""))), msg.sender, _value, this, _extraData));
        return true;
    }
}

Output Formatting requirement:
{
    ""output_list"": [
        {
            ""function_name"": ""<function_name_1>"",
            ""auditor_idx"": 4,
            ""vulnerability"": ""<short_vulnera_desc_1>"",
            ""criticism"": ""<criticism for reasoning and explanation for scoring>"",
            ""correctness"": <0~9>,
            ""severity"": <0~9>,
            ""profitability"": <0~9>,
        },
        {
            ""function_name"": ""<function_name_2>"",
            ""auditor_idx"": 4,
            ""vulnerability"": ""<short_vulnera_desc_2>"",
            ""criticism"": ""<criticism for reasoning and explanation for scoring>"",
            ""correctness"": <0~9>,
            ""severity"": <0~9>,
            ""profitability"": <0~9>,
        }
    ]
}"
